PicoQuant FluoFit 4.6.5.0
Saved : 5/21/2025 12:47:27 PM

Repeated with correct IRF

Model: Exp. [Reconv.] (Exponential)
Plotted Data Set #0 Decay:
"\..\tryptamine_0p067odat261ex_350em_200uw_50ns_20mins_1938_may20_2025.sdt" (0)
Plotted Data Set #0 IRF:
"\..\irf_261ex_261emt261ex_100uw_2143_nodblexc_05202025_correctcuvetteposition.sdt" (0)
X²(reduced): 0.8238 ; Fitted Data Points: 3766

Data Set #0
     Decay                 IRF                   Model Decay           Residuals
     t[ns]     Intens.     t[ns]     Intens.     t[ns]     Intens.     t[ns]       diff.
    2.2095          1    1.3773          1    2.2095      0.000    2.2095      0.000
    2.2217          0    1.3895          0    2.2217      0.000    2.2217      0.000
    2.2339          0    1.4017          0    2.2339      0.000    2.2339      0.000
    2.2461          0    1.4139          0    2.2461      0.000    2.2461      0.000
    2.2583          0    1.4261          0    2.2583      0.000    2.2583      0.000
    2.2705          0    1.4383          0    2.2705      0.000    2.2705      0.000
    2.2827          0    1.4505          0    2.2827      0.000    2.2827      0.000
    2.2949          0    1.4627          0    2.2949      0.000    2.2949      0.000
    2.3071          0    1.4749          0    2.3071      0.000    2.3071      0.000
    2.3193          0    1.4871          0    2.3193      0.000    2.3193      0.000
    2.3315          0    1.4993          0    2.3315      0.000    2.3315      0.000
    2.3437          0    1.5116          0    2.3437      0.000    2.3437      0.000
    2.3560          0    1.5238          0    2.3560      0.000    2.3560      0.000
    2.3682          0    1.5360          0    2.3682      0.000    2.3682      0.000
    2.3804          0    1.5482          0    2.3804      0.000    2.3804      0.000
    2.3926          0    1.5604          0    2.3926      0.000    2.3926      0.000
    2.4048          0    1.5726          0    2.4048      0.000    2.4048      0.000
    2.4170          0    1.5848          0    2.4170      0.000    2.4170      0.000
    2.4292          0    1.5970          0    2.4292      0.000    2.4292      0.000
    2.4414          0    1.6092          0    2.4414      0.000    2.4414      0.000
    2.4536          0    1.6214          0    2.4536      0.000    2.4536      0.000
    2.4658          0    1.6336          0    2.4658      0.000    2.4658      0.000
    2.4780          0    1.6458          0    2.4780      0.000    2.4780      0.000
    2.4902          0    1.6580          0    2.4902      0.000    2.4902      0.000
    2.5024          0    1.6702          0    2.5024      0.000    2.5024      0.000
    2.5146          0    1.6824          0    2.5146      0.000    2.5146      0.000
    2.5269          0    1.6947          0    2.5269      0.000    2.5269      0.000
    2.5391          0    1.7069          0    2.5391      0.000    2.5391      0.000
    2.5513          0    1.7191          0    2.5513      0.000    2.5513      0.000
    2.5635          1    1.7313          0    2.5635      0.000    2.5635      0.000
    2.5757          0    1.7435          0    2.5757      0.000    2.5757      0.000
    2.5879          0    1.7557          0    2.5879      0.000    2.5879      0.000
    2.6001          0    1.7679          0    2.6001      0.000    2.6001      0.000
    2.6123          0    1.7801          0    2.6123      0.000    2.6123      0.000
    2.6245          0    1.7923          0    2.6245      0.000    2.6245      0.000
    2.6367          0    1.8045          0    2.6367      0.000    2.6367      0.000
    2.6489          0    1.8167          0    2.6489      0.000    2.6489      0.000
    2.6611          0    1.8289          0    2.6611      0.000    2.6611      0.000
    2.6733          0    1.8411          0    2.6733      0.000    2.6733      0.000
    2.6855          0    1.8533          0    2.6855      0.000    2.6855      0.000
    2.6978          0    1.8656          0    2.6978      0.000    2.6978      0.000
    2.7100          0    1.8778          0    2.7100      0.000    2.7100      0.000
    2.7222          0    1.8900          0    2.7222      0.000    2.7222      0.000
    2.7344          0    1.9022          0    2.7344      0.000    2.7344      0.000
    2.7466          0    1.9144          0    2.7466      0.000    2.7466      0.000
    2.7588          0    1.9266          0    2.7588      0.000    2.7588      0.000
    2.7710          0    1.9388          0    2.7710      0.000    2.7710      0.000
    2.7832          0    1.9510          0    2.7832      0.000    2.7832      0.000
    2.7954          0    1.9632          0    2.7954      0.000    2.7954      0.000
    2.8076          0    1.9754          0    2.8076      0.000    2.8076      0.000
    2.8198          0    1.9876          0    2.8198      0.000    2.8198      0.000
    2.8320          0    1.9998          0    2.8320      0.000    2.8320      0.000
    2.8442          0    2.0120          0    2.8442      0.000    2.8442      0.000
    2.8564          1    2.0242          0    2.8564      0.000    2.8564      0.000
    2.8687          0    2.0365          0    2.8687      0.000    2.8687      0.000
    2.8809          1    2.0487          0    2.8809      0.000    2.8809      0.000
    2.8931          0    2.0609          0    2.8931      0.000    2.8931      0.000
    2.9053          0    2.0731          0    2.9053      0.000    2.9053      0.000
    2.9175          0    2.0853          0    2.9175      0.000    2.9175      0.000
    2.9297          0    2.0975          0    2.9297      0.000    2.9297      0.000
    2.9419          0    2.1097          0    2.9419      0.000    2.9419      0.000
    2.9541          0    2.1219          0    2.9541      0.000    2.9541      0.000
    2.9663          0    2.1341          0    2.9663      0.000    2.9663      0.000
    2.9785          0    2.1463          0    2.9785      0.000    2.9785      0.000
    2.9907          0    2.1585          0    2.9907      0.000    2.9907      0.000
    3.0029          0    2.1707          0    3.0029      0.000    3.0029      0.000
    3.0151          0    2.1829          0    3.0151      0.000    3.0151      0.000
    3.0273          0    2.1951          0    3.0273      0.000    3.0273      0.000
    3.0396          0    2.2074          0    3.0396      0.000    3.0396      0.000
    3.0518          0    2.2196          0    3.0518      0.000    3.0518      0.000
    3.0640          0    2.2318          0    3.0640      0.000    3.0640      0.000
    3.0762          0    2.2440          0    3.0762      0.000    3.0762      0.000
    3.0884          0    2.2562          0    3.0884      0.000    3.0884      0.000
    3.1006          0    2.2684          0    3.1006      0.000    3.1006      0.000
    3.1128          0    2.2806          1    3.1128      0.000    3.1128      0.000
    3.1250          0    2.2928          0    3.1250      0.000    3.1250      0.000
    3.1372          1    2.3050          1    3.1372      0.000    3.1372      0.000
    3.1494          0    2.3172          0    3.1494      0.000    3.1494      0.000
    3.1616          0    2.3294          0    3.1616      0.000    3.1616      0.000
    3.1738          0    2.3416          0    3.1738      0.000    3.1738      0.000
    3.1860          0    2.3538          0    3.1860      0.000    3.1860      0.000
    3.1982          0    2.3660          0    3.1982      0.000    3.1982      0.000
    3.2104          0    2.3783          0    3.2104      0.000    3.2104      0.000
    3.2227          0    2.3905          0    3.2227      0.000    3.2227      0.000
    3.2349          1    2.4027          0    3.2349      0.000    3.2349      0.000
    3.2471          0    2.4149          0    3.2471      0.000    3.2471      0.000
    3.2593          0    2.4271          0    3.2593      0.000    3.2593      0.000
    3.2715          0    2.4393          0    3.2715      0.000    3.2715      0.000
    3.2837          0    2.4515          0    3.2837      0.000    3.2837      0.000
    3.2959          1    2.4637          0    3.2959      0.000    3.2959      0.000
    3.3081          0    2.4759          0    3.3081      0.000    3.3081      0.000
    3.3203          0    2.4881          0    3.3203      0.000    3.3203      0.000
    3.3325          0    2.5003          0    3.3325      0.000    3.3325      0.000
    3.3447          0    2.5125          0    3.3447      0.000    3.3447      0.000
    3.3569          0    2.5247          0    3.3569      0.000    3.3569      0.000
    3.3691          0    2.5369          0    3.3691      0.000    3.3691      0.000
    3.3813          0    2.5491          0    3.3813      0.000    3.3813      0.000
    3.3936          0    2.5614          0    3.3936      0.000    3.3936      0.000
    3.4058          0    2.5736          0    3.4058      0.000    3.4058      0.000
    3.4180          0    2.5858          0    3.4180      0.000    3.4180      0.000
    3.4302          0    2.5980          0    3.4302      0.000    3.4302      0.000
    3.4424          0    2.6102          0    3.4424      0.000    3.4424      0.000
    3.4546          0    2.6224          0    3.4546      0.000    3.4546      0.000
    3.4668          0    2.6346          0    3.4668      0.000    3.4668      0.000
    3.4790          0    2.6468          0    3.4790      0.000    3.4790      0.000
    3.4912          0    2.6590          0    3.4912      0.000    3.4912      0.000
    3.5034          0    2.6712          0    3.5034      0.000    3.5034      0.000
    3.5156          0    2.6834          0    3.5156      0.000    3.5156      0.000
    3.5278          0    2.6956          0    3.5278      0.000    3.5278      0.000
    3.5400          0    2.7078          0    3.5400      0.000    3.5400      0.000
    3.5522          0    2.7200          0    3.5522      0.000    3.5522      0.000
    3.5645          0    2.7323          0    3.5645      0.000    3.5645      0.000
    3.5767          0    2.7445          0    3.5767      0.000    3.5767      0.000
    3.5889          0    2.7567          0    3.5889      0.000    3.5889      0.000
    3.6011          0    2.7689          0    3.6011      0.000    3.6011      0.000
    3.6133          0    2.7811          0    3.6133      0.000    3.6133      0.000
    3.6255          0    2.7933          0    3.6255      0.000    3.6255      0.000
    3.6377          0    2.8055          0    3.6377      0.000    3.6377      0.000
    3.6499          0    2.8177          0    3.6499      0.000    3.6499      0.000
    3.6621          0    2.8299          0    3.6621      0.000    3.6621      0.000
    3.6743          0    2.8421          1    3.6743      0.000    3.6743      0.000
    3.6865          0    2.8543          0    3.6865      0.000    3.6865      0.000
    3.6987          0    2.8665          0    3.6987      0.000    3.6987      0.000
    3.7109          0    2.8787          0    3.7109      0.000    3.7109      0.000
    3.7231          0    2.8909          0    3.7231      0.000    3.7231      0.000
    3.7354          0    2.9032          0    3.7354      0.000    3.7354      0.000
    3.7476          0    2.9154          0    3.7476      0.000    3.7476      0.000
    3.7598          0    2.9276          0    3.7598      0.000    3.7598      0.000
    3.7720          0    2.9398          0    3.7720      0.000    3.7720      0.000
    3.7842          0    2.9520          0    3.7842      0.000    3.7842      0.000
    3.7964          0    2.9642          0    3.7964      0.000    3.7964      0.000
    3.8086          0    2.9764          0    3.8086      0.000    3.8086      0.000
    3.8208          0    2.9886          0    3.8208      0.000    3.8208      0.000
    3.8330          0    3.0008          0    3.8330      0.000    3.8330      0.000
    3.8452          0    3.0130          0    3.8452      0.000    3.8452      0.000
    3.8574          0    3.0252          0    3.8574      0.000    3.8574      0.000
    3.8696          0    3.0374          0    3.8696      0.000    3.8696      0.000
    3.8818          0    3.0496          0    3.8818      0.000    3.8818      0.000
    3.8940          0    3.0618          0    3.8940      0.000    3.8940      0.000
    3.9062          1    3.0741          0    3.9062      0.000    3.9062      0.000
    3.9185          0    3.0863          0    3.9185      0.000    3.9185      0.000
    3.9307          0    3.0985          0    3.9307      0.000    3.9307      0.000
    3.9429          0    3.1107          0    3.9429      0.000    3.9429      0.000
    3.9551          0    3.1229          0    3.9551      0.000    3.9551      0.000
    3.9673          0    3.1351          0    3.9673      0.000    3.9673      0.000
    3.9795          0    3.1473          0    3.9795      0.000    3.9795      0.000
    3.9917          0    3.1595          0    3.9917      0.000    3.9917      0.000
    4.0039          0    3.1717          0    4.0039      0.000    4.0039      0.000
    4.0161          0    3.1839          0    4.0161      0.000    4.0161      0.000
    4.0283          0    3.1961          0    4.0283      0.000    4.0283      0.000
    4.0405          0    3.2083          0    4.0405      0.000    4.0405      0.000
    4.0527          0    3.2205          0    4.0527      0.000    4.0527      0.000
    4.0649          0    3.2327          0    4.0649      0.000    4.0649      0.000
    4.0771          0    3.2449          0    4.0771      0.000    4.0771      0.000
    4.0894          0    3.2572          0    4.0894      0.000    4.0894      0.000
    4.1016          0    3.2694          0    4.1016      0.000    4.1016      0.000
    4.1138          0    3.2816          0    4.1138      0.000    4.1138      0.000
    4.1260          0    3.2938          0    4.1260      0.000    4.1260      0.000
    4.1382          0    3.3060          0    4.1382      0.000    4.1382      0.000
    4.1504          0    3.3182          0    4.1504      0.000    4.1504      0.000
    4.1626          0    3.3304          0    4.1626      0.000    4.1626      0.000
    4.1748          0    3.3426          0    4.1748      0.000    4.1748      0.000
    4.1870          0    3.3548          0    4.1870      0.000    4.1870      0.000
    4.1992          0    3.3670          0    4.1992      0.000    4.1992      0.000
    4.2114          0    3.3792          0    4.2114      0.000    4.2114      0.000
    4.2236          0    3.3914          0    4.2236      0.000    4.2236      0.000
    4.2358          0    3.4036          0    4.2358      0.000    4.2358      0.000
    4.2480          1    3.4158          0    4.2480      0.000    4.2480      0.698
    4.2603          0    3.4281          0    4.2603      0.000    4.2603      0.000
    4.2725          0    3.4403          0    4.2725      0.000    4.2725      0.000
    4.2847          0    3.4525          0    4.2847      0.000    4.2847      0.000
    4.2969          1    3.4647          0    4.2969      0.000    4.2969      0.698
    4.3091          0    3.4769          0    4.3091      0.000    4.3091      0.000
    4.3213          0    3.4891          0    4.3213      0.000    4.3213      0.000
    4.3335          0    3.5013          0    4.3335      0.000    4.3335      0.000
    4.3457          0    3.5135          0    4.3457      0.000    4.3457      0.000
    4.3579          0    3.5257          0    4.3579      0.000    4.3579      0.000
    4.3701          0    3.5379          0    4.3701      0.000    4.3701      0.000
    4.3823          0    3.5501          0    4.3823      0.000    4.3823      0.000
    4.3945          0    3.5623          0    4.3945      0.000    4.3945      0.000
    4.4067          0    3.5745          0    4.4067      0.000    4.4067      0.000
    4.4189          0    3.5867          0    4.4189      0.000    4.4189      0.000
    4.4312          0    3.5990          0    4.4312      0.000    4.4312      0.000
    4.4434          0    3.6112          0    4.4434      0.000    4.4434      0.000
    4.4556          0    3.6234          1    4.4556      0.000    4.4556      0.000
    4.4678          0    3.6356          0    4.4678      0.000    4.4678      0.000
    4.4800          0    3.6478          0    4.4800      0.000    4.4800      0.000
    4.4922          0    3.6600          0    4.4922      0.000    4.4922      0.000
    4.5044          0    3.6722          0    4.5044      0.000    4.5044      0.000
    4.5166          0    3.6844          0    4.5166      0.000    4.5166      0.000
    4.5288          0    3.6966          0    4.5288      0.000    4.5288      0.000
    4.5410          0    3.7088          0    4.5410      0.000    4.5410      0.000
    4.5532          0    3.7210          0    4.5532      0.000    4.5532      0.000
    4.5654          0    3.7332          0    4.5654      0.000    4.5654      0.000
    4.5776          0    3.7454          0    4.5776      0.000    4.5776      0.000
    4.5898          0    3.7576          0    4.5898      0.000    4.5898      0.000
    4.6021          0    3.7699          0    4.6021      0.004    4.6021     -0.003
    4.6143          0    3.7821          0    4.6143      0.028    4.6143     -0.020
    4.6265          0    3.7943          0    4.6265      0.083    4.6265     -0.060
    4.6387          0    3.8065          0    4.6387      0.198    4.6387     -0.144
    4.6509          0    3.8187          0    4.6509      0.272    4.6509     -0.198
    4.6631          0    3.8309          0    4.6631      0.312    4.6631     -0.227
    4.6753          0    3.8431          0    4.6753      0.346    4.6753     -0.251
    4.6875          0    3.8553          0    4.6875      0.345    4.6875     -0.251
    4.6997          0    3.8675          0    4.6997      0.344    4.6997     -0.250
    4.7119          0    3.8797          0    4.7119      0.343    4.7119     -0.250
    4.7241          0    3.8919          1    4.7241      0.346    4.7241     -0.252
    4.7363          0    3.9041          0    4.7363      0.373    4.7363     -0.271
    4.7485          0    3.9163          0    4.7485      0.437    4.7485     -0.318
    4.7607          0    3.9285          0    4.7607      0.603    4.7607     -0.439
    4.7729          0    3.9408          0    4.7729      1.771    4.7729     -1.288
    4.7852          2    3.9530          0    4.7852      8.058    4.7852     -3.504
    4.7974         23    3.9652          0    4.7974     32.719    4.7974     -1.944
    4.8096        108    3.9774          0    4.8096    107.906    4.8096      0.009
    4.8218        283    3.9896          0    4.8218    269.274    4.8218      0.813
    4.8340        551    4.0018          0    4.8340    511.789    4.8340      1.667
    4.8462        836    4.0140          0    4.8462    770.333    4.8462      2.268
    4.8584       1003    4.0262          0    4.8584    976.274    4.8584      0.844
    4.8706       1165    4.0384          0    4.8706   1113.102    4.8706      1.521
    4.8828       1262    4.0506          0    4.8828   1201.461    4.8828      1.704
    4.8950       1281    4.0628          0    4.8950   1262.215    4.8950      0.525
    4.9072       1378    4.0750          0    4.9072   1306.727    4.9072      1.920
    4.9194       1343    4.0872          0    4.9194   1336.209    4.9194      0.185
    4.9316       1370    4.0994          0    4.9316   1355.501    4.9316      0.392
    4.9438       1396    4.1116          0    4.9438   1369.955    4.9438      0.697
    4.9561       1407    4.1239          0    4.9561   1379.824    4.9561      0.724
    4.9683       1423    4.1361          0    4.9683   1388.318    4.9683      0.919
    4.9805       1370    4.1483          0    4.9805   1395.136    4.9805     -0.679
    4.9927       1421    4.1605          0    4.9927   1400.020    4.9927      0.557
    5.0049       1412    4.1727          0    5.0049   1403.776    5.0049      0.219
    5.0171       1398    4.1849          0    5.0171   1407.394    5.0171     -0.251
    5.0293       1440    4.1971          0    5.0293   1410.710    5.0293      0.772
    5.0415       1384    4.2093          0    5.0415   1413.830    5.0415     -0.802
    5.0537       1435    4.2215          0    5.0537   1417.585    5.0537      0.460
    5.0659       1419    4.2337          0    5.0659   1420.594    5.0659     -0.042
    5.0781       1382    4.2459          0    5.0781   1423.674    5.0781     -1.121
    5.0903       1437    4.2581          0    5.0903   1427.451    5.0903      0.252
    5.1025       1422    4.2703          0    5.1025   1431.712    5.1025     -0.258
    5.1147       1423    4.2825          1    5.1147   1436.242    5.1147     -0.351
    5.1270       1477    4.2948          0    5.1270   1441.250    5.1270      0.930
    5.1392       1487    4.3070          0    5.1392   1446.004    5.1392      1.063
    5.1514       1445    4.3192          0    5.1514   1450.410    5.1514     -0.142
    5.1636       1357    4.3314          0    5.1636   1454.862    5.1636     -2.657
    5.1758       1447    4.3436          0    5.1758   1459.166    5.1758     -0.320
    5.1880       1437    4.3558          0    5.1880   1463.518    5.1880     -0.700
    5.2002       1464    4.3680          0    5.2002   1468.119    5.2002     -0.108
    5.2124       1460    4.3802          0    5.2124   1472.155    5.2124     -0.318
    5.2246       1523    4.3924          1    5.2246   1475.673    5.2246      1.213
    5.2368       1509    4.4046          0    5.2368   1478.918    5.2368      0.774
    5.2490       1489    4.4168          0    5.2490   1481.615    5.2490      0.191
    5.2612       1473    4.4290          0    5.2612   1484.004    5.2612     -0.287
    5.2734       1485    4.4412          0    5.2734   1486.703    5.2734     -0.044
    5.2856       1505    4.4534          0    5.2856   1488.579    5.2856      0.423
    5.2979       1514    4.4657          0    5.2979   1490.296    5.2979      0.609
    5.3101       1475    4.4779          0    5.3101   1490.918    5.3101     -0.414
    5.3223       1438    4.4901          0    5.3223   1490.817    5.3223     -1.393
    5.3345       1503    4.5023          0    5.3345   1489.703    5.3345      0.343
    5.3467       1483    4.5145          0    5.3467   1488.210    5.3467     -0.135
    5.3589       1471    4.5267          0    5.3589   1486.436    5.3589     -0.402
    5.3711       1508    4.5389          0    5.3711   1484.662    5.3711      0.601
    5.3833       1520    4.5511          0    5.3833   1482.808    5.3833      0.954
    5.3955       1497    4.5633          0    5.3955   1481.007    5.3955      0.413
    5.4077       1509    4.5755          0    5.4077   1478.981    5.4077      0.773
    5.4199       1504    4.5877          0    5.4199   1476.683    5.4199      0.704
    5.4321       1439    4.5999          0    5.4321   1474.461    5.4321     -0.935
    5.4443       1432    4.6121          1    5.4443   1472.279    5.4443     -1.064
    5.4565       1498    4.6243          2    5.4565   1469.784    5.4565      0.729
    5.4687       1462    4.6366          6    5.4687   1467.354    5.4687     -0.140
    5.4810       1450    4.6488          4    5.4810   1465.097    5.4810     -0.396
    5.4932       1468    4.6610          2    5.4932   1462.643    5.4932      0.140
    5.5054       1453    4.6732          2    5.5054   1460.033    5.5054     -0.185
    5.5176       1471    4.6854          0    5.5176   1457.370    5.5176      0.355
    5.5298       1466    4.6976          0    5.5298   1454.666    5.5298      0.296
    5.5420       1567    4.7098          0    5.5420   1451.942    5.5420      2.907
    5.5542       1426    4.7220          0    5.5542   1449.378    5.5542     -0.619
    5.5664       1470    4.7342          1    5.5664   1446.628    5.5664      0.610
    5.5786       1408    4.7464          3    5.5786   1444.108    5.5786     -0.962
    5.5908       1365    4.7586          4    5.5908   1441.561    5.5908     -2.072
    5.6030       1427    4.7708         28    5.6030   1438.804    5.6030     -0.312
    5.6152       1363    4.7830        196    5.6152   1436.144    5.6152     -1.981
    5.6274       1389    4.7952        839    5.6274   1433.457    5.6274     -1.193
    5.6396       1411    4.8074       2958    5.6396   1430.843    5.6396     -0.528
    5.6519       1379    4.8197       7120    5.6519   1428.132    5.6519     -1.323
    5.6641       1362    4.8319      11635    5.6641   1425.335    5.6641     -1.716
    5.6763       1451    4.8441      13107    5.6763   1422.500    5.6763      0.748
    5.6885       1428    4.8563      10769    5.6885   1419.643    5.6885      0.221
    5.7007       1398    4.8685       7240    5.7007   1416.864    5.7007     -0.505
    5.7129       1443    4.8807       4695    5.7129   1413.978    5.7129      0.764
    5.7251       1349    4.8929       3239    5.7251   1411.178    5.7251     -1.693
    5.7373       1362    4.9051       2447    5.7373   1408.272    5.7373     -1.254
    5.7495       1405    4.9173       1679    5.7495   1405.337    5.7495     -0.009
    5.7617       1376    4.9295       1128    5.7617   1402.471    5.7617     -0.714
    5.7739       1453    4.9417        898    5.7739   1399.592    5.7739      1.401
    5.7861       1401    4.9539        642    5.7861   1396.691    5.7861      0.115
    5.7983       1442    4.9661        578    5.7983   1393.743    5.7983      1.271
    5.8105       1406    4.9783        501    5.8105   1390.781    5.8105      0.406
    5.8228       1390    4.9906        401    5.8228   1387.815    5.8228      0.059
    5.8350       1415    5.0028        336    5.8350   1384.883    5.8350      0.801
    5.8472       1347    5.0150        331    5.8472   1381.934    5.8472     -0.952
    5.8594       1378    5.0272        318    5.8594   1379.028    5.8594     -0.028
    5.8716       1402    5.0394        297    5.8716   1376.068    5.8716      0.693
    5.8838       1452    5.0516        344    5.8838   1373.145    5.8838      2.069
    5.8960       1392    5.0638        301    5.8960   1370.201    5.8960      0.584
    5.9082       1380    5.0760        298    5.9082   1367.213    5.9082      0.344
    5.9204       1333    5.0882        334    5.9204   1364.231    5.9204     -0.855
    5.9326       1407    5.1004        361    5.9326   1361.273    5.9326      1.219
    5.9448       1389    5.1126        371    5.9448   1358.400    5.9448      0.821
    5.9570       1398    5.1248        402    5.9570   1355.492    5.9570      1.137
    5.9692       1427    5.1370        392    5.9692   1352.556    5.9692      1.971
    5.9814       1388    5.1492        371    5.9814   1349.638    5.9814      1.030
    5.9937       1344    5.1615        376    5.9937   1346.770    5.9937     -0.076
    6.0059       1391    5.1737        368    6.0059   1343.867    6.0059      1.264
    6.0181       1282    5.1859        367    6.0181   1340.937    6.0181     -1.646
    6.0303       1376    5.1981        388    6.0303   1338.024    6.0303      1.024
    6.0425       1298    5.2103        361    6.0425   1335.154    6.0425     -1.031
    6.0547       1341    5.2225        333    6.0547   1332.229    6.0547      0.240
    6.0669       1324    5.2347        323    6.0669   1329.338    6.0669     -0.147
    6.0791       1317    5.2469        296    6.0791   1326.430    6.0791     -0.260
    6.0913       1345    5.2591        272    6.0913   1323.576    6.0913      0.584
    6.1035       1340    5.2713        301    6.1035   1320.704    6.1035      0.527
    6.1157       1359    5.2835        252    6.1157   1317.801    6.1157      1.118
    6.1279       1300    5.2957        255    6.1279   1314.894    6.1279     -0.413
    6.1401       1282    5.3079        197    6.1401   1312.025    6.1401     -0.839
    6.1523       1316    5.3201        166    6.1523   1309.145    6.1523      0.189
    6.1646       1336    5.3324        110    6.1646   1306.271    6.1646      0.813
    6.1768       1259    5.3446         91    6.1768   1303.403    6.1768     -1.251
    6.1890       1270    5.3568         74    6.1890   1300.549    6.1890     -0.857
    6.2012       1278    5.3690         75    6.2012   1297.731    6.2012     -0.552
    6.2134       1293    5.3812         69    6.2134   1294.907    6.2134     -0.053
    6.2256       1345    5.3934         74    6.2256   1292.098    6.2256      1.442
    6.2378       1306    5.4056         64    6.2378   1289.262    6.2378      0.463
    6.2500       1294    5.4178         47    6.2500   1286.432    6.2500      0.210
    6.2622       1304    5.4300         50    6.2622   1283.619    6.2622      0.564
    6.2744       1273    5.4422         56    6.2744   1280.856    6.2744     -0.220
    6.2866       1303    5.4544         37    6.2866   1278.068    6.2866      0.691
    6.2988       1300    5.4666         38    6.2988   1275.297    6.2988      0.685
    6.3110       1313    5.4788         50    6.3110   1272.501    6.3110      1.118
    6.3232       1268    5.4910         40    6.3232   1269.722    6.3232     -0.048
    6.3354       1326    5.5033         31    6.3354   1266.925    6.3354      1.622
    6.3477       1236    5.5155         28    6.3477   1264.175    6.3477     -0.801
    6.3599       1287    5.5277         26    6.3599   1261.384    6.3599      0.714
    6.3721       1311    5.5399         22    6.3721   1258.619    6.3721      1.447
    6.3843       1193    5.5521         34    6.3843   1255.877    6.3843     -1.820
    6.3965       1254    5.5643         20    6.3965   1253.134    6.3965      0.024
    6.4087       1257    5.5765         33    6.4087   1250.364    6.4087      0.187
    6.4209       1233    5.5887         34    6.4209   1247.599    6.4209     -0.416
    6.4331       1252    5.6009         20    6.4331   1244.841    6.4331      0.202
    6.4453       1227    5.6131         26    6.4453   1242.089    6.4453     -0.431
    6.4575       1169    5.6253         23    6.4575   1239.350    6.4575     -2.058
    6.4697       1255    5.6375         28    6.4697   1236.644    6.4697      0.518
    6.4819       1228    5.6497         23    6.4819   1233.910    6.4819     -0.169
    6.4941       1241    5.6619         18    6.4941   1231.182    6.4941      0.279
    6.5063       1211    5.6741         16    6.5063   1228.460    6.5063     -0.502
    6.5186       1214    5.6864         13    6.5186   1225.744    6.5186     -0.337
    6.5308       1158    5.6986         19    6.5308   1223.034    6.5308     -1.911
    6.5430       1248    5.7108         11    6.5430   1220.333    6.5430      0.783
    6.5552       1228    5.7230         17    6.5552   1217.652    6.5552      0.295
    6.5674       1175    5.7352         11    6.5674   1214.960    6.5674     -1.166
    6.5796       1281    5.7474          8    6.5796   1212.274    6.5796      1.920
    6.5918       1209    5.7596         12    6.5918   1209.594    6.5918     -0.017
    6.6040       1174    5.7718         11    6.6040   1206.920    6.6040     -0.961
    6.6162       1236    5.7840         10    6.6162   1204.251    6.6162      0.903
    6.6284       1208    5.7962          7    6.6284   1201.589    6.6284      0.184
    6.6406       1239    5.8084          6    6.6406   1198.932    6.6406      1.138
    6.6528       1138    5.8206          5    6.6528   1196.282    6.6528     -1.728
    6.6650       1237    5.8328          7    6.6650   1193.637    6.6650      1.233
    6.6772       1225    5.8450          5    6.6772   1190.998    6.6772      0.971
    6.6895       1163    5.8573          8    6.6895   1188.368    6.6895     -0.744
    6.7017       1196    5.8695          4    6.7017   1185.762    6.7017      0.296
    6.7139       1221    5.8817          6    6.7139   1183.157    6.7139      1.083
    6.7261       1130    5.8939          5    6.7261   1180.541    6.7261     -1.504
    6.7383       1200    5.9061          2    6.7383   1177.931    6.7383      0.637
    6.7505       1230    5.9183          2    6.7505   1175.327    6.7505      1.559
    6.7627       1249    5.9305          2    6.7627   1172.728    6.7627      2.158
    6.7749       1168    5.9427          7    6.7749   1170.136    6.7749     -0.062
    6.7871       1202    5.9549          5    6.7871   1167.549    6.7871      0.994
    6.7993       1136    5.9671          3    6.7993   1164.967    6.7993     -0.859
    6.8115       1132    5.9793          3    6.8115   1162.392    6.8115     -0.903
    6.8237       1161    5.9915          6    6.8237   1159.822    6.8237      0.035
    6.8359       1123    6.0037          4    6.8359   1157.258    6.8359     -1.022
    6.8481       1139    6.0159          2    6.8481   1154.703    6.8481     -0.465
    6.8604       1170    6.0282          2    6.8604   1152.167    6.8604      0.521
    6.8726       1186    6.0404          5    6.8726   1149.619    6.8726      1.056
    6.8848       1153    6.0526          1    6.8848   1147.078    6.8848      0.174
    6.8970       1141    6.0648          3    6.8970   1144.542    6.8970     -0.105
    6.9092       1181    6.0770          1    6.9092   1142.011    6.9092      1.135
    6.9214       1197    6.0892          4    6.9214   1139.487    6.9214      1.662
    6.9336       1125    6.1014          3    6.9336   1136.967    6.9336     -0.357
    6.9458       1172    6.1136          1    6.9458   1134.457    6.9458      1.097
    6.9580       1157    6.1258          0    6.9580   1131.966    6.9580      0.736
    6.9702       1113    6.1380          2    6.9702   1129.463    6.9702     -0.493
    6.9824       1073    6.1502          1    6.9824   1126.970    6.9824     -1.648
    6.9946       1119    6.1624          1    6.9946   1124.495    6.9946     -0.164
    7.0068       1145    6.1746          1    7.0068   1122.009    7.0068      0.679
    7.0190       1094    6.1868          1    7.0190   1119.529    7.0190     -0.772
    7.0313       1083    6.1991          3    7.0313   1117.053    7.0313     -1.035
    7.0435       1155    6.2113          2    7.0435   1114.584    7.0435      1.189
    7.0557       1162    6.2235          3    7.0557   1112.120    7.0557      1.463
    7.0679       1068    6.2357          1    7.0679   1109.661    7.0679     -1.275
    7.0801       1116    6.2479          1    7.0801   1107.208    7.0801      0.263
    7.0923       1091    6.2601          1    7.0923   1104.760    7.0923     -0.417
    7.1045       1085    6.2723          4    7.1045   1102.317    7.1045     -0.526
    7.1167       1080    6.2845          2    7.1167   1099.880    7.1167     -0.605
    7.1289       1079    6.2967          3    7.1289   1097.449    7.1289     -0.562
    7.1411       1112    6.3089          1    7.1411   1095.022    7.1411      0.509
    7.1533       1059    6.3211          2    7.1533   1092.601    7.1533     -1.033
    7.1655       1092    6.3333          0    7.1655   1090.186    7.1655      0.055
    7.1777       1144    6.3455          3    7.1777   1087.776    7.1777      1.662
    7.1899       1099    6.3577          0    7.1899   1085.371    7.1899      0.411
    7.2021       1044    6.3699          1    7.2021   1082.971    7.2021     -1.206
    7.2144       1106    6.3822          2    7.2144   1080.580    7.2144      0.764
    7.2266       1133    6.3944          2    7.2266   1078.212    7.2266      1.628
    7.2388       1089    6.4066          0    7.2388   1075.845    7.2388      0.399
    7.2510       1083    6.4188          0    7.2510   1073.466    7.2510      0.290
    7.2632       1030    6.4310          0    7.2632   1071.093    7.2632     -1.280
    7.2754       1082    6.4432          0    7.2754   1068.725    7.2754      0.404
    7.2876       1065    6.4554          0    7.2876   1066.362    7.2876     -0.042
    7.2998       1050    6.4676          2    7.2998   1064.005    7.2998     -0.432
    7.3120       1093    6.4798          0    7.3120   1061.652    7.3120      0.948
    7.3242       1051    6.4920          0    7.3242   1059.305    7.3242     -0.256
    7.3364       1110    6.5042          0    7.3364   1056.963    7.3364      1.592
    7.3486       1039    6.5164          0    7.3486   1054.626    7.3486     -0.485
    7.3608       1013    6.5286          0    7.3608   1052.295    7.3608     -1.235
    7.3730       1052    6.5408          0    7.3730   1049.968    7.3730      0.063
    7.3853       1015    6.5531          1    7.3853   1047.647    7.3853     -1.025
    7.3975       1030    6.5653          0    7.3975   1045.331    7.3975     -0.478
    7.4097       1027    6.5775          0    7.4097   1043.020    7.4097     -0.500
    7.4219       1029    6.5897          0    7.4219   1040.714    7.4219     -0.365
    7.4341        985    6.6019          0    7.4341   1038.413    7.4341     -1.700
    7.4463       1001    6.6141          0    7.4463   1036.117    7.4463     -1.110
    7.4585       1071    6.6263          0    7.4585   1033.827    7.4585      1.136
    7.4707       1044    6.6385          0    7.4707   1031.541    7.4707      0.386
    7.4829       1053    6.6507          0    7.4829   1029.260    7.4829      0.732
    7.4951       1042    6.6629          0    7.4951   1026.985    7.4951      0.465
    7.5073       1061    6.6751          0    7.5073   1024.714    7.5073      1.114
    7.5195       1034    6.6873          0    7.5195   1022.449    7.5195      0.359
    7.5317       1002    6.6995          1    7.5317   1020.188    7.5317     -0.575
    7.5439       1013    6.7117          1    7.5439   1017.933    7.5439     -0.155
    7.5562       1054    6.7240          0    7.5562   1015.682    7.5562      1.180
    7.5684        929    6.7362          0    7.5684   1013.437    7.5684     -2.767
    7.5806        976    6.7484          0    7.5806   1011.196    7.5806     -1.125
    7.5928        945    6.7606          0    7.5928   1008.961    7.5928     -2.078
    7.6050        968    6.7728          0    7.6050   1006.730    7.6050     -1.244
    7.6172        952    6.7850          0    7.6172   1004.504    7.6172     -1.700
    7.6294       1050    6.7972          0    7.6294   1002.284    7.6294      1.473
    7.6416        988    6.8094          0    7.6416   1000.068    7.6416     -0.384
    7.6538       1006    6.8216          0    7.6538    997.857    7.6538      0.257
    7.6660       1016    6.8338          0    7.6660    995.651    7.6660      0.638
    7.6782        985    6.8460          0    7.6782    993.449    7.6782     -0.269
    7.6904       1010    6.8582          1    7.6904    991.253    7.6904      0.590
    7.7026        994    6.8704          0    7.7026    989.061    7.7026      0.156
    7.7148       1006    6.8826          0    7.7148    986.875    7.7148      0.603
    7.7271        950    6.8949          0    7.7271    984.693    7.7271     -1.124
    7.7393       1006    6.9071          0    7.7393    982.516    7.7393      0.740
    7.7515        977    6.9193          0    7.7515    980.344    7.7515     -0.107
    7.7637        918    6.9315          0    7.7637    978.176    7.7637     -1.984
    7.7759        975    6.9437          0    7.7759    976.014    7.7759     -0.032
    7.7881        917    6.9559          1    7.7881    973.856    7.7881     -1.876
    7.8003        975    6.9681          0    7.8003    971.703    7.8003      0.105
    7.8125        964    6.9803          0    7.8125    969.555    7.8125     -0.179
    7.8247        962    6.9925          1    7.8247    967.411    7.8247     -0.174
    7.8369        904    7.0047          0    7.8369    965.272    7.8369     -2.036
    7.8491        954    7.0169          0    7.8491    963.138    7.8491     -0.296
    7.8613        959    7.0291          0    7.8613    961.009    7.8613     -0.065
    7.8735        930    7.0413          0    7.8735    958.884    7.8735     -0.946
    7.8857        922    7.0535          0    7.8857    956.764    7.8857     -1.144
    7.8979        971    7.0658          0    7.8979    954.649    7.8979      0.524
    7.9102        957    7.0780          0    7.9102    952.538    7.9102      0.144
    7.9224        907    7.0902          0    7.9224    950.432    7.9224     -1.441
    7.9346        938    7.1024          0    7.9346    948.331    7.9346     -0.337
    7.9468        932    7.1146          0    7.9468    946.234    7.9468     -0.466
    7.9590        933    7.1268          0    7.9590    944.143    7.9590     -0.364
    7.9712        974    7.1390          0    7.9712    942.055    7.9712      1.023
    7.9834        952    7.1512          0    7.9834    939.972    7.9834      0.389
    7.9956        976    7.1634          0    7.9956    937.894    7.9956      1.218
    8.0078        945    7.1756          0    8.0078    935.821    8.0078      0.298
    8.0200        919    7.1878          0    8.0200    933.752    8.0200     -0.486
    8.0322        892    7.2000          0    8.0322    931.687    8.0322     -1.327
    8.0444        911    7.2122          0    8.0444    929.628    8.0444     -0.616
    8.0566        953    7.2244          1    8.0566    927.572    8.0566      0.823
    8.0688        905    7.2366          1    8.0688    925.522    8.0688     -0.681
    8.0811        960    7.2489          0    8.0811    923.475    8.0811      1.178
    8.0933        908    7.2611          0    8.0933    921.434    8.0933     -0.445
    8.1055        979    7.2733          0    8.1055    919.396    8.1055      1.903
    8.1177        894    7.2855          0    8.1177    917.364    8.1177     -0.781
    8.1299        950    7.2977          0    8.1299    915.336    8.1299      1.123
    8.1421        917    7.3099          0    8.1421    913.312    8.1421      0.122
    8.1543        823    7.3221          0    8.1543    911.293    8.1543     -3.074
    8.1665        879    7.3343          0    8.1665    909.278    8.1665     -1.020
    8.1787        891    7.3465          0    8.1787    907.268    8.1787     -0.544
    8.1909        880    7.3587          0    8.1909    905.262    8.1909     -0.851
    8.2031        948    7.3709          0    8.2031    903.261    8.2031      1.452
    8.2153        902    7.3831          0    8.2153    901.264    8.2153      0.024
    8.2275        864    7.3953          0    8.2275    899.271    8.2275     -1.199
    8.2397        885    7.4075          0    8.2397    897.283    8.2397     -0.412
    8.2520        924    7.4198          0    8.2520    895.299    8.2520      0.943
    8.2642        859    7.4320          0    8.2642    893.320    8.2642     -1.170
    8.2764        892    7.4442          0    8.2764    891.345    8.2764      0.022
    8.2886        944    7.4564          0    8.2886    889.374    8.2886      1.776
    8.3008        897    7.4686          1    8.3008    887.408    8.3008      0.320
    8.3130        901    7.4808          0    8.3130    885.446    8.3130      0.518
    8.3252        864    7.4930          0    8.3252    883.488    8.3252     -0.662
    8.3374        912    7.5052          0    8.3374    881.535    8.3374      1.008
    8.3496        856    7.5174          0    8.3496    879.586    8.3496     -0.805
    8.3618        915    7.5296          0    8.3618    877.642    8.3618      1.234
    8.3740        893    7.5418          0    8.3740    875.701    8.3740      0.578
    8.3862        920    7.5540          0    8.3862    873.765    8.3862      1.523
    8.3984        903    7.5662          0    8.3984    871.833    8.3984      1.036
    8.4106        875    7.5784          0    8.4106    869.906    8.4106      0.172
    8.4229        864    7.5907          0    8.4229    867.983    8.4229     -0.135
    8.4351        843    7.6029          0    8.4351    866.064    8.4351     -0.793
    8.4473        889    7.6151          0    8.4473    864.149    8.4473      0.833
    8.4595        837    7.6273          0    8.4595    862.238    8.4595     -0.871
    8.4717        844    7.6395          0    8.4717    860.332    8.4717     -0.562
    8.4839        893    7.6517          0    8.4839    858.430    8.4839      1.156
    8.4961        850    7.6639          0    8.4961    856.532    8.4961     -0.224
    8.5083        795    7.6761          0    8.5083    854.638    8.5083     -2.113
    8.5205        853    7.6883          0    8.5205    852.749    8.5205      0.009
    8.5327        839    7.7005          0    8.5327    850.864    8.5327     -0.409
    8.5449        853    7.7127          0    8.5449    848.982    8.5449      0.137
    8.5571        837    7.7249          0    8.5571    847.106    8.5571     -0.349
    8.5693        763    7.7371          0    8.5693    845.233    8.5693     -2.973
    8.5815        870    7.7493          0    8.5815    843.364    8.5815      0.902
    8.5938        798    7.7616          0    8.5938    841.499    8.5938     -1.538
    8.6060        844    7.7738          0    8.6060    839.639    8.6060      0.150
    8.6182        824    7.7860          0    8.6182    837.783    8.6182     -0.480
    8.6304        876    7.7982          0    8.6304    835.930    8.6304      1.352
    8.6426        785    7.8104          0    8.6426    834.082    8.6426     -1.750
    8.6548        821    7.8226          0    8.6548    832.238    8.6548     -0.392
    8.6670        816    7.8348          0    8.6670    830.398    8.6670     -0.503
    8.6792        742    7.8470          1    8.6792    828.562    8.6792     -3.174
    8.6914        809    7.8592          0    8.6914    826.731    8.6914     -0.623
    8.7036        798    7.8714          0    8.7036    824.903    8.7036     -0.951
    8.7158        796    7.8836          0    8.7158    823.079    8.7158     -0.959
    8.7280        765    7.8958          0    8.7280    821.259    8.7280     -2.031
    8.7402        805    7.9080          0    8.7402    819.444    8.7402     -0.508
    8.7524        832    7.9202          0    8.7524    817.632    8.7524      0.498
    8.7646        809    7.9324          1    8.7646    815.824    8.7646     -0.240
    8.7769        841    7.9447          0    8.7769    814.021    8.7769      0.929
    8.7891        796    7.9569          0    8.7891    812.221    8.7891     -0.574
    8.8013        819    7.9691          0    8.8013    810.425    8.8013      0.299
    8.8135        772    7.9813          0    8.8135    808.634    8.8135     -1.317
    8.8257        803    7.9935          0    8.8257    806.846    8.8257     -0.136
    8.8379        797    8.0057          0    8.8379    805.062    8.8379     -0.285
    8.8501        763    8.0179          0    8.8501    803.282    8.8501     -1.456
    8.8623        759    8.0301          0    8.8623    801.506    8.8623     -1.541
    8.8745        768    8.0423          0    8.8745    799.734    8.8745     -1.144
    8.8867        798    8.0545          0    8.8867    797.966    8.8867      0.001
    8.8989        775    8.0667          0    8.8989    796.202    8.8989     -0.761
    8.9111        800    8.0789          0    8.9111    794.442    8.9111      0.196
    8.9233        786    8.0911          0    8.9233    792.685    8.9233     -0.238
    8.9355        788    8.1033          0    8.9355    790.933    8.9355     -0.104
    8.9478        792    8.1156          0    8.9478    789.184    8.9478      0.100
    8.9600        744    8.1278          0    8.9600    787.439    8.9600     -1.590
    8.9722        743    8.1400          2    8.9722    785.698    8.9722     -1.564
    8.9844        817    8.1522          0    8.9844    783.961    8.9844      1.154
    8.9966        783    8.1644          1    8.9966    782.228    8.9966      0.028
    9.0088        755    8.1766          0    9.0088    780.499    9.0088     -0.927
    9.0210        777    8.1888          0    9.0210    778.773    9.0210     -0.064
    9.0332        808    8.2010          0    9.0332    777.051    9.0332      1.087
    9.0454        799    8.2132          0    9.0454    775.333    9.0454      0.836
    9.0576        751    8.2254          0    9.0576    773.619    9.0576     -0.824
    9.0698        790    8.2376          0    9.0698    771.909    9.0698      0.643
    9.0820        766    8.2498          0    9.0820    770.202    9.0820     -0.152
    9.0942        750    8.2620          0    9.0942    768.500    9.0942     -0.675
    9.1064        745    8.2742          0    9.1064    766.800    9.1064     -0.798
    9.1187        757    8.2865          0    9.1187    765.105    9.1187     -0.294
    9.1309        814    8.2987          0    9.1309    763.414    9.1309      1.771
    9.1431        749    8.3109          0    9.1431    761.726    9.1431     -0.464
    9.1553        793    8.3231          0    9.1553    760.042    9.1553      1.169
    9.1675        737    8.3353          0    9.1675    758.361    9.1675     -0.786
    9.1797        741    8.3475          0    9.1797    756.685    9.1797     -0.575
    9.1919        759    8.3597          0    9.1919    755.012    9.1919      0.145
    9.2041        769    8.3719          0    9.2041    753.343    9.2041      0.564
    9.2163        740    8.3841          0    9.2163    751.677    9.2163     -0.429
    9.2285        747    8.3963          0    9.2285    750.015    9.2285     -0.110
    9.2407        761    8.4085          0    9.2407    748.357    9.2407      0.458
    9.2529        744    8.4207          0    9.2529    746.703    9.2529     -0.099
    9.2651        752    8.4329          0    9.2651    745.052    9.2651      0.253
    9.2773        786    8.4451          0    9.2773    743.404    9.2773      1.517
    9.2896        756    8.4574          0    9.2896    741.761    9.2896      0.517
    9.3018        737    8.4696          0    9.3018    740.121    9.3018     -0.115
    9.3140        737    8.4818          0    9.3140    738.485    9.3140     -0.055
    9.3262        715    8.4940          0    9.3262    736.852    9.3262     -0.816
    9.3384        724    8.5062          0    9.3384    735.223    9.3384     -0.417
    9.3506        748    8.5184          0    9.3506    733.597    9.3506      0.526
    9.3628        741    8.5306          0    9.3628    731.975    9.3628      0.331
    9.3750        700    8.5428          0    9.3750    730.357    9.3750     -1.146
    9.3872        724    8.5550          0    9.3872    728.742    9.3872     -0.176
    9.3994        723    8.5672          0    9.3994    727.131    9.3994     -0.153
    9.4116        710    8.5794          0    9.4116    725.524    9.4116     -0.582
    9.4238        725    8.5916          0    9.4238    723.920    9.4238      0.040
    9.4360        723    8.6038          0    9.4360    722.319    9.4360      0.025
    9.4482        729    8.6160          0    9.4482    720.722    9.4482      0.306
    9.4604        704    8.6283          0    9.4604    719.129    9.4604     -0.569
    9.4727        719    8.6405          0    9.4727    717.539    9.4727      0.054
    9.4849        671    8.6527          0    9.4849    715.953    9.4849     -1.733
    9.4971        730    8.6649          0    9.4971    714.370    9.4971      0.578
    9.5093        725    8.6771          0    9.5093    712.790    9.5093      0.453
    9.5215        672    8.6893          0    9.5215    711.215    9.5215     -1.510
    9.5337        734    8.7015          0    9.5337    709.642    9.5337      0.898
    9.5459        701    8.7137          0    9.5459    708.073    9.5459     -0.267
    9.5581        687    8.7259          0    9.5581    706.508    9.5581     -0.743
    9.5703        690    8.7381          0    9.5703    704.946    9.5703     -0.568
    9.5825        763    8.7503          0    9.5825    703.387    9.5825      2.155
    9.5947        741    8.7625          0    9.5947    701.832    9.5947      1.437
    9.6069        657    8.7747          0    9.6069    700.281    9.6069     -1.686
    9.6191        668    8.7869          0    9.6191    698.732    9.6191     -1.187
    9.6313        680    8.7991          0    9.6313    697.188    9.6313     -0.658
    9.6436        721    8.8114          0    9.6436    695.646    9.6436      0.943
    9.6558        673    8.8236          0    9.6558    694.108    9.6558     -0.812
    9.6680        704    8.8358          0    9.6680    692.574    9.6680      0.430
    9.6802        692    8.8480          0    9.6802    691.042    9.6802      0.036
    9.6924        689    8.8602          0    9.6924    689.515    9.6924     -0.020
    9.7046        678    8.8724          0    9.7046    687.990    9.7046     -0.383
    9.7168        735    8.8846          0    9.7168    686.469    9.7168      1.788
    9.7290        687    8.8968          0    9.7290    684.952    9.7290      0.078
    9.7412        677    8.9090          0    9.7412    683.437    9.7412     -0.247
    9.7534        682    8.9212          0    9.7534    681.926    9.7534      0.003
    9.7656        717    8.9334          0    9.7656    680.419    9.7656      1.364
    9.7778        676    8.9456          1    9.7778    678.914    9.7778     -0.112
    9.7900        655    8.9578          0    9.7900    677.413    9.7900     -0.874
    9.8022        651    8.9700          0    9.8022    675.916    9.8022     -0.975
    9.8145        676    8.9823          0    9.8145    674.421    9.8145      0.061
    9.8267        628    8.9945          0    9.8267    672.930    9.8267     -1.790
    9.8389        680    9.0067          0    9.8389    671.443    9.8389      0.328
    9.8511        702    9.0189          0    9.8511    669.958    9.8511      1.208
    9.8633        678    9.0311          0    9.8633    668.477    9.8633      0.365
    9.8755        658    9.0433          0    9.8755    666.999    9.8755     -0.350
    9.8877        645    9.0555          0    9.8877    665.524    9.8877     -0.807
    9.8999        671    9.0677          0    9.8999    664.053    9.8999      0.268
    9.9121        639    9.0799          0    9.9121    662.585    9.9121     -0.932
    9.9243        611    9.0921          0    9.9243    661.120    9.9243     -2.024
    9.9365        654    9.1043          0    9.9365    659.658    9.9365     -0.221
    9.9487        620    9.1165          0    9.9487    658.200    9.9487     -1.532
    9.9609        647    9.1287          0    9.9609    656.745    9.9609     -0.383
    9.9731        668    9.1409          1    9.9731    655.293    9.9731      0.491
    9.9854        616    9.1532          0    9.9854    653.844    9.9854     -1.522
    9.9976        639    9.1654          1    9.9976    652.398    9.9976     -0.529
   10.0098        675    9.1776          0   10.0098    650.956   10.0098      0.924
   10.0220        636    9.1898          0   10.0220    649.517   10.0220     -0.535
   10.0342        675    9.2020          0   10.0342    648.081   10.0342      1.035
   10.0464        658    9.2142          0   10.0464    646.648   10.0464      0.442
   10.0586        639    9.2264          0   10.0586    645.218   10.0586     -0.246
   10.0708        634    9.2386          0   10.0708    643.792   10.0708     -0.388
   10.0830        658    9.2508          0   10.0830    642.369   10.0830      0.608
   10.0952        640    9.2630          0   10.0952    640.948   10.0952     -0.037
   10.1074        613    9.2752          0   10.1074    639.531   10.1074     -1.070
   10.1196        644    9.2874          0   10.1196    638.117   10.1196      0.231
   10.1318        606    9.2996          0   10.1318    636.707   10.1318     -1.245
   10.1440        669    9.3118          0   10.1440    635.299   10.1440      1.301
   10.1563        631    9.3241          1   10.1563    633.894   10.1563     -0.115
   10.1685        646    9.3363          0   10.1685    632.493   10.1685      0.531
   10.1807        609    9.3485          0   10.1807    631.095   10.1807     -0.894
   10.1929        617    9.3607          0   10.1929    629.699   10.1929     -0.510
   10.2051        631    9.3729          0   10.2051    628.307   10.2051      0.107
   10.2173        609    9.3851          0   10.2173    626.918   10.2173     -0.725
   10.2295        639    9.3973          0   10.2295    625.532   10.2295      0.532
   10.2417        643    9.4095          0   10.2417    624.149   10.2417      0.742
   10.2539        647    9.4217          0   10.2539    622.769   10.2539      0.951
   10.2661        578    9.4339          0   10.2661    621.392   10.2661     -1.802
   10.2783        629    9.4461          0   10.2783    620.019   10.2783      0.358
   10.2905        587    9.4583          1   10.2905    618.648   10.2905     -1.304
   10.3027        633    9.4705          0   10.3027    617.280   10.3027      0.624
   10.3149        633    9.4827          0   10.3149    615.915   10.3149      0.678
   10.3271        594    9.4949          0   10.3271    614.554   10.3271     -0.842
   10.3394        673    9.5072          0   10.3394    613.195   10.3394      2.302
   10.3516        580    9.5194          0   10.3516    611.839   10.3516     -1.320
   10.3638        611    9.5316          0   10.3638    610.487   10.3638      0.021
   10.3760        655    9.5438          0   10.3760    609.137   10.3760      1.789
   10.3882        632    9.5560          0   10.3882    607.790   10.3882      0.962
   10.4004        585    9.5682          0   10.4004    606.446   10.4004     -0.885
   10.4126        592    9.5804          0   10.4126    605.106   10.4126     -0.538
   10.4248        588    9.5926          0   10.4248    603.768   10.4248     -0.649
   10.4370        629    9.6048          1   10.4370    602.433   10.4370      1.058
   10.4492        618    9.6170          0   10.4492    601.101   10.4492      0.679
   10.4614        605    9.6292          0   10.4614    599.772   10.4614      0.212
   10.4736        595    9.6414          0   10.4736    598.446   10.4736     -0.141
   10.4858        617    9.6536          0   10.4858    597.123   10.4858      0.799
   10.4980        579    9.6658          0   10.4980    595.803   10.4980     -0.697
   10.5103        598    9.6781          0   10.5103    594.486   10.5103      0.143
   10.5225        574    9.6903          0   10.5225    593.171   10.5225     -0.799
   10.5347        593    9.7025          1   10.5347    591.860   10.5347      0.047
   10.5469        573    9.7147          0   10.5469    590.552   10.5469     -0.732
   10.5591        635    9.7269          0   10.5591    589.246   10.5591      1.813
   10.5713        632    9.7391          0   10.5713    587.943   10.5713      1.750
   10.5835        533    9.7513          0   10.5835    586.643   10.5835     -2.319
   10.5957        621    9.7635          0   10.5957    585.346   10.5957      1.428
   10.6079        600    9.7757          0   10.6079    584.052   10.6079      0.650
   10.6201        604    9.7879          0   10.6201    582.761   10.6201      0.863
   10.6323        571    9.8001          0   10.6323    581.473   10.6323     -0.438
   10.6445        587    9.8123          0   10.6445    580.187   10.6445      0.281
   10.6567        599    9.8245          0   10.6567    578.904   10.6567      0.820
   10.6689        597    9.8367          0   10.6689    577.624   10.6689      0.792
   10.6812        559    9.8490          0   10.6812    576.347   10.6812     -0.732
   10.6934        565    9.8612          0   10.6934    575.073   10.6934     -0.423
   10.7056        605    9.8734          1   10.7056    573.802   10.7056      1.266
   10.7178        544    9.8856          0   10.7178    572.533   10.7178     -1.221
   10.7300        545    9.8978          0   10.7300    571.267   10.7300     -1.123
   10.7422        586    9.9100          0   10.7422    570.004   10.7422      0.660
   10.7544        583    9.9222          0   10.7544    568.744   10.7544      0.589
   10.7666        550    9.9344          0   10.7666    567.487   10.7666     -0.744
   10.7788        539    9.9466          0   10.7788    566.232   10.7788     -1.171
   10.7910        550    9.9588          0   10.7910    564.980   10.7910     -0.638
   10.8032        569    9.9710          0   10.8032    563.731   10.8032      0.220
   10.8154        571    9.9832          0   10.8154    562.485   10.8154      0.356
   10.8276        598    9.9954          0   10.8276    561.241   10.8276      1.501
   10.8398        582   10.0076          0   10.8398    560.000   10.8398      0.910
   10.8521        588   10.0199          0   10.8521    558.762   10.8521      1.204
   10.8643        585   10.0321          0   10.8643    557.527   10.8643      1.134
   10.8765        543   10.0443          0   10.8765    556.294   10.8765     -0.569
   10.8887        556   10.0565          0   10.8887    555.065   10.8887      0.040
   10.9009        549   10.0687          0   10.9009    553.837   10.9009     -0.206
   10.9131        542   10.0809          0   10.9131    552.613   10.9131     -0.455
   10.9253        528   10.0931          0   10.9253    551.391   10.9253     -1.016
   10.9375        538   10.1053          0   10.9375    550.172   10.9375     -0.524
   10.9497        571   10.1175          0   10.9497    548.956   10.9497      0.921
   10.9619        541   10.1297          0   10.9619    547.742   10.9619     -0.289
   10.9741        570   10.1419          0   10.9741    546.531   10.9741      0.981
   10.9863        558   10.1541          0   10.9863    545.323   10.9863      0.536
   10.9985        510   10.1663          0   10.9985    544.117   10.9985     -1.508
   11.0107        586   10.1785          0   11.0107    542.914   11.0107      1.777
   11.0229        538   10.1908          0   11.0229    541.714   11.0229     -0.160
   11.0352        564   10.2030          0   11.0352    540.516   11.0352      0.987
   11.0474        545   10.2152          0   11.0474    539.321   11.0474      0.243
   11.0596        549   10.2274          0   11.0596    538.129   11.0596      0.463
   11.0718        540   10.2396          0   11.0718    536.939   11.0718      0.131
   11.0840        537   10.2518          0   11.0840    535.752   11.0840      0.054
   11.0962        537   10.2640          0   11.0962    534.568   11.0962      0.105
   11.1084        553   10.2762          0   11.1084    533.386   11.1084      0.833
   11.1206        523   10.2884          0   11.1206    532.207   11.1206     -0.402
   11.1328        555   10.3006          0   11.1328    531.030   11.1328      1.016
   11.1450        519   10.3128          0   11.1450    529.856   11.1450     -0.476
   11.1572        560   10.3250          0   11.1572    528.684   11.1572      1.321
   11.1694        549   10.3372          0   11.1694    527.516   11.1694      0.915
   11.1816        615   10.3494          0   11.1816    526.349   11.1816      3.569
   11.1938        543   10.3616          0   11.1938    525.186   11.1938      0.763
   11.2061        521   10.3739          0   11.2061    524.025   11.2061     -0.132
   11.2183        507   10.3861          0   11.2183    522.866   11.2183     -0.703
   11.2305        541   10.3983          0   11.2305    521.710   11.2305      0.828
   11.2427        538   10.4105          0   11.2427    520.557   11.2427      0.751
   11.2549        494   10.4227          1   11.2549    519.406   11.2549     -1.141
   11.2671        506   10.4349          0   11.2671    518.257   11.2671     -0.544
   11.2793        532   10.4471          0   11.2793    517.112   11.2793      0.644
   11.2915        501   10.4593          0   11.2915    515.968   11.2915     -0.667
   11.3037        522   10.4715          0   11.3037    514.828   11.3037      0.313
   11.3159        559   10.4837          0   11.3159    513.689   11.3159      1.913
   11.3281        451   10.4959          0   11.3281    512.554   11.3281     -2.892
   11.3403        538   10.5081          1   11.3403    511.420   11.3403      1.144
   11.3525        485   10.5203          0   11.3525    510.290   11.3525     -1.146
   11.3647        474   10.5325          0   11.3647    509.162   11.3647     -1.612
   11.3770        540   10.5448          0   11.3770    508.036   11.3770      1.373
   11.3892        502   10.5570          0   11.3892    506.913   11.3892     -0.219
   11.4014        513   10.5692          0   11.4014    505.792   11.4014      0.318
   11.4136        518   10.5814          0   11.4136    504.674   11.4136      0.584
   11.4258        513   10.5936          0   11.4258    503.558   11.4258      0.416
   11.4380        544   10.6058          0   11.4380    502.445   11.4380      1.778
   11.4502        488   10.6180          0   11.4502    501.334   11.4502     -0.602
   11.4624        482   10.6302          0   11.4624    500.226   11.4624     -0.828
   11.4746        503   10.6424          0   11.4746    499.120   11.4746      0.173
   11.4868        481   10.6546          0   11.4868    498.016   11.4868     -0.774
   11.4990        511   10.6668          0   11.4990    496.915   11.4990      0.622
   11.5112        472   10.6790          0   11.5112    495.817   11.5112     -1.094
   11.5234        491   10.6912          0   11.5234    494.720   11.5234     -0.168
   11.5356        534   10.7034          0   11.5356    493.627   11.5356      1.744
   11.5479        487   10.7157          0   11.5479    492.535   11.5479     -0.250
   11.5601        459   10.7279          0   11.5601    491.446   11.5601     -1.511
   11.5723        494   10.7401          0   11.5723    490.360   11.5723      0.163
   11.5845        506   10.7523          0   11.5845    489.276   11.5845      0.742
   11.5967        497   10.7645          0   11.5967    488.194   11.5967      0.394
   11.6089        494   10.7767          0   11.6089    487.115   11.6089      0.309
   11.6211        480   10.7889          0   11.6211    486.038   11.6211     -0.275
   11.6333        495   10.8011          0   11.6333    484.963   11.6333      0.450
   11.6455        484   10.8133          0   11.6455    483.891   11.6455      0.005
   11.6577        480   10.8255          0   11.6577    482.821   11.6577     -0.129
   11.6699        515   10.8377          0   11.6699    481.754   11.6699      1.462
   11.6821        496   10.8499          0   11.6821    480.689   11.6821      0.686
   11.6943        468   10.8621          0   11.6943    479.626   11.6943     -0.536
   11.7065        490   10.8743          0   11.7065    478.565   11.7065      0.516
   11.7188        484   10.8866          0   11.7188    477.507   11.7188      0.295
   11.7310        515   10.8988          0   11.7310    476.452   11.7310      1.695
   11.7432        488   10.9110          0   11.7432    475.398   11.7432      0.569
   11.7554        478   10.9232          1   11.7554    474.347   11.7554      0.167
   11.7676        457   10.9354          0   11.7676    473.299   11.7676     -0.761
   11.7798        474   10.9476          1   11.7798    472.252   11.7798      0.080
   11.7920        492   10.9598          0   11.7920    471.208   11.7920      0.935
   11.8042        506   10.9720          0   11.8042    470.166   11.8042      1.590
   11.8164        494   10.9842          0   11.8164    469.127   11.8164      1.117
   11.8286        482   10.9964          0   11.8286    468.090   11.8286      0.632
   11.8408        481   11.0086          0   11.8408    467.055   11.8408      0.635
   11.8530        441   11.0208          0   11.8530    466.022   11.8530     -1.189
   11.8652        450   11.0330          0   11.8652    464.992   11.8652     -0.705
   11.8774        503   11.0452          1   11.8774    463.964   11.8774      1.737
   11.8896        419   11.0574          0   11.8896    462.938   11.8896     -2.141
   11.9019        461   11.0697          0   11.9019    461.915   11.9019     -0.043
   11.9141        459   11.0819          0   11.9141    460.893   11.9141     -0.088
   11.9263        456   11.0941          0   11.9263    459.875   11.9263     -0.181
   11.9385        451   11.1063          0   11.9385    458.858   11.9385     -0.369
   11.9507        430   11.1185          0   11.9507    457.843   11.9507     -1.340
   11.9629        480   11.1307          0   11.9629    456.831   11.9629      1.055
   11.9751        451   11.1429          0   11.9751    455.821   11.9751     -0.227
   11.9873        440   11.1551          0   11.9873    454.813   11.9873     -0.705
   11.9995        459   11.1673          0   11.9995    453.808   11.9995      0.242
   12.0117        474   11.1795          0   12.0117    452.805   12.0117      0.972
   12.0239        426   11.1917          0   12.0239    451.803   12.0239     -1.247
   12.0361        512   11.2039          0   12.0361    450.805   12.0361      2.699
   12.0483        431   11.2161          0   12.0483    449.808   12.0483     -0.904
   12.0605        466   11.2283          0   12.0605    448.813   12.0605      0.794
   12.0728        446   11.2406          0   12.0728    447.821   12.0728     -0.086
   12.0850        441   11.2528          0   12.0850    446.831   12.0850     -0.277
   12.0972        431   11.2650          0   12.0972    445.843   12.0972     -0.713
   12.1094        432   11.2772          0   12.1094    444.858   12.1094     -0.617
   12.1216        404   11.2894          1   12.1216    443.874   12.1216     -1.979
   12.1338        419   11.3016          0   12.1338    442.893   12.1338     -1.164
   12.1460        435   11.3138          0   12.1460    441.914   12.1460     -0.331
   12.1582        416   11.3260          0   12.1582    440.936   12.1582     -1.220
   12.1704        435   11.3382          0   12.1704    439.962   12.1704     -0.237
   12.1826        450   11.3504          0   12.1826    438.989   12.1826      0.518
   12.1948        443   11.3626          0   12.1948    438.018   12.1948      0.236
   12.2070        442   11.3748          0   12.2070    437.050   12.2070      0.235
   12.2192        393   11.3870          0   12.2192    436.084   12.2192     -2.168
   12.2314        440   11.3992          0   12.2314    435.120   12.2314      0.232
   12.2437        421   11.4115          1   12.2437    434.158   12.2437     -0.640
   12.2559        449   11.4237          0   12.2559    433.198   12.2559      0.744
   12.2681        475   11.4359          0   12.2681    432.240   12.2681      1.958
   12.2803        420   11.4481          0   12.2803    431.284   12.2803     -0.549
   12.2925        412   11.4603          0   12.2925    430.331   12.2925     -0.901
   12.3047        438   11.4725          0   12.3047    429.380   12.3047      0.411
   12.3169        470   11.4847          0   12.3169    428.430   12.3169      1.913
   12.3291        445   11.4969          0   12.3291    427.483   12.3291      0.829
   12.3413        435   11.5091          0   12.3413    426.538   12.3413      0.405
   12.3535        431   11.5213          0   12.3535    425.595   12.3535      0.260
   12.3657        440   11.5335          0   12.3657    424.654   12.3657      0.730
   12.3779        344   11.5457          0   12.3779    423.715   12.3779     -4.286
   12.3901        437   11.5579          0   12.3901    422.778   12.3901      0.679
   12.4023        424   11.5701          0   12.4023    421.844   12.4023      0.104
   12.4146        436   11.5824          0   12.4146    420.911   12.4146      0.721
   12.4268        426   11.5946          0   12.4268    419.980   12.4268      0.291
   12.4390        432   11.6068          0   12.4390    419.052   12.4390      0.622
   12.4512        384   11.6190          0   12.4512    418.125   12.4512     -1.737
   12.4634        392   11.6312          0   12.4634    417.201   12.4634     -1.270
   12.4756        437   11.6434          0   12.4756    416.279   12.4756      0.989
   12.4878        396   11.6556          0   12.4878    415.358   12.4878     -0.970
   12.5000        430   11.6678          0   12.5000    414.440   12.5000      0.749
   12.5122        413   11.6800          0   12.5122    413.524   12.5122     -0.026
   12.5244        413   11.6922          0   12.5244    412.610   12.5244      0.019
   12.5366        404   11.7044          0   12.5366    411.697   12.5366     -0.382
   12.5488        438   11.7166          0   12.5488    410.787   12.5488      1.297
   12.5610        422   11.7288          0   12.5610    409.879   12.5610      0.589
   12.5732        449   11.7410          0   12.5732    408.973   12.5732      1.885
   12.5854        437   11.7533          0   12.5854    408.069   12.5854      1.381
   12.5977        411   11.7655          0   12.5977    407.166   12.5977      0.189
   12.6099        391   11.7777          0   12.6099    406.266   12.6099     -0.770
   12.6221        396   11.7899          0   12.6221    405.368   12.6221     -0.470
   12.6343        379   11.8021          0   12.6343    404.472   12.6343     -1.305
   12.6465        416   11.8143          0   12.6465    403.578   12.6465      0.608
   12.6587        375   11.8265          0   12.6587    402.685   12.6587     -1.426
   12.6709        401   11.8387          0   12.6709    401.795   12.6709     -0.040
   12.6831        399   11.8509          0   12.6831    400.907   12.6831     -0.095
   12.6953        400   11.8631          1   12.6953    400.020   12.6953     -0.001
   12.7075        378   11.8753          0   12.7075    399.136   12.7075     -1.084
   12.7197        394   11.8875          0   12.7197    398.254   12.7197     -0.214
   12.7319        380   11.8997          0   12.7319    397.373   12.7319     -0.889
   12.7441        400   11.9119          0   12.7441    396.495   12.7441      0.175
   12.7563        412   11.9241          0   12.7563    395.618   12.7563      0.805
   12.7686        393   11.9364          0   12.7686    394.743   12.7686     -0.088
   12.7808        375   11.9486          0   12.7808    393.871   12.7808     -0.972
   12.7930        408   11.9608          0   12.7930    393.000   12.7930      0.741
   12.8052        415   11.9730          0   12.8052    392.131   12.8052      1.120
   12.8174        409   11.9852          0   12.8174    391.264   12.8174      0.875
   12.8296        384   11.9974          0   12.8296    390.399   12.8296     -0.326
   12.8418        370   12.0096          0   12.8418    389.536   12.8418     -1.013
   12.8540        414   12.0218          0   12.8540    388.675   12.8540      1.242
   12.8662        384   12.0340          0   12.8662    387.815   12.8662     -0.194
   12.8784        390   12.0462          1   12.8784    386.958   12.8784      0.154
   12.8906        390   12.0584          1   12.8906    386.102   12.8906      0.197
   12.9028        414   12.0706          0   12.9028    385.249   12.9028      1.410
   12.9150        375   12.0828          0   12.9150    384.397   12.9150     -0.484
   12.9272        366   12.0950          0   12.9272    383.547   12.9272     -0.915
   12.9395        398   12.1073          0   12.9395    382.699   12.9395      0.765
   12.9517        406   12.1195          0   12.9517    381.853   12.9517      1.195
   12.9639        372   12.1317          0   12.9639    381.009   12.9639     -0.466
   12.9761        397   12.1439          0   12.9761    380.167   12.9761      0.843
   12.9883        403   12.1561          0   12.9883    379.326   12.9883      1.176
   13.0005        399   12.1683          0   13.0005    378.487   13.0005      1.024
   13.0127        358   12.1805          0   13.0127    377.651   13.0127     -1.036
   13.0249        420   12.1927          0   13.0249    376.816   13.0249      2.102
   13.0371        379   12.2049          0   13.0371    375.983   13.0371      0.155
   13.0493        375   12.2171          0   13.0493    375.151   13.0493     -0.008
   13.0615        387   12.2293          0   13.0615    374.322   13.0615      0.643
   13.0737        389   12.2415          0   13.0737    373.494   13.0737      0.784
   13.0859        345   12.2537          0   13.0859    372.669   13.0859     -1.485
   13.0981        392   12.2659          1   13.0981    371.845   13.0981      1.015
   13.1104        384   12.2782          0   13.1104    371.023   13.1104      0.661
   13.1226        348   12.2904          0   13.1226    370.202   13.1226     -1.187
   13.1348        378   12.3026          0   13.1348    369.384   13.1348      0.442
   13.1470        400   12.3148          1   13.1470    368.567   13.1470      1.568
   13.1592        381   12.3270          0   13.1592    367.752   13.1592      0.677
   13.1714        382   12.3392          0   13.1714    366.939   13.1714      0.769
   13.1836        365   12.3514          0   13.1836    366.128   13.1836     -0.059
   13.1958        329   12.3636          0   13.1958    365.319   13.1958     -1.996
   13.2080        373   12.3758          0   13.2080    364.511   13.2080      0.438
   13.2202        378   12.3880          0   13.2202    363.705   13.2202      0.733
   13.2324        354   12.4002          0   13.2324    362.901   13.2324     -0.472
   13.2446        352   12.4124          0   13.2446    362.099   13.2446     -0.537
   13.2568        344   12.4246          0   13.2568    361.298   13.2568     -0.930
   13.2690        336   12.4368          0   13.2690    360.499   13.2690     -1.333
   13.2813        358   12.4491          0   13.2813    359.702   13.2813     -0.090
   13.2935        336   12.4613          0   13.2935    358.907   13.2935     -1.246
   13.3057        359   12.4735          0   13.3057    358.114   13.3057      0.047
   13.3179        348   12.4857          0   13.3179    357.322   13.3179     -0.498
   13.3301        381   12.4979          0   13.3301    356.532   13.3301      1.250
   13.3423        335   12.5101          0   13.3423    355.744   13.3423     -1.130
   13.3545        351   12.5223          0   13.3545    354.957   13.3545     -0.211
   13.3667        359   12.5345          0   13.3667    354.172   13.3667      0.254
   13.3789        374   12.5467          0   13.3789    353.389   13.3789      1.063
   13.3911        334   12.5589          0   13.3911    352.608   13.3911     -1.015
   13.4033        380   12.5711          0   13.4033    351.829   13.4033      1.441
   13.4155        354   12.5833          0   13.4155    351.051   13.4155      0.156
   13.4277        358   12.5955          0   13.4277    350.275   13.4277      0.407
   13.4399        350   12.6077          0   13.4399    349.500   13.4399      0.027
   13.4521        326   12.6199          0   13.4521    348.728   13.4521     -1.255
   13.4644        345   12.6322          0   13.4644    347.957   13.4644     -0.159
   13.4766        353   12.6444          0   13.4766    347.187   13.4766      0.309
   13.4888        335   12.6566          0   13.4888    346.420   13.4888     -0.622
   13.5010        359   12.6688          0   13.5010    345.654   13.5010      0.702
   13.5132        327   12.6810          0   13.5132    344.890   13.5132     -0.986
   13.5254        356   12.6932          1   13.5254    344.127   13.5254      0.627
   13.5376        316   12.7054          0   13.5376    343.366   13.5376     -1.535
   13.5498        339   12.7176          0   13.5498    342.607   13.5498     -0.195
   13.5620        350   12.7298          0   13.5620    341.850   13.5620      0.434
   13.5742        318   12.7420          0   13.5742    341.094   13.5742     -1.291
   13.5864        340   12.7542          0   13.5864    340.340   13.5864     -0.018
   13.5986        362   12.7664          0   13.5986    339.587   13.5986      1.175
   13.6108        360   12.7786          0   13.6108    338.837   13.6108      1.112
   13.6230        342   12.7908          0   13.6230    338.087   13.6230      0.211
   13.6353        356   12.8031          0   13.6353    337.340   13.6353      0.986
   13.6475        311   12.8153          0   13.6475    336.594   13.6475     -1.447
   13.6597        338   12.8275          0   13.6597    335.850   13.6597      0.117
   13.6719        347   12.8397          0   13.6719    335.108   13.6719      0.637
   13.6841        329   12.8519          0   13.6841    334.367   13.6841     -0.295
   13.6963        303   12.8641          1   13.6963    333.627   13.6963     -1.754
   13.7085        368   12.8763          0   13.7085    332.890   13.7085      1.825
   13.7207        342   12.8885          0   13.7207    332.154   13.7207      0.531
   13.7329        360   12.9007          0   13.7329    331.419   13.7329      1.502
   13.7451        357   12.9129          0   13.7451    330.687   13.7451      1.389
   13.7573        326   12.9251          0   13.7573    329.956   13.7573     -0.218
   13.7695        361   12.9373          0   13.7695    329.226   13.7695      1.668
   13.7817        308   12.9495          0   13.7817    328.498   13.7817     -1.164
   13.7939        341   12.9617          0   13.7939    327.772   13.7939      0.714
   13.8062        323   12.9740          0   13.8062    327.047   13.8062     -0.225
   13.8184        318   12.9862          0   13.8184    326.324   13.8184     -0.465
   13.8306        318   12.9984          0   13.8306    325.603   13.8306     -0.425
   13.8428        314   13.0106          0   13.8428    324.883   13.8428     -0.612
   13.8550        327   13.0228          0   13.8550    324.165   13.8550      0.156
   13.8672        291   13.0350          0   13.8672    323.448   13.8672     -1.896
   13.8794        324   13.0472          0   13.8794    322.733   13.8794      0.070
   13.8916        315   13.0594          0   13.8916    322.019   13.8916     -0.394
   13.9038        373   13.0716          0   13.9038    321.308   13.9038      2.669
   13.9160        324   13.0838          0   13.9160    320.597   13.9160      0.188
   13.9282        317   13.0960          0   13.9282    319.888   13.9282     -0.162
   13.9404        315   13.1082          0   13.9404    319.181   13.9404     -0.235
   13.9526        309   13.1204          0   13.9526    318.475   13.9526     -0.537
   13.9648        321   13.1326          0   13.9648    317.771   13.9648      0.180
   13.9771        294   13.1449          0   13.9771    317.069   13.9771     -1.341
   13.9893        310   13.1571          0   13.9893    316.368   13.9893     -0.360
   14.0015        319   13.1693          0   14.0015    315.668   14.0015      0.186
   14.0137        272   13.1815          0   14.0137    314.971   14.0137     -2.596
   14.0259        302   13.1937          0   14.0259    314.274   14.0259     -0.704
   14.0381        304   13.2059          0   14.0381    313.579   14.0381     -0.548
   14.0503        317   13.2181          0   14.0503    312.886   14.0503      0.230
   14.0625        347   13.2303          0   14.0625    312.194   14.0625      1.863
   14.0747        313   13.2425          0   14.0747    311.504   14.0747      0.084
   14.0869        313   13.2547          0   14.0869    310.815   14.0869      0.123
   14.0991        306   13.2669          0   14.0991    310.128   14.0991     -0.235
   14.1113        322   13.2791          0   14.1113    309.443   14.1113      0.698
   14.1235        269   13.2913          0   14.1235    308.758   14.1235     -2.415
   14.1357        281   13.3035          0   14.1357    308.076   14.1357     -1.609
   14.1479        323   13.3158          0   14.1479    307.395   14.1479      0.866
   14.1602        325   13.3280          0   14.1602    306.715   14.1602      1.011
   14.1724        340   13.3402          0   14.1724    306.037   14.1724      1.837
   14.1846        290   13.3524          0   14.1846    305.360   14.1846     -0.899
   14.1968        321   13.3646          0   14.1968    304.685   14.1968      0.908
   14.2090        272   13.3768          0   14.2090    304.012   14.2090     -1.934
   14.2212        300   13.3890          0   14.2212    303.340   14.2212     -0.192
   14.2334        301   13.4012          0   14.2334    302.669   14.2334     -0.096
   14.2456        321   13.4134          0   14.2456    302.000   14.2456      1.057
   14.2578        303   13.4256          0   14.2578    301.332   14.2578      0.096
   14.2700        309   13.4378          0   14.2700    300.666   14.2700      0.473
   14.2822        272   13.4500          0   14.2822    300.001   14.2822     -1.692
   14.2944        280   13.4622          0   14.2944    299.338   14.2944     -1.152
   14.3066        327   13.4744          0   14.3066    298.676   14.3066      1.562
   14.3188        298   13.4866          0   14.3188    298.016   14.3188     -0.001
   14.3311        282   13.4989          0   14.3311    297.357   14.3311     -0.911
   14.3433        268   13.5111          0   14.3433    296.699   14.3433     -1.747
   14.3555        310   13.5233          0   14.3555    296.044   14.3555      0.790
   14.3677        295   13.5355          0   14.3677    295.389   14.3677     -0.023
   14.3799        290   13.5477          0   14.3799    294.736   14.3799     -0.277
   14.3921        312   13.5599          0   14.3921    294.084   14.3921      1.011
   14.4043        293   13.5721          0   14.4043    293.434   14.4043     -0.025
   14.4165        266   13.5843          0   14.4165    292.785   14.4165     -1.636
   14.4287        289   13.5965          0   14.4287    292.138   14.4287     -0.184
   14.4409        276   13.6087          0   14.4409    291.492   14.4409     -0.929
   14.4531        283   13.6209          0   14.4531    290.848   14.4531     -0.465
   14.4653        296   13.6331          0   14.4653    290.205   14.4653      0.336
   14.4775        308   13.6453          0   14.4775    289.563   14.4775      1.047
   14.4897        299   13.6575          0   14.4897    288.923   14.4897      0.581
   14.5020        297   13.6698          0   14.5020    288.284   14.5020      0.504
   14.5142        290   13.6820          0   14.5142    287.647   14.5142      0.138
   14.5264        285   13.6942          0   14.5264    287.011   14.5264     -0.119
   14.5386        303   13.7064          0   14.5386    286.376   14.5386      0.952
   14.5508        268   13.7186          0   14.5508    285.743   14.5508     -1.080
   14.5630        298   13.7308          1   14.5630    285.111   14.5630      0.744
   14.5752        283   13.7430          0   14.5752    284.481   14.5752     -0.088
   14.5874        293   13.7552          0   14.5874    283.852   14.5874      0.533
   14.5996        289   13.7674          0   14.5996    283.225   14.5996      0.339
   14.6118        305   13.7796          0   14.6118    282.598   14.6118      1.279
   14.6240        265   13.7918          0   14.6240    281.974   14.6240     -1.039
   14.6362        280   13.8040          0   14.6362    281.350   14.6362     -0.080
   14.6484        313   13.8162          0   14.6484    280.728   14.6484      1.818
   14.6606        281   13.8284          0   14.6606    280.108   14.6606      0.053
   14.6729        280   13.8407          0   14.6729    279.488   14.6729      0.030
   14.6851        294   13.8529          0   14.6851    278.870   14.6851      0.879
   14.6973        327   13.8651          0   14.6973    278.254   14.6973      2.688
   14.7095        269   13.8773          0   14.7095    277.639   14.7095     -0.525
   14.7217        277   13.8895          0   14.7217    277.025   14.7217     -0.001
   14.7339        278   13.9017          0   14.7339    276.412   14.7339      0.095
   14.7461        289   13.9139          0   14.7461    275.801   14.7461      0.774
   14.7583        284   13.9261          0   14.7583    275.192   14.7583      0.521
   14.7705        310   13.9383          0   14.7705    274.583   14.7705      2.005
   14.7827        271   13.9505          0   14.7827    273.976   14.7827     -0.180
   14.7949        287   13.9627          0   14.7949    273.370   14.7949      0.802
   14.8071        259   13.9749          0   14.8071    272.766   14.8071     -0.852
   14.8193        270   13.9871          0   14.8193    272.163   14.8193     -0.131
   14.8315        274   13.9993          0   14.8315    271.561   14.8315      0.147
   14.8438        268   14.0116          0   14.8438    270.961   14.8438     -0.180
   14.8560        285   14.0238          0   14.8560    270.362   14.8560      0.864
   14.8682        292   14.0360          0   14.8682    269.764   14.8682      1.297
   14.8804        286   14.0482          0   14.8804    269.168   14.8804      0.992
   14.8926        265   14.0604          0   14.8926    268.573   14.8926     -0.219
   14.9048        251   14.0726          0   14.9048    267.979   14.9048     -1.067
   14.9170        264   14.0848          0   14.9170    267.386   14.9170     -0.208
   14.9292        256   14.0970          0   14.9292    266.795   14.9292     -0.672
   14.9414        287   14.1092          0   14.9414    266.205   14.9414      1.223
   14.9536        249   14.1214          0   14.9536    265.617   14.9536     -1.049
   14.9658        253   14.1336          0   14.9658    265.030   14.9658     -0.753
   14.9780        249   14.1458          0   14.9780    264.444   14.9780     -0.975
   14.9902        234   14.1580          0   14.9902    263.859   14.9902     -1.944
   15.0024        250   14.1702          0   15.0024    263.276   15.0024     -0.836
   15.0146        301   14.1824          1   15.0146    262.694   15.0146      2.201
   15.0269        276   14.1947          0   15.0269    262.113   15.0269      0.833
   15.0391        268   14.2069          0   15.0391    261.533   15.0391      0.394
   15.0513        256   14.2191          0   15.0513    260.955   15.0513     -0.308
   15.0635        299   14.2313          0   15.0635    260.378   15.0635      2.226
   15.0757        241   14.2435          0   15.0757    259.802   15.0757     -1.206
   15.0879        252   14.2557          0   15.0879    259.228   15.0879     -0.454
   15.1001        294   14.2679          0   15.1001    258.655   15.1001      2.054
   15.1123        244   14.2801          0   15.1123    258.083   15.1123     -0.898
   15.1245        241   14.2923          0   15.1245    257.513   15.1245     -1.059
   15.1367        264   14.3045          0   15.1367    256.943   15.1367      0.433
   15.1489        286   14.3167          0   15.1489    256.375   15.1489      1.746
   15.1611        253   14.3289          0   15.1611    255.808   15.1611     -0.176
   15.1733        275   14.3411          0   15.1733    255.243   15.1733      1.187
   15.1855        248   14.3533          0   15.1855    254.678   15.1855     -0.422
   15.1978        265   14.3656          0   15.1978    254.115   15.1978      0.666
   15.2100        269   14.3778          0   15.2100    253.554   15.2100      0.938
   15.2222        265   14.3900          0   15.2222    252.993   15.2222      0.735
   15.2344        255   14.4022          0   15.2344    252.434   15.2344      0.160
   15.2466        232   14.4144          0   15.2466    251.876   15.2466     -1.299
   15.2588        252   14.4266          0   15.2588    251.319   15.2588      0.043
   15.2710        248   14.4388          0   15.2710    250.763   15.2710     -0.175
   15.2832        265   14.4510          0   15.2832    250.209   15.2832      0.905
   15.2954        246   14.4632          0   15.2954    249.656   15.2954     -0.232
   15.3076        255   14.4754          0   15.3076    249.104   15.3076      0.368
   15.3198        242   14.4876          0   15.3198    248.553   15.3198     -0.420
   15.3320        233   14.4998          0   15.3320    248.003   15.3320     -0.979
   15.3442        257   14.5120          0   15.3442    247.455   15.3442      0.593
   15.3564        264   14.5242          0   15.3564    246.908   15.3564      1.048
   15.3687        228   14.5365          0   15.3687    246.362   15.3687     -1.211
   15.3809        219   14.5487          0   15.3809    245.817   15.3809     -1.804
   15.3931        227   14.5609          0   15.3931    245.274   15.3931     -1.208
   15.4053        232   14.5731          1   15.4053    244.732   15.4053     -0.832
   15.4175        232   14.5853          0   15.4175    244.191   15.4175     -0.797
   15.4297        248   14.5975          0   15.4297    243.651   15.4297      0.275
   15.4419        241   14.6097          0   15.4419    243.112   15.4419     -0.135
   15.4541        263   14.6219          0   15.4541    242.575   15.4541      1.255
   15.4663        245   14.6341          1   15.4663    242.038   15.4663      0.188
   15.4785        234   14.6463          0   15.4785    241.503   15.4785     -0.488
   15.4907        241   14.6585          0   15.4907    240.969   15.4907      0.002
   15.5029        225   14.6707          0   15.5029    240.436   15.5029     -1.025
   15.5151        257   14.6829          0   15.5151    239.905   15.5151      1.062
   15.5273        250   14.6951          0   15.5273    239.375   15.5273      0.669
   15.5396        239   14.7074          0   15.5396    238.845   15.5396      0.010
   15.5518        267   14.7196          0   15.5518    238.317   15.5518      1.749
   15.5640        241   14.7318          0   15.5640    237.790   15.5640      0.206
   15.5762        221   14.7440          0   15.5762    237.265   15.5762     -1.089
   15.5884        259   14.7562          0   15.5884    236.740   15.5884      1.378
   15.6006        234   14.7684          0   15.6006    236.217   15.6006     -0.144
   15.6128        227   14.7806          0   15.6128    235.694   15.6128     -0.575
   15.6250        229   14.7928          0   15.6250    235.173   15.6250     -0.406
   15.6372        242   14.8050          0   15.6372    234.653   15.6372      0.470
   15.6494        265   14.8172          0   15.6494    234.135   15.6494      1.889
   15.6616        223   14.8294          0   15.6616    233.617   15.6616     -0.708
   15.6738        237   14.8416          0   15.6738    233.101   15.6738      0.252
   15.6860        239   14.8538          0   15.6860    232.585   15.6860      0.413
   15.6982        263   14.8660          0   15.6982    232.071   15.6982      1.900
   15.7104        228   14.8783          0   15.7104    231.558   15.7104     -0.235
   15.7227        238   14.8905          0   15.7227    231.046   15.7227      0.449
   15.7349        233   14.9027          0   15.7349    230.535   15.7349      0.161
   15.7471        224   14.9149          0   15.7471    230.025   15.7471     -0.401
   15.7593        216   14.9271          0   15.7593    229.517   15.7593     -0.915
   15.7715        214   14.9393          0   15.7715    229.009   15.7715     -1.021
   15.7837        227   14.9515          0   15.7837    228.503   15.7837     -0.099
   15.7959        230   14.9637          0   15.7959    227.998   15.7959      0.131
   15.8081        225   14.9759          0   15.8081    227.494   15.8081     -0.166
   15.8203        246   14.9881          0   15.8203    226.991   15.8203      1.207
   15.8325        214   15.0003          0   15.8325    226.489   15.8325     -0.850
   15.8447        244   15.0125          0   15.8447    225.988   15.8447      1.148
   15.8569        248   15.0247          0   15.8569    225.489   15.8569      1.424
   15.8691        230   15.0369          0   15.8691    224.990   15.8691      0.329
   15.8813        235   15.0491          0   15.8813    224.493   15.8813      0.683
   15.8936        238   15.0614          0   15.8936    223.996   15.8936      0.904
   15.9058        226   15.0736          0   15.9058    223.501   15.9058      0.165
   15.9180        226   15.0858          0   15.9180    223.007   15.9180      0.198
   15.9302        217   15.0980          0   15.9302    222.514   15.9302     -0.373
   15.9424        230   15.1102          0   15.9424    222.022   15.9424      0.524
   15.9546        181   15.1224          0   15.9546    221.531   15.9546     -2.996
   15.9668        233   15.1346          0   15.9668    221.041   15.9668      0.780
   15.9790        216   15.1468          0   15.9790    220.553   15.9790     -0.308
   15.9912        199   15.1590          0   15.9912    220.065   15.9912     -1.486
   16.0034        219   15.1712          0   16.0034    219.579   16.0034     -0.039
   16.0156        205   15.1834          0   16.0156    219.093   16.0156     -0.980
   16.0278        219   15.1956          0   16.0278    218.609   16.0278      0.026
   16.0400        250   15.2078          0   16.0400    218.126   16.0400      2.008
   16.0522        207   15.2200          0   16.0522    217.643   16.0522     -0.736
   16.0645        226   15.2323          0   16.0645    217.162   16.0645      0.585
   16.0767        231   15.2445          0   16.0767    216.682   16.0767      0.938
   16.0889        219   15.2567          0   16.0889    216.203   16.0889      0.188
   16.1011        237   15.2689          0   16.1011    215.725   16.1011      1.376
   16.1133        227   15.2811          0   16.1133    215.248   16.1133      0.777
   16.1255        205   15.2933          0   16.1255    214.772   16.1255     -0.679
   16.1377        218   15.3055          0   16.1377    214.297   16.1377      0.250
   16.1499        226   15.3177          0   16.1499    213.824   16.1499      0.806
   16.1621        207   15.3299          0   16.1621    213.351   16.1621     -0.439
   16.1743        218   15.3421          0   16.1743    212.879   16.1743      0.345
   16.1865        203   15.3543          0   16.1865    212.408   16.1865     -0.657
   16.1987        189   15.3665          0   16.1987    211.939   16.1987     -1.660
   16.2109        199   15.3787          0   16.2109    211.470   16.2109     -0.880
   16.2231        212   15.3909          0   16.2231    211.003   16.2231      0.068
   16.2354        230   15.4032          0   16.2354    210.536   16.2354      1.278
   16.2476        213   15.4154          0   16.2476    210.071   16.2476      0.200
   16.2598        215   15.4276          0   16.2598    209.606   16.2598      0.366
   16.2720        203   15.4398          0   16.2720    209.143   16.2720     -0.429
   16.2842        222   15.4520          0   16.2842    208.681   16.2842      0.890
   16.2964        217   15.4642          0   16.2964    208.219   16.2964      0.593
   16.3086        196   15.4764          0   16.3086    207.759   16.3086     -0.836
   16.3208        163   15.4886          0   16.3208    207.300   16.3208     -3.449
   16.3330        217   15.5008          0   16.3330    206.841   16.3330      0.686
   16.3452        186   15.5130          0   16.3452    206.384   16.3452     -1.487
   16.3574        223   15.5252          0   16.3574    205.928   16.3574      1.138
   16.3696        199   15.5374          0   16.3696    205.472   16.3696     -0.457
   16.3818        208   15.5496          0   16.3818    205.018   16.3818      0.206
   16.3940        198   15.5618          0   16.3940    204.565   16.3940     -0.464
   16.4063        190   15.5741          0   16.4063    204.113   16.4063     -1.019
   16.4185        195   15.5863          0   16.4185    203.661   16.4185     -0.617
   16.4307        189   15.5985          0   16.4307    203.211   16.4307     -1.028
   16.4429        233   15.6107          0   16.4429    202.762   16.4429      1.972
   16.4551        204   15.6229          0   16.4551    202.313   16.4551      0.118
   16.4673        205   15.6351          1   16.4673    201.866   16.4673      0.218
   16.4795        199   15.6473          0   16.4795    201.420   16.4795     -0.171
   16.4917        199   15.6595          0   16.4917    200.975   16.4917     -0.139
   16.5039        194   15.6717          0   16.5039    200.530   16.5039     -0.466
   16.5161        203   15.6839          0   16.5161    200.087   16.5161      0.203
   16.5283        188   15.6961          0   16.5283    199.645   16.5283     -0.845
   16.5405        176   15.7083          0   16.5405    199.203   16.5405     -1.739
   16.5527        215   15.7205          0   16.5527    198.763   16.5527      1.102
   16.5649        191   15.7327          0   16.5649    198.323   16.5649     -0.527
   16.5771        183   15.7449          1   16.5771    197.885   16.5771     -1.094
   16.5894        185   15.7572          0   16.5894    197.447   16.5894     -0.910
   16.6016        228   15.7694          0   16.6016    197.011   16.6016      2.043
   16.6138        190   15.7816          0   16.6138    196.575   16.6138     -0.475
   16.6260        209   15.7938          0   16.6260    196.141   16.6260      0.885
   16.6382        199   15.8060          0   16.6382    195.707   16.6382      0.232
   16.6504        208   15.8182          0   16.6504    195.274   16.6504      0.878
   16.6626        200   15.8304          0   16.6626    194.843   16.6626      0.363
   16.6748        210   15.8426          0   16.6748    194.412   16.6748      1.071
   16.6870        178   15.8548          0   16.6870    193.982   16.6870     -1.191
   16.6992        196   15.8670          0   16.6992    193.553   16.6992      0.174
   16.7114        233   15.8792          0   16.7114    193.125   16.7114      2.601
   16.7236        193   15.8914          1   16.7236    192.698   16.7236      0.022
   16.7358        179   15.9036          0   16.7358    192.272   16.7358     -0.986
   16.7480        184   15.9158          0   16.7480    191.847   16.7480     -0.575
   16.7603        170   15.9281          0   16.7603    191.423   16.7603     -1.633
   16.7725        212   15.9403          0   16.7725    191.000   16.7725      1.436
   16.7847        191   15.9525          0   16.7847    190.578   16.7847      0.030
   16.7969        201   15.9647          0   16.7969    190.156   16.7969      0.761
   16.8091        182   15.9769          0   16.8091    189.736   16.8091     -0.570
   16.8213        182   15.9891          0   16.8213    189.316   16.8213     -0.539
   16.8335        207   16.0013          0   16.8335    188.898   16.8335      1.252
   16.8457        202   16.0135          0   16.8457    188.480   16.8457      0.947
   16.8579        190   16.0257          0   16.8579    188.063   16.8579      0.140
   16.8701        205   16.0379          0   16.8701    187.648   16.8701      1.206
   16.8823        173   16.0501          0   16.8823    187.233   16.8823     -1.076
   16.8945        198   16.0623          0   16.8945    186.819   16.8945      0.791
   16.9067        196   16.0745          0   16.9067    186.406   16.9067      0.682
   16.9189        174   16.0867          0   16.9189    185.994   16.9189     -0.904
   16.9312        164   16.0990          0   16.9312    185.583   16.9312     -1.675
   16.9434        204   16.1112          0   16.9434    185.172   16.9434      1.312
   16.9556        203   16.1234          0   16.9556    184.763   16.9556      1.274
   16.9678        178   16.1356          0   16.9678    184.354   16.9678     -0.474
   16.9800        191   16.1478          0   16.9800    183.947   16.9800      0.508
   16.9922        180   16.1600          0   16.9922    183.540   16.9922     -0.262
   17.0044        198   16.1722          0   17.0044    183.134   17.0044      1.051
   17.0166        188   16.1844          0   17.0166    182.729   17.0166      0.382
   17.0288        161   16.1966          0   17.0288    182.325   17.0288     -1.670
   17.0410        169   16.2088          0   17.0410    181.922   17.0410     -0.988
   17.0532        190   16.2210          0   17.0532    181.520   17.0532      0.612
   17.0654        179   16.2332          0   17.0654    181.119   17.0654     -0.157
   17.0776        177   16.2454          1   17.0776    180.718   17.0776     -0.278
   17.0898        173   16.2576          0   17.0898    180.319   17.0898     -0.553
   17.1021        184   16.2699          0   17.1021    179.920   17.1021      0.299
   17.1143        186   16.2821          0   17.1143    179.522   17.1143      0.472
   17.1265        156   16.2943          0   17.1265    179.126   17.1265     -1.840
   17.1387        168   16.3065          0   17.1387    178.730   17.1387     -0.823
   17.1509        186   16.3187          0   17.1509    178.334   17.1509      0.559
   17.1631        179   16.3309          0   17.1631    177.940   17.1631      0.079
   17.1753        174   16.3431          0   17.1753    177.547   17.1753     -0.267
   17.1875        194   16.3553          0   17.1875    177.154   17.1875      1.203
   17.1997        185   16.3675          0   17.1997    176.762   17.1997      0.602
   17.2119        166   16.3797          0   17.2119    176.372   17.2119     -0.800
   17.2241        191   16.3919          0   17.2241    175.982   17.2241      1.081
   17.2363        152   16.4041          0   17.2363    175.593   17.2363     -1.901
   17.2485        174   16.4163          0   17.2485    175.204   17.2485     -0.091
   17.2607        167   16.4285          0   17.2607    174.817   17.2607     -0.601
   17.2729        194   16.4408          0   17.2729    174.431   17.2729      1.398
   17.2852        185   16.4530          0   17.2852    174.045   17.2852      0.801
   17.2974        209   16.4652          0   17.2974    173.660   17.2974      2.433
   17.3096        162   16.4774          0   17.3096    173.276   17.3096     -0.881
   17.3218        155   16.4896          0   17.3218    172.893   17.3218     -1.428
   17.3340        168   16.5018          0   17.3340    172.511   17.3340     -0.346
   17.3462        161   16.5140          0   17.3462    172.130   17.3462     -0.872
   17.3584        168   16.5262          0   17.3584    171.749   17.3584     -0.288
   17.3706        177   16.5384          0   17.3706    171.369   17.3706      0.421
   17.3828        173   16.5506          0   17.3828    170.990   17.3828      0.152
   17.3950        160   16.5628          0   17.3950    170.612   17.3950     -0.834
   17.4072        194   16.5750          0   17.4072    170.235   17.4072      1.697
   17.4194        172   16.5872          0   17.4194    169.859   17.4194      0.162
   17.4316        161   16.5994          0   17.4316    169.483   17.4316     -0.664
   17.4438        152   16.6116          0   17.4438    169.109   17.4438     -1.379
   17.4561        180   16.6239          0   17.4561    168.735   17.4561      0.835
   17.4683        170   16.6361          0   17.4683    168.362   17.4683      0.125
   17.4805        158   16.6483          0   17.4805    167.989   17.4805     -0.790
   17.4927        166   16.6605          0   17.4927    167.618   17.4927     -0.125
   17.5049        181   16.6727          0   17.5049    167.247   17.5049      1.017
   17.5171        168   16.6849          0   17.5171    166.878   17.5171      0.086
   17.5293        166   16.6971          0   17.5293    166.509   17.5293     -0.039
   17.5415        178   16.7093          0   17.5415    166.141   17.5415      0.884
   17.5537        173   16.7215          0   17.5537    165.773   17.5537      0.546
   17.5659        152   16.7337          0   17.5659    165.407   17.5659     -1.080
   17.5781        162   16.7459          0   17.5781    165.041   17.5781     -0.237
   17.5903        161   16.7581          0   17.5903    164.676   17.5903     -0.288
   17.6025        172   16.7703          0   17.6025    164.312   17.6025      0.583
   17.6147        204   16.7825          0   17.6147    163.949   17.6147      2.790
   17.6270        172   16.7948          1   17.6270    163.586   17.6270      0.638
   17.6392        169   16.8070          0   17.6392    163.225   17.6392      0.442
   17.6514        169   16.8192          0   17.6514    162.864   17.6514      0.469
   17.6636        178   16.8314          0   17.6636    162.504   17.6636      1.155
   17.6758        162   16.8436          0   17.6758    162.145   17.6758     -0.011
   17.6880        166   16.8558          0   17.6880    161.786   17.6880      0.325
   17.7002        157   16.8680          0   17.7002    161.428   17.7002     -0.351
   17.7124        150   16.8802          0   17.7124    161.072   17.7124     -0.898
   17.7246        170   16.8924          0   17.7246    160.715   17.7246      0.708
   17.7368        154   16.9046          0   17.7368    160.360   17.7368     -0.509
   17.7490        163   16.9168          0   17.7490    160.006   17.7490      0.233
   17.7612        152   16.9290          0   17.7612    159.652   17.7612     -0.617
   17.7734        147   16.9412          0   17.7734    159.299   17.7734     -1.008
   17.7856        191   16.9534          0   17.7856    158.947   17.7856      2.307
   17.7979        168   16.9657          0   17.7979    158.595   17.7979      0.721
   17.8101        161   16.9779          0   17.8101    158.245   17.8101      0.216
   17.8223        142   16.9901          0   17.8223    157.895   17.8223     -1.325
   17.8345        143   17.0023          0   17.8345    157.546   17.8345     -1.208
   17.8467        155   17.0145          0   17.8467    157.197   17.8467     -0.175
   17.8589        147   17.0267          0   17.8589    156.850   17.8589     -0.807
   17.8711        148   17.0389          0   17.8711    156.503   17.8711     -0.694
   17.8833        140   17.0511          0   17.8833    156.157   17.8833     -1.356
   17.8955        147   17.0633          0   17.8955    155.812   17.8955     -0.722
   17.9077        155   17.0755          0   17.9077    155.467   17.9077     -0.037
   17.9199        174   17.0877          0   17.9199    155.124   17.9199      1.423
   17.9321        153   17.0999          0   17.9321    154.781   17.9321     -0.143
   17.9443        164   17.1121          0   17.9443    154.438   17.9443      0.742
   17.9565        147   17.1243          0   17.9565    154.097   17.9565     -0.581
   17.9688        170   17.1366          0   17.9688    153.756   17.9688      1.239
   17.9810        159   17.1488          0   17.9810    153.416   17.9810      0.440
   17.9932        156   17.1610          0   17.9932    153.077   17.9932      0.233
   18.0054        148   17.1732          0   18.0054    152.739   18.0054     -0.387
   18.0176        150   17.1854          1   18.0176    152.401   18.0176     -0.195
   18.0298        162   17.1976          0   18.0298    152.064   18.0298      0.776
   18.0420        160   17.2098          0   18.0420    151.728   18.0420      0.650
   18.0542        155   17.2220          0   18.0542    151.393   18.0542      0.288
   18.0664        148   17.2342          0   18.0664    151.058   18.0664     -0.250
   18.0786        139   17.2464          0   18.0786    150.724   18.0786     -0.987
   18.0908        147   17.2586          0   18.0908    150.391   18.0908     -0.278
   18.1030        176   17.2708          0   18.1030    150.058   18.1030      1.944
   18.1152        153   17.2830          0   18.1152    149.726   18.1152      0.263
   18.1274        149   17.2952          1   18.1274    149.395   18.1274     -0.032
   18.1396        145   17.3074          0   18.1396    149.065   18.1396     -0.335
   18.1519        150   17.3197          0   18.1519    148.736   18.1519      0.103
   18.1641        145   17.3319          0   18.1641    148.407   18.1641     -0.281
   18.1763        145   17.3441          0   18.1763    148.079   18.1763     -0.254
   18.1885        146   17.3563          0   18.1885    147.751   18.1885     -0.144
   18.2007        148   17.3685          0   18.2007    147.425   18.2007      0.047
   18.2129        156   17.3807          0   18.2129    147.099   18.2129      0.708
   18.2251        144   17.3929          0   18.2251    146.773   18.2251     -0.230
   18.2373        138   17.4051          0   18.2373    146.449   18.2373     -0.714
   18.2495        133   17.4173          1   18.2495    146.125   18.2495     -1.130
   18.2617        133   17.4295          0   18.2617    145.802   18.2617     -1.102
   18.2739        135   17.4417          0   18.2739    145.480   18.2739     -0.895
   18.2861        150   17.4539          0   18.2861    145.158   18.2861      0.393
   18.2983        153   17.4661          0   18.2983    144.837   18.2983      0.656
   18.3105        129   17.4783          0   18.3105    144.517   18.3105     -1.356
   18.3228        133   17.4906          0   18.3228    144.197   18.3228     -0.964
   18.3350        121   17.5028          0   18.3350    143.879   18.3350     -2.063
   18.3472        154   17.5150          0   18.3472    143.561   18.3472      0.836
   18.3594        120   17.5272          0   18.3594    143.243   18.3594     -2.104
   18.3716        131   17.5394          1   18.3716    142.926   18.3716     -1.034
   18.3838        128   17.5516          0   18.3838    142.610   18.3838     -1.281
   18.3960        137   17.5638          0   18.3960    142.295   18.3960     -0.449
   18.4082        151   17.5760          0   18.4082    141.981   18.4082      0.729
   18.4204        140   17.5882          0   18.4204    141.667   18.4204     -0.140
   18.4326        177   17.6004          0   18.4326    141.353   18.4326      2.664
   18.4448        144   17.6126          0   18.4448    141.041   18.4448      0.245
   18.4570        153   17.6248          0   18.4570    140.729   18.4570      0.986
   18.4692        132   17.6370          0   18.4692    140.418   18.4692     -0.727
   18.4814        143   17.6492          0   18.4814    140.108   18.4814      0.240
   18.4937        146   17.6615          0   18.4937    139.798   18.4937      0.510
   18.5059        159   17.6737          0   18.5059    139.489   18.5059      1.538
   18.5181        128   17.6859          0   18.5181    139.180   18.5181     -0.981
   18.5303        117   17.6981          0   18.5303    138.873   18.5303     -2.005
   18.5425        140   17.7103          0   18.5425    138.566   18.5425      0.120
   18.5547        140   17.7225          0   18.5547    138.259   18.5547      0.146
   18.5669        137   17.7347          0   18.5669    137.954   18.5669     -0.081
   18.5791        138   17.7469          0   18.5791    137.649   18.5791      0.030
   18.5913        142   17.7591          0   18.5913    137.344   18.5913      0.388
   18.6035        132   17.7713          0   18.6035    137.041   18.6035     -0.435
   18.6157        126   17.7835          0   18.6157    136.738   18.6157     -0.949
   18.6279        124   17.7957          0   18.6279    136.435   18.6279     -1.108
   18.6401        131   17.8079          0   18.6401    136.134   18.6401     -0.445
   18.6523        148   17.8201          0   18.6523    135.833   18.6523      0.993
   18.6646        142   17.8324          0   18.6646    135.532   18.6646      0.539
   18.6768        129   17.8446          0   18.6768    135.233   18.6768     -0.545
   18.6890        147   17.8568          0   18.6890    134.934   18.6890      0.988
   18.7012        139   17.8690          0   18.7012    134.635   18.7012      0.368
   18.7134        112   17.8812          0   18.7134    134.338   18.7134     -2.092
   18.7256        133   17.8934          0   18.7256    134.041   18.7256     -0.090
   18.7378        157   17.9056          0   18.7378    133.745   18.7378      1.844
   18.7500        162   17.9178          0   18.7500    133.449   18.7500      2.230
   18.7622        144   17.9300          0   18.7622    133.154   18.7622      0.898
   18.7744        139   17.9422          0   18.7744    132.859   18.7744      0.517
   18.7866        122   17.9544          0   18.7866    132.566   18.7866     -0.949
   18.7988        100   17.9666          0   18.7988    132.273   18.7988     -3.195
   18.8110        130   17.9788          1   18.8110    131.980   18.8110     -0.172
   18.8232        142   17.9910          0   18.8232    131.688   18.8232      0.859
   18.8354        136   18.0033          0   18.8354    131.397   18.8354      0.392
   18.8477        130   18.0155          0   18.8477    131.107   18.8477     -0.096
   18.8599        138   18.0277          0   18.8599    130.817   18.8599      0.607
   18.8721        138   18.0399          0   18.8721    130.528   18.8721      0.632
   18.8843        137   18.0521          0   18.8843    130.239   18.8843      0.573
   18.8965        145   18.0643          0   18.8965    129.951   18.8965      1.241
   18.9087        133   18.0765          0   18.9087    129.664   18.9087      0.287
   18.9209        147   18.0887          0   18.9209    129.377   18.9209      1.444
   18.9331        130   18.1009          0   18.9331    129.091   18.9331      0.079
   18.9453        144   18.1131          0   18.9453    128.806   18.9453      1.257
   18.9575        140   18.1253          1   18.9575    128.521   18.9575      0.963
   18.9697        159   18.1375          0   18.9697    128.237   18.9697      2.424
   18.9819        138   18.1497          0   18.9819    127.953   18.9819      0.849
   18.9941        137   18.1619          0   18.9941    127.670   18.9941      0.791
   19.0063        143   18.1741          1   19.0063    127.388   19.0063      1.296
   19.0186        108   18.1864          1   19.0186    127.107   19.0186     -1.822
   19.0308        119   18.1986          0   19.0308    126.826   19.0308     -0.711
   19.0430        122   18.2108          0   19.0430    126.545   19.0430     -0.408
   19.0552        131   18.2230          0   19.0552    126.265   19.0552      0.411
   19.0674        127   18.2352          0   19.0674    125.986   19.0674      0.089
   19.0796        126   18.2474          0   19.0796    125.708   19.0796      0.026
   19.0918        115   18.2596          0   19.0918    125.430   19.0918     -0.964
   19.1040        132   18.2718          0   19.1040    125.152   19.1040      0.592
   19.1162        137   18.2840          0   19.1162    124.876   19.1162      1.028
   19.1284        138   18.2962          0   19.1284    124.600   19.1284      1.133
   19.1406        125   18.3084          0   19.1406    124.324   19.1406      0.060
   19.1528        134   18.3206          0   19.1528    124.049   19.1528      0.853
   19.1650        116   18.3328          0   19.1650    123.775   19.1650     -0.716
   19.1772        112   18.3450          0   19.1772    123.501   19.1772     -1.077
   19.1895        119   18.3573          0   19.1895    123.228   19.1895     -0.384
   19.2017        127   18.3695          0   19.2017    122.956   19.2017      0.356
   19.2139        114   18.3817          0   19.2139    122.684   19.2139     -0.806
   19.2261        130   18.3939          0   19.2261    122.413   19.2261      0.660
   19.2383        136   18.4061          0   19.2383    122.142   19.2383      1.180
   19.2505        121   18.4183          0   19.2505    121.872   19.2505     -0.079
   19.2627        134   18.4305          0   19.2627    121.603   19.2627      1.063
   19.2749        130   18.4427          0   19.2749    121.334   19.2749      0.754
   19.2871        110   18.4549          0   19.2871    121.066   19.2871     -1.046
   19.2993        109   18.4671          2   19.2993    120.798   19.2993     -1.120
   19.3115        115   18.4793          0   19.3115    120.531   19.3115     -0.511
   19.3237        127   18.4915          0   19.3237    120.264   19.3237      0.593
   19.3359        116   18.5037          0   19.3359    119.999   19.3359     -0.368
   19.3481        124   18.5159          0   19.3481    119.733   19.3481      0.380
   19.3604        121   18.5282          0   19.3604    119.469   19.3604      0.138
   19.3726        132   18.5404          0   19.3726    119.204   19.3726      1.105
   19.3848        123   18.5526          0   19.3848    118.941   19.3848      0.363
   19.3970        121   18.5648          0   19.3970    118.678   19.3970      0.209
   19.4092        113   18.5770          0   19.4092    118.416   19.4092     -0.505
   19.4214        135   18.5892          0   19.4214    118.154   19.4214      1.439
   19.4336        134   18.6014          0   19.4336    117.892   19.4336      1.381
   19.4458        102   18.6136          0   19.4458    117.632   19.4458     -1.533
   19.4580        121   18.6258          0   19.4580    117.372   19.4580      0.327
   19.4702        117   18.6380          0   19.4702    117.112   19.4702     -0.010
   19.4824        114   18.6502          0   19.4824    116.853   19.4824     -0.265
   19.4946        117   18.6624          0   19.4946    116.595   19.4946      0.037
   19.5068        124   18.6746          0   19.5068    116.337   19.5068      0.683
   19.5190        117   18.6868          0   19.5190    116.080   19.5190      0.084
   19.5313        130   18.6991          0   19.5313    115.823   19.5313      1.234
   19.5435        113   18.7113          0   19.5435    115.567   19.5435     -0.239
   19.5557        123   18.7235          0   19.5557    115.312   19.5557      0.688
   19.5679        112   18.7357          0   19.5679    115.057   19.5679     -0.286
   19.5801        121   18.7479          0   19.5801    114.803   19.5801      0.559
   19.5923        128   18.7601          0   19.5923    114.549   19.5923      1.180
   19.6045        152   18.7723          0   19.6045    114.295   19.6045      3.038
   19.6167        114   18.7845          0   19.6167    114.043   19.6167     -0.004
   19.6289        116   18.7967          0   19.6289    113.791   19.6289      0.203
   19.6411        111   18.8089          0   19.6411    113.539   19.6411     -0.239
   19.6533        130   18.8211          0   19.6533    113.288   19.6533      1.455
   19.6655        113   18.8333          0   19.6655    113.038   19.6655     -0.004
   19.6777        112   18.8455          0   19.6777    112.788   19.6777     -0.074
   19.6899        126   18.8577          1   19.6899    112.538   19.6899      1.190
   19.7021        144   18.8699          0   19.7021    112.290   19.7021      2.624
   19.7144        122   18.8822          0   19.7144    112.041   19.7144      0.894
   19.7266        108   18.8944          0   19.7266    111.794   19.7266     -0.362
   19.7388        127   18.9066          0   19.7388    111.546   19.7388      1.361
   19.7510        107   18.9188          0   19.7510    111.300   19.7510     -0.412
   19.7632        100   18.9310          0   19.7632    111.054   19.7632     -1.094
   19.7754        126   18.9432          0   19.7754    110.808   19.7754      1.343
   19.7876         95   18.9554          0   19.7876    110.563   19.7876     -1.580
   19.7998        124   18.9676          0   19.7998    110.319   19.7998      1.219
   19.8120        115   18.9798          0   19.8120    110.075   19.8120      0.455
   19.8242        125   18.9920          0   19.8242    109.832   19.8242      1.346
   19.8364        118   19.0042          0   19.8364    109.589   19.8364      0.768
   19.8486        123   19.0164          0   19.8486    109.346   19.8486      1.221
   19.8608        110   19.0286          0   19.8608    109.105   19.8608      0.085
   19.8730         96   19.0408          0   19.8730    108.863   19.8730     -1.299
   19.8853        120   19.0531          0   19.8853    108.623   19.8853      1.030
   19.8975        121   19.0653          1   19.8975    108.383   19.8975      1.138
   19.9097        103   19.0775          0   19.9097    108.143   19.9097     -0.502
   19.9219        113   19.0897          0   19.9219    107.904   19.9219      0.475
   19.9341        104   19.1019          0   19.9341    107.665   19.9341     -0.356
   19.9463        121   19.1141          0   19.9463    107.427   19.9463      1.224
   19.9585        109   19.1263          0   19.9585    107.190   19.9585      0.172
   19.9707        118   19.1385          0   19.9707    106.953   19.9707      1.009
   19.9829         91   19.1507          0   19.9829    106.716   19.9829     -1.630
   19.9951        121   19.1629          0   19.9951    106.480   19.9951      1.309
   20.0073         88   19.1751          0   20.0073    106.245   20.0073     -1.923
   20.0195        108   19.1873          0   20.0195    106.010   20.0195      0.190
   20.0317        116   19.1995          0   20.0317    105.776   20.0317      0.941
   20.0439        110   19.2117          1   20.0439    105.542   20.0439      0.421
   20.0562         97   19.2240          0   20.0562    105.309   20.0562     -0.835
   20.0684         98   19.2362          0   20.0684    105.076   20.0684     -0.708
   20.0806        100   19.2484          1   20.0806    104.843   20.0806     -0.480
   20.0928        101   19.2606          0   20.0928    104.612   20.0928     -0.356
   20.1050        106   19.2728          0   20.1050    104.380   20.1050      0.156
   20.1172         99   19.2850          0   20.1172    104.150   20.1172     -0.512
   20.1294        106   19.2972          0   20.1294    103.919   20.1294      0.200
   20.1416        104   19.3094          0   20.1416    103.690   20.1416      0.030
   20.1538        103   19.3216          0   20.1538    103.460   20.1538     -0.045
   20.1660        101   19.3338          0   20.1660    103.232   20.1660     -0.220
   20.1782        104   19.3460          0   20.1782    103.003   20.1782      0.097
   20.1904        102   19.3582          0   20.1904    102.776   20.1904     -0.076
   20.2026        101   19.3704          0   20.2026    102.548   20.2026     -0.153
   20.2148         97   19.3826          0   20.2148    102.322   20.2148     -0.535
   20.2271         88   19.3949          0   20.2271    102.095   20.2271     -1.486
   20.2393        107   19.4071          0   20.2393    101.870   20.2393      0.491
   20.2515        121   19.4193          0   20.2515    101.645   20.2515      1.745
   20.2637        110   19.4315          0   20.2637    101.420   20.2637      0.811
   20.2759        100   19.4437          0   20.2759    101.196   20.2759     -0.118
   20.2881        101   19.4559          0   20.2881    100.972   20.2881      0.003
   20.3003        112   19.4681          0   20.3003    100.749   20.3003      1.054
   20.3125        116   19.4803          0   20.3125    100.526   20.3125      1.424
   20.3247         86   19.4925          0   20.3247    100.304   20.3247     -1.525
   20.3369        103   19.5047          0   20.3369    100.082   20.3369      0.285
   20.3491        105   19.5169          1   20.3491     99.861   20.3491      0.497
   20.3613        121   19.5291          0   20.3613     99.640   20.3613      1.926
   20.3735         96   19.5413          0   20.3735     99.420   20.3735     -0.345
   20.3857         94   19.5535          0   20.3857     99.200   20.3857     -0.531
   20.3979         85   19.5658          0   20.3979     98.980   20.3979     -1.499
   20.4102        107   19.5780          0   20.4102     98.762   20.4102      0.789
   20.4224        114   19.5902          1   20.4224     98.543   20.4224      1.435
   20.4346        101   19.6024          0   20.4346     98.325   20.4346      0.264
   20.4468         95   19.6146          0   20.4468     98.108   20.4468     -0.316
   20.4590         89   19.6268          0   20.4590     97.891   20.4590     -0.932
   20.4712        111   19.6390          0   20.4712     97.675   20.4712      1.254
   20.4834        109   19.6512          0   20.4834     97.459   20.4834      1.095
   20.4956         92   19.6634          0   20.4956     97.243   20.4956     -0.541
   20.5078         83   19.6756          0   20.5078     97.028   20.5078     -1.522
   20.5200         80   19.6878          0   20.5200     96.814   20.5200     -1.857
   20.5322         90   19.7000          0   20.5322     96.600   20.5322     -0.688
   20.5444         87   19.7122          0   20.5444     96.386   20.5444     -0.995
   20.5566        101   19.7244          1   20.5566     96.173   20.5566      0.476
   20.5688         84   19.7366          0   20.5688     95.960   20.5688     -1.290
   20.5811        104   19.7489          0   20.5811     95.748   20.5811      0.801
   20.5933        114   19.7611          0   20.5933     95.537   20.5933      1.714
   20.6055        104   19.7733          0   20.6055     95.325   20.6055      0.843
   20.6177        100   19.7855          0   20.6177     95.115   20.6177      0.484
   20.6299        113   19.7977          0   20.6299     94.904   20.6299      1.687
   20.6421        106   19.8099          0   20.6421     94.695   20.6421      1.088
   20.6543         83   19.8221          0   20.6543     94.485   20.6543     -1.246
   20.6665         85   19.8343          0   20.6665     94.276   20.6665     -0.995
   20.6787         94   19.8465          0   20.6787     94.068   20.6787     -0.007
   20.6909         90   19.8587          0   20.6909     93.860   20.6909     -0.402
   20.7031         92   19.8709          0   20.7031     93.652   20.7031     -0.170
   20.7153         84   19.8831          0   20.7153     93.445   20.7153     -1.018
   20.7275        105   19.8953          0   20.7275     93.239   20.7275      1.137
   20.7397         91   19.9075          0   20.7397     93.033   20.7397     -0.211
   20.7520         87   19.9198          0   20.7520     92.827   20.7520     -0.618
   20.7642         87   19.9320          0   20.7642     92.622   20.7642     -0.596
   20.7764         94   19.9442          0   20.7764     92.417   20.7764      0.162
   20.7886        110   19.9564          0   20.7886     92.213   20.7886      1.681
   20.8008         85   19.9686          0   20.8008     92.009   20.8008     -0.751
   20.8130         92   19.9808          0   20.8130     91.805   20.8130      0.020
   20.8252         84   19.9930          0   20.8252     91.602   20.8252     -0.820
   20.8374        101   20.0052          0   20.8374     91.400   20.8374      0.946
   20.8496        101   20.0174          0   20.8496     91.198   20.8496      0.966
   20.8618         85   20.0296          0   20.8618     90.996   20.8618     -0.643
   20.8740         93   20.0418          0   20.8740     90.795   20.8740      0.226
   20.8862         96   20.0540          0   20.8862     90.594   20.8862      0.546
   20.8984         75   20.0662          0   20.8984     90.394   20.8984     -1.754
   20.9106         84   20.0784          0   20.9106     90.194   20.9106     -0.668
   20.9229        101   20.0907          0   20.9229     89.995   20.9229      1.084
   20.9351         81   20.1029          0   20.9351     89.796   20.9351     -0.965
   20.9473         94   20.1151          0   20.9473     89.597   20.9473      0.449
   20.9595         87   20.1273          0   20.9595     89.399   20.9595     -0.254
   20.9717         99   20.1395          0   20.9717     89.201   20.9717      0.975
   20.9839         96   20.1517          0   20.9839     89.004   20.9839      0.707
   20.9961         72   20.1639          0   20.9961     88.807   20.9961     -1.954
   21.0083         87   20.1761          0   21.0083     88.611   21.0083     -0.171
   21.0205         98   20.1883          0   21.0205     88.415   21.0205      0.958
   21.0327         89   20.2005          0   21.0327     88.220   21.0327      0.082
   21.0449         95   20.2127          0   21.0449     88.025   21.0449      0.708
   21.0571         88   20.2249          0   21.0571     87.830   21.0571      0.018
   21.0693         92   20.2371          0   21.0693     87.636   21.0693      0.450
   21.0815         92   20.2493          0   21.0815     87.442   21.0815      0.470
   21.0938         84   20.2616          0   21.0938     87.249   21.0938     -0.350
   21.1060         77   20.2738          0   21.1060     87.056   21.1060     -1.131
   21.1182         94   20.2860          0   21.1182     86.863   21.1182      0.728
   21.1304         80   20.2982          0   21.1304     86.671   21.1304     -0.737
   21.1426         97   20.3104          0   21.1426     86.480   21.1426      1.057
   21.1548         73   20.3226          0   21.1548     86.289   21.1548     -1.534
   21.1670         87   20.3348          0   21.1670     86.098   21.1670      0.096
   21.1792         97   20.3470          0   21.1792     85.907   21.1792      1.115
   21.1914         92   20.3592          0   21.1914     85.718   21.1914      0.648
   21.2036         85   20.3714          0   21.2036     85.528   21.2036     -0.057
   21.2158         97   20.3836          0   21.2158     85.339   21.2158      1.172
   21.2280         84   20.3958          0   21.2280     85.150   21.2280     -0.124
   21.2402         93   20.4080          0   21.2402     84.962   21.2402      0.825
   21.2524         83   20.4202          0   21.2524     84.774   21.2524     -0.192
   21.2646         88   20.4324          0   21.2646     84.587   21.2646      0.360
   21.2769         95   20.4447          0   21.2769     84.400   21.2769      1.076
   21.2891        104   20.4569          1   21.2891     84.213   21.2891      1.922
   21.3013         76   20.4691          0   21.3013     84.027   21.3013     -0.909
   21.3135         91   20.4813          0   21.3135     83.841   21.3135      0.742
   21.3257         95   20.4935          0   21.3257     83.656   21.3257      1.152
   21.3379         88   20.5057          0   21.3379     83.471   21.3379      0.477
   21.3501         79   20.5179          0   21.3501     83.286   21.3501     -0.476
   21.3623         71   20.5301          0   21.3623     83.102   21.3623     -1.416
   21.3745         81   20.5423          0   21.3745     82.918   21.3745     -0.211
   21.3867         75   20.5545          0   21.3867     82.735   21.3867     -0.882
   21.3989         94   20.5667          0   21.3989     82.552   21.3989      1.168
   21.4111         78   20.5789          0   21.4111     82.370   21.4111     -0.489
   21.4233         77   20.5911          0   21.4233     82.188   21.4233     -0.584
   21.4355         89   20.6033          0   21.4355     82.006   21.4355      0.733
   21.4478         75   20.6156          0   21.4478     81.825   21.4478     -0.778
   21.4600         68   20.6278          0   21.4600     81.644   21.4600     -1.631
   21.4722         89   20.6400          0   21.4722     81.463   21.4722      0.790
   21.4844         75   20.6522          0   21.4844     81.283   21.4844     -0.716
   21.4966         89   20.6644          0   21.4966     81.103   21.4966      0.828
   21.5088         82   20.6766          0   21.5088     80.924   21.5088      0.117
   21.5210         76   20.6888          0   21.5210     80.745   21.5210     -0.537
   21.5332        104   20.7010          0   21.5332     80.567   21.5332      2.276
   21.5454         82   20.7132          0   21.5454     80.389   21.5454      0.176
   21.5576         71   20.7254          0   21.5576     80.211   21.5576     -1.078
   21.5698         77   20.7376          0   21.5698     80.034   21.5698     -0.341
   21.5820         70   20.7498          1   21.5820     79.857   21.5820     -1.162
   21.5942         75   20.7620          0   21.5942     79.680   21.5942     -0.533
   21.6064         85   20.7742          0   21.6064     79.504   21.6064      0.589
   21.6187         79   20.7865          0   21.6187     79.328   21.6187     -0.036
   21.6309         81   20.7987          0   21.6309     79.153   21.6309      0.203
   21.6431         73   20.8109          0   21.6431     78.978   21.6431     -0.690
   21.6553         93   20.8231          0   21.6553     78.803   21.6553      1.457
   21.6675         75   20.8353          0   21.6675     78.629   21.6675     -0.414
   21.6797         70   20.8475          0   21.6797     78.455   21.6797     -0.996
   21.6919         70   20.8597          0   21.6919     78.282   21.6919     -0.976
   21.7041         74   20.8719          0   21.7041     78.109   21.7041     -0.471
   21.7163         77   20.8841          0   21.7163     77.936   21.7163     -0.105
   21.7285         99   20.8963          0   21.7285     77.764   21.7285      2.113
   21.7407        103   20.9085          0   21.7407     77.592   21.7407      2.480
   21.7529         86   20.9207          0   21.7529     77.420   21.7529      0.915
   21.7651         68   20.9329          0   21.7651     77.249   21.7651     -1.105
   21.7773         79   20.9451          0   21.7773     77.078   21.7773      0.214
   21.7896         68   20.9574          0   21.7896     76.908   21.7896     -1.065
   21.8018         92   20.9696          0   21.8018     76.738   21.8018      1.574
   21.8140         85   20.9818          0   21.8140     76.568   21.8140      0.904
   21.8262         67   20.9940          0   21.8262     76.399   21.8262     -1.131
   21.8384         70   21.0062          0   21.8384     76.230   21.8384     -0.734
   21.8506         75   21.0184          0   21.8506     76.061   21.8506     -0.121
   21.8628         84   21.0306          0   21.8628     75.893   21.8628      0.874
   21.8750         81   21.0428          0   21.8750     75.725   21.8750      0.579
   21.8872         78   21.0550          0   21.8872     75.558   21.8872      0.273
   21.8994         70   21.0672          0   21.8994     75.391   21.8994     -0.635
   21.9116         77   21.0794          0   21.9116     75.224   21.9116      0.200
   21.9238         71   21.0916          0   21.9238     75.058   21.9238     -0.475
   21.9360         90   21.1038          0   21.9360     74.892   21.9360      1.575
   21.9482         69   21.1160          0   21.9482     74.726   21.9482     -0.680
   21.9604         84   21.1283          0   21.9604     74.561   21.9604      1.018
   21.9727         76   21.1405          0   21.9727     74.396   21.9727      0.182
   21.9849         69   21.1527          0   21.9849     74.232   21.9849     -0.621
   21.9971         72   21.1649          0   21.9971     74.068   21.9971     -0.240
   22.0093         69   21.1771          0   22.0093     73.904   22.0093     -0.582
   22.0215         63   21.1893          0   22.0215     73.741   22.0215     -1.332
   22.0337         64   21.2015          0   22.0337     73.578   22.0337     -1.179
   22.0459         73   21.2137          0   22.0459     73.415   22.0459     -0.048
   22.0581         68   21.2259          0   22.0581     73.253   22.0581     -0.628
   22.0703         84   21.2381          0   22.0703     73.091   22.0703      1.176
   22.0825         65   21.2503          0   22.0825     72.929   22.0825     -0.969
   22.0947         72   21.2625          0   22.0947     72.768   22.0947     -0.089
   22.1069         70   21.2747          0   22.1069     72.607   22.1069     -0.307
   22.1191         66   21.2869          0   22.1191     72.446   22.1191     -0.782
   22.1313         70   21.2991          0   22.1313     72.286   22.1313     -0.269
   22.1436         63   21.3114          0   22.1436     72.126   22.1436     -1.132
   22.1558         74   21.3236          0   22.1558     71.967   22.1558      0.233
   22.1680         63   21.3358          0   22.1680     71.808   22.1680     -1.093
   22.1802         55   21.3480          0   22.1802     71.649   22.1802     -2.205
   22.1924         77   21.3602          0   22.1924     71.491   22.1924      0.620
   22.2046         78   21.3724          0   22.2046     71.333   22.2046      0.745
   22.2168         65   21.3846          0   22.2168     71.175   22.2168     -0.754
   22.2290         64   21.3968          0   22.2290     71.018   22.2290     -0.864
   22.2412         83   21.4090          0   22.2412     70.861   22.2412      1.317
   22.2534         65   21.4212          0   22.2534     70.704   22.2534     -0.697
   22.2656         72   21.4334          0   22.2656     70.548   22.2656      0.169
   22.2778         71   21.4456          1   22.2778     70.392   22.2778      0.071
   22.2900         70   21.4578          0   22.2900     70.236   22.2900     -0.028
   22.3022         74   21.4700          0   22.3022     70.081   22.3022      0.450
   22.3145         67   21.4823          0   22.3145     69.926   22.3145     -0.352
   22.3267         64   21.4945          0   22.3267     69.771   22.3267     -0.710
   22.3389         85   21.5067          0   22.3389     69.617   22.3389      1.649
   22.3511         66   21.5189          0   22.3511     69.463   22.3511     -0.420
   22.3633         66   21.5311          0   22.3633     69.309   22.3633     -0.401
   22.3755         75   21.5433          0   22.3755     69.156   22.3755      0.666
   22.3877         66   21.5555          0   22.3877     69.003   22.3877     -0.364
   22.3999         63   21.5677          0   22.3999     68.851   22.3999     -0.726
   22.4121         81   21.5799          0   22.4121     68.699   22.4121      1.350
   22.4243         76   21.5921          0   22.4243     68.547   22.4243      0.844
   22.4365         65   21.6043          0   22.4365     68.395   22.4365     -0.415
   22.4487         70   21.6165          0   22.4487     68.244   22.4487      0.207
   22.4609         66   21.6287          0   22.4609     68.093   22.4609     -0.254
   22.4731         53   21.6409          1   22.4731     67.942   22.4731     -2.015
   22.4854         65   21.6532          0   22.4854     67.792   22.4854     -0.341
   22.4976         66   21.6654          0   22.4976     67.642   22.4976     -0.199
   22.5098         74   21.6776          0   22.5098     67.493   22.5098      0.746
   22.5220         73   21.6898          0   22.5220     67.344   22.5220      0.653
   22.5342         70   21.7020          0   22.5342     67.195   22.5342      0.331
   22.5464         69   21.7142          0   22.5464     67.046   22.5464      0.232
   22.5586         57   21.7264          0   22.5586     66.898   22.5586     -1.289
   22.5708         84   21.7386          0   22.5708     66.750   22.5708      1.860
   22.5830         70   21.7508          0   22.5830     66.602   22.5830      0.400
   22.5952         73   21.7630          0   22.5952     66.455   22.5952      0.756
   22.6074         71   21.7752          0   22.6074     66.308   22.6074      0.549
   22.6196         76   21.7874          0   22.6196     66.162   22.6196      1.114
   22.6318         74   21.7996          0   22.6318     66.015   22.6318      0.916
   22.6440         53   21.8118          1   22.6440     65.869   22.6440     -1.735
   22.6563         80   21.8241          0   22.6563     65.724   22.6563      1.577
   22.6685         67   21.8363          1   22.6685     65.579   22.6685      0.171
   22.6807         65   21.8485          0   22.6807     65.434   22.6807     -0.053
   22.6929         60   21.8607          0   22.6929     65.289   22.6929     -0.672
   22.7051         67   21.8729          1   22.7051     65.145   22.7051      0.223
   22.7173         72   21.8851          0   22.7173     65.000   22.7173      0.814
   22.7295         62   21.8973          0   22.7295     64.857   22.7295     -0.357
   22.7417         77   21.9095          0   22.7417     64.713   22.7417      1.382
   22.7539         76   21.9217          0   22.7539     64.570   22.7539      1.294
   22.7661         54   21.9339          0   22.7661     64.428   22.7661     -1.394
   22.7783         74   21.9461          0   22.7783     64.285   22.7783      1.114
   22.7905         63   21.9583          0   22.7905     64.143   22.7905     -0.142
   22.8027         76   21.9705          0   22.8027     64.001   22.8027      1.359
   22.8149         66   21.9827          0   22.8149     63.860   22.8149      0.260
   22.8271         57   21.9949          0   22.8271     63.719   22.8271     -0.875
   22.8394         56   22.0072          0   22.8394     63.578   22.8394     -0.995
   22.8516         75   22.0194          0   22.8516     63.437   22.8516      1.318
   22.8638         69   22.0316          0   22.8638     63.297   22.8638      0.677
   22.8760         54   22.0438          0   22.8760     63.157   22.8760     -1.224
   22.8882         57   22.0560          0   22.8882     63.017   22.8882     -0.783
   22.9004         64   22.0682          0   22.9004     62.878   22.9004      0.138
   22.9126         50   22.0804          0   22.9126     62.739   22.9126     -1.767
   22.9248         71   22.0926          0   22.9248     62.600   22.9248      0.983
   22.9370         65   22.1048          0   22.9370     62.462   22.9370      0.310
   22.9492         64   22.1170          0   22.9492     62.324   22.9492      0.206
   22.9614         60   22.1292          0   22.9614     62.186   22.9614     -0.278
   22.9736         60   22.1414          0   22.9736     62.048   22.9736     -0.260
   22.9858         63   22.1536          0   22.9858     61.911   22.9858      0.135
   22.9980         58   22.1658          0   22.9980     61.774   22.9980     -0.487
   23.0103         54   22.1781          0   23.0103     61.638   23.0103     -1.021
   23.0225         75   22.1903          0   23.0225     61.502   23.0225      1.538
   23.0347         64   22.2025          0   23.0347     61.366   23.0347      0.324
   23.0469         74   22.2147          0   23.0469     61.230   23.0469      1.465
   23.0591         60   22.2269          1   23.0591     61.095   23.0591     -0.139
   23.0713         72   22.2391          0   23.0713     60.959   23.0713      1.283
   23.0835         59   22.2513          0   23.0835     60.825   23.0835     -0.234
   23.0957         67   22.2635          0   23.0957     60.690   23.0957      0.760
   23.1079         64   22.2757          0   23.1079     60.556   23.1079      0.424
   23.1201         57   22.2879          0   23.1201     60.422   23.1201     -0.446
   23.1323         57   22.3001          0   23.1323     60.289   23.1323     -0.428
   23.1445         47   22.3123          0   23.1445     60.155   23.1445     -1.879
   23.1567         59   22.3245          0   23.1567     60.022   23.1567     -0.131
   23.1689         69   22.3367          1   23.1689     59.890   23.1689      1.081
   23.1812         65   22.3490          0   23.1812     59.757   23.1812      0.641
   23.1934         61   22.3612          1   23.1934     59.625   23.1934      0.173
   23.2056         51   22.3734          0   23.2056     59.493   23.2056     -1.167
   23.2178         54   22.3856          0   23.2178     59.362   23.2178     -0.717
   23.2300         76   22.3978          0   23.2300     59.230   23.2300      1.899
   23.2422         73   22.4100          0   23.2422     59.100   23.2422      1.605
   23.2544         62   22.4222          0   23.2544     58.969   23.2544      0.379
   23.2666         69   22.4344          1   23.2666     58.838   23.2666      1.206
   23.2788         52   22.4466          0   23.2788     58.708   23.2788     -0.913
   23.2910         59   22.4588          0   23.2910     58.579   23.2910      0.054
   23.3032         59   22.4710          0   23.3032     58.449   23.3032      0.071
   23.3154         67   22.4832          0   23.3154     58.320   23.3154      1.045
   23.3276         65   22.4954          0   23.3276     58.191   23.3276      0.832
   23.3398         52   22.5076          0   23.3398     58.062   23.3398     -0.825
   23.3521         70   22.5199          0   23.3521     57.934   23.3521      1.422
   23.3643         61   22.5321          0   23.3643     57.806   23.3643      0.402
   23.3765         60   22.5443          0   23.3765     57.678   23.3765      0.295
   23.3887         59   22.5565          0   23.3887     57.551   23.3887      0.186
   23.4009         58   22.5687          0   23.4009     57.423   23.4009      0.074
   23.4131         67   22.5809          0   23.4131     57.296   23.4131      1.168
   23.4253         44   22.5931          0   23.4253     57.170   23.4253     -1.942
   23.4375         50   22.6053          0   23.4375     57.043   23.4375     -0.977
   23.4497         62   22.6175          0   23.4497     56.917   23.4497      0.635
   23.4619         57   22.6297          0   23.4619     56.791   23.4619      0.027
   23.4741         64   22.6419          0   23.4741     56.666   23.4741      0.903
   23.4863         61   22.6541          0   23.4863     56.540   23.4863      0.562
   23.4985         60   22.6663          0   23.4985     56.415   23.4985      0.455
   23.5107         56   22.6785          1   23.5107     56.291   23.5107     -0.038
   23.5229         64   22.6908          0   23.5229     56.166   23.5229      0.964
   23.5352         47   22.7030          1   23.5352     56.042   23.5352     -1.292
   23.5474         61   22.7152          0   23.5474     55.918   23.5474      0.640
   23.5596         54   22.7274          0   23.5596     55.795   23.5596     -0.240
   23.5718         51   22.7396          0   23.5718     55.671   23.5718     -0.642
   23.5840         60   22.7518          0   23.5840     55.548   23.5840      0.565
   23.5962         55   22.7640          0   23.5962     55.425   23.5962     -0.056
   23.6084         65   22.7762          0   23.6084     55.303   23.6084      1.185
   23.6206         54   22.7884          0   23.6206     55.181   23.6206     -0.158
   23.6328         63   22.8006          0   23.6328     55.059   23.6328      0.985
   23.6450         52   22.8128          0   23.6450     54.937   23.6450     -0.400
   23.6572         73   22.8250          0   23.6572     54.815   23.6572      2.100
   23.6694         76   22.8372          0   23.6694     54.694   23.6694      2.412
   23.6816         71   22.8494          0   23.6816     54.573   23.6816      1.923
   23.6938         49   22.8616          0   23.6938     54.453   23.6938     -0.764
   23.7061         57   22.8739          0   23.7061     54.332   23.7061      0.347
   23.7183         58   22.8861          0   23.7183     54.212   23.7183      0.489
   23.7305         67   22.8983          0   23.7305     54.092   23.7305      1.554
   23.7427         44   22.9105          0   23.7427     53.973   23.7427     -1.470
   23.7549         57   22.9227          0   23.7549     53.853   23.7549      0.410
   23.7671         51   22.9349          0   23.7671     53.734   23.7671     -0.376
   23.7793         57   22.9471          0   23.7793     53.615   23.7793      0.441
   23.7915         46   22.9593          0   23.7915     53.497   23.7915     -1.082
   23.8037         48   22.9715          0   23.8037     53.379   23.8037     -0.761
   23.8159         56   22.9837          0   23.8159     53.261   23.8159      0.360
   23.8281         53   22.9959          0   23.8281     53.143   23.8281     -0.019
   23.8403         48   23.0081          0   23.8403     53.025   23.8403     -0.711
   23.8525         71   23.0203          0   23.8525     52.908   23.8525      2.117
   23.8647         58   23.0325          0   23.8647     52.791   23.8647      0.672
   23.8770         66   23.0448          0   23.8770     52.674   23.8770      1.616
   23.8892         49   23.0570          0   23.8892     52.558   23.8892     -0.498
   23.9014         55   23.0692          0   23.9014     52.442   23.9014      0.339
   23.9136         56   23.0814          0   23.9136     52.326   23.9136      0.482
   23.9258         60   23.0936          0   23.9258     52.210   23.9258      0.989
   23.9380         61   23.1058          0   23.9380     52.095   23.9380      1.122
   23.9502         58   23.1180          0   23.9502     51.980   23.9502      0.777
   23.9624         55   23.1302          0   23.9624     51.865   23.9624      0.415
   23.9746         61   23.1424          0   23.9746     51.750   23.9746      1.165
   23.9868         55   23.1546          0   23.9868     51.636   23.9868      0.446
   23.9990         52   23.1668          0   23.9990     51.521   23.9990      0.065
   24.0112         57   23.1790          0   24.0112     51.408   24.0112      0.728
   24.0234         47   23.1912          0   24.0234     51.294   24.0234     -0.613
   24.0356         59   23.2034          1   24.0356     51.180   24.0356      1.001
   24.0479         43   23.2157          0   24.0479     51.067   24.0479     -1.203
   24.0601         68   23.2279          0   24.0601     50.954   24.0601      2.037
   24.0723         59   23.2401          0   24.0723     50.842   24.0723      1.045
   24.0845         64   23.2523          0   24.0845     50.729   24.0845      1.634
   24.0967         52   23.2645          0   24.0967     50.617   24.0967      0.188
   24.1089         56   23.2767          0   24.1089     50.505   24.1089      0.721
   24.1211         59   23.2889          0   24.1211     50.394   24.1211      1.102
   24.1333         50   23.3011          0   24.1333     50.282   24.1333     -0.039
   24.1455         49   23.3133          0   24.1455     50.171   24.1455     -0.164
   24.1577         30   23.3255          0   24.1577     50.060   24.1577     -3.546
   24.1699         63   23.3377          0   24.1699     49.949   24.1699      1.619
   24.1821         55   23.3499          0   24.1821     49.839   24.1821      0.684
   24.1943         51   23.3621          0   24.1943     49.729   24.1943      0.175
   24.2065         48   23.3743          0   24.2065     49.619   24.2065     -0.229
   24.2188         50   23.3866          0   24.2188     49.509   24.2188      0.068
   24.2310         45   23.3988          0   24.2310     49.400   24.2310     -0.642
   24.2432         45   23.4110          0   24.2432     49.291   24.2432     -0.626
   24.2554         40   23.4232          0   24.2554     49.182   24.2554     -1.417
   24.2676         45   23.4354          0   24.2676     49.073   24.2676     -0.594
   24.2798         43   23.4476          0   24.2798     48.964   24.2798     -0.889
   24.2920         54   23.4598          0   24.2920     48.856   24.2920      0.687
   24.3042         50   23.4720          0   24.3042     48.748   24.3042      0.174
   24.3164         60   23.4842          1   24.3164     48.640   24.3164      1.443
   24.3286         45   23.4964          0   24.3286     48.533   24.3286     -0.515
   24.3408         55   23.5086          0   24.3408     48.425   24.3408      0.871
   24.3530         56   23.5208          0   24.3530     48.318   24.3530      1.009
   24.3652         46   23.5330          0   24.3652     48.212   24.3652     -0.319
   24.3774         45   23.5452          0   24.3774     48.105   24.3774     -0.453
   24.3896         42   23.5574          0   24.3896     47.999   24.3896     -0.904
   24.4019         48   23.5697          0   24.4019     47.892   24.4019      0.015
   24.4141         40   23.5819          0   24.4141     47.787   24.4141     -1.201
   24.4263         43   23.5941          0   24.4263     47.681   24.4263     -0.698
   24.4385         45   23.6063          0   24.4385     47.576   24.4385     -0.376
   24.4507         60   23.6185          0   24.4507     47.470   24.4507      1.591
   24.4629         47   23.6307          0   24.4629     47.365   24.4629     -0.052
   24.4751         46   23.6429          0   24.4751     47.261   24.4751     -0.182
   24.4873         47   23.6551          0   24.4873     47.156   24.4873     -0.022
   24.4995         47   23.6673          0   24.4995     47.052   24.4995     -0.007
   24.5117         42   23.6795          0   24.5117     46.948   24.5117     -0.746
   24.5239         51   23.6917          0   24.5239     46.844   24.5239      0.571
   24.5361         38   23.7039          0   24.5361     46.741   24.5361     -1.382
   24.5483         45   23.7161          0   24.5483     46.637   24.5483     -0.239
   24.5605         51   23.7283          0   24.5605     46.534   24.5605      0.613
   24.5728         47   23.7406          0   24.5728     46.431   24.5728      0.081
   24.5850         55   23.7528          0   24.5850     46.329   24.5850      1.149
   24.5972         55   23.7650          0   24.5972     46.226   24.5972      1.162
   24.6094         36   23.7772          0   24.6094     46.124   24.6094     -1.642
   24.6216         64   23.7894          0   24.6216     46.022   24.6216      2.213
   24.6338         45   23.8016          0   24.6338     45.920   24.6338     -0.134
   24.6460         50   23.8138          0   24.6460     45.819   24.6460      0.580
   24.6582         39   23.8260          0   24.6582     45.717   24.6582     -1.049
   24.6704         53   23.8382          0   24.6704     45.616   24.6704      0.996
   24.6826         54   23.8504          0   24.6826     45.515   24.6826      1.134
   24.6948         35   23.8626          0   24.6948     45.415   24.6948     -1.712
   24.7070         46   23.8748          0   24.7070     45.314   24.7070      0.099
   24.7192         42   23.8870          0   24.7192     45.214   24.7192     -0.485
   24.7314         45   23.8992          0   24.7314     45.114   24.7314     -0.017
   24.7437         44   23.9115          0   24.7437     45.015   24.7437     -0.150
   24.7559         54   23.9237          0   24.7559     44.915   24.7559      1.214
   24.7681         48   23.9359          0   24.7681     44.816   24.7681      0.450
   24.7803         51   23.9481          0   24.7803     44.717   24.7803      0.863
   24.7925         56   23.9603          0   24.7925     44.618   24.7925      1.495
   24.8047         45   23.9725          0   24.8047     44.519   24.8047      0.070
   24.8169         45   23.9847          0   24.8169     44.421   24.8169      0.084
   24.8291         50   23.9969          0   24.8291     44.323   24.8291      0.787
   24.8413         53   24.0091          0   24.8413     44.225   24.8413      1.183
   24.8535         45   24.0213          0   24.8535     44.127   24.8535      0.127
   24.8657         49   24.0335          0   24.8657     44.029   24.8657      0.696
   24.8779         40   24.0457          0   24.8779     43.932   24.8779     -0.607
   24.8901         47   24.0579          0   24.8901     43.835   24.8901      0.452
   24.9023         49   24.0701          0   24.9023     43.738   24.9023      0.737
   24.9146         61   24.0824          1   24.9146     43.641   24.9146      2.187
   24.9268         45   24.0946          0   24.9268     43.545   24.9268      0.212
   24.9390         45   24.1068          0   24.9390     43.448   24.9390      0.226
   24.9512         47   24.1190          0   24.9512     43.352   24.9512      0.521
   24.9634         50   24.1312          0   24.9634     43.256   24.9634      0.935
   24.9756         45   24.1434          1   24.9756     43.161   24.9756      0.268
   24.9878         35   24.1556          0   24.9878     43.065   24.9878     -1.326
   25.0000         44   24.1678          0   25.0000     42.970   25.0000      0.152
   25.0122         54   24.1800          1   25.0122     42.875   25.0122      1.487
   25.0244         40   24.1922          0   25.0244     42.780   25.0244     -0.429
   25.0366         33   24.2044          0   25.0366     42.686   25.0366     -1.637
   25.0488         37   24.2166          0   25.0488     42.591   25.0488     -0.895
   25.0610         28   24.2288          0   25.0610     42.497   25.0610     -2.647
   25.0732         40   24.2410          0   25.0732     42.403   25.0732     -0.371
   25.0854         45   24.2533          0   25.0854     42.310   25.0854      0.392
   25.0977         43   24.2655          0   25.0977     42.216   25.0977      0.117
   25.1099         29   24.2777          0   25.1099     42.123   25.1099     -2.357
   25.1221         54   24.2899          0   25.1221     42.030   25.1221      1.600
   25.1343         54   24.3021          0   25.1343     41.937   25.1343      1.612
   25.1465         34   24.3143          0   25.1465     41.844   25.1465     -1.307
   25.1587         42   24.3265          0   25.1587     41.751   25.1587      0.037
   25.1709         43   24.3387          0   25.1709     41.659   25.1709      0.200
   25.1831         30   24.3509          0   25.1831     41.567   25.1831     -2.045
   25.1953         35   24.3631          0   25.1953     41.475   25.1953     -1.064
   25.2075         45   24.3753          0   25.2075     41.383   25.2075      0.528
   25.2197         41   24.3875          0   25.2197     41.292   25.2197     -0.045
   25.2319         43   24.3997          0   25.2319     41.201   25.2319      0.268
   25.2441         48   24.4119          0   25.2441     41.110   25.2441      0.974
   25.2563         34   24.4241          0   25.2563     41.019   25.2563     -1.170
   25.2686         45   24.4364          0   25.2686     40.928   25.2686      0.594
   25.2808         55   24.4486          0   25.2808     40.838   25.2808      1.876
   25.2930         35   24.4608          0   25.2930     40.747   25.2930     -0.945
   25.3052         55   24.4730          0   25.3052     40.657   25.3052      1.900
   25.3174         43   24.4852          1   25.3174     40.567   25.3174      0.363
   25.3296         46   24.4974          0   25.3296     40.478   25.3296      0.797
   25.3418         45   24.5096          0   25.3418     40.388   25.3418      0.673
   25.3540         45   24.5218          0   25.3540     40.299   25.3540      0.686
   25.3662         38   24.5340          0   25.3662     40.210   25.3662     -0.349
   25.3784         46   24.5462          0   25.3784     40.121   25.3784      0.849
   25.3906         39   24.5584          0   25.3906     40.032   25.3906     -0.161
   25.4028         30   24.5706          0   25.4028     39.944   25.4028     -1.758
   25.4150         29   24.5828          0   25.4150     39.855   25.4150     -1.950
   25.4272         47   24.5950          0   25.4272     39.767   25.4272      1.033
   25.4395         51   24.6073          0   25.4395     39.679   25.4395      1.555
   25.4517         53   24.6195          0   25.4517     39.591   25.4517      1.808
   25.4639         40   24.6317          0   25.4639     39.504   25.4639      0.077
   25.4761         37   24.6439          0   25.4761     39.417   25.4761     -0.387
   25.4883         42   24.6561          0   25.4883     39.329   25.4883      0.403
   25.5005         35   24.6683          0   25.5005     39.243   25.5005     -0.697
   25.5127         29   24.6805          0   25.5127     39.156   25.5127     -1.824
   25.5249         39   24.6927          0   25.5249     39.069   25.5249     -0.011
   25.5371         33   24.7049          0   25.5371     38.983   25.5371     -1.011
   25.5493         31   24.7171          0   25.5493     38.897   25.5493     -1.375
   25.5615         37   24.7293          0   25.5615     38.811   25.5615     -0.290
   25.5737         53   24.7415          0   25.5737     38.725   25.5737      1.925
   25.5859         30   24.7537          0   25.5859     38.639   25.5859     -1.527
   25.5981         43   24.7659          0   25.5981     38.554   25.5981      0.663
   25.6104         34   24.7782          0   25.6104     38.469   25.6104     -0.745
   25.6226         36   24.7904          0   25.6226     38.384   25.6226     -0.387
   25.6348         45   24.8026          0   25.6348     38.299   25.6348      0.977
   25.6470         35   24.8148          0   25.6470     38.214   25.6470     -0.528
   25.6592         42   24.8270          0   25.6592     38.130   25.6592      0.584
   25.6714         42   24.8392          1   25.6714     38.045   25.6714      0.596
   25.6836         35   24.8514          0   25.6836     37.961   25.6836     -0.487
   25.6958         42   24.8636          0   25.6958     37.877   25.6958      0.622
   25.7080         44   24.8758          0   25.7080     37.793   25.7080      0.915
   25.7202         38   24.8880          0   25.7202     37.710   25.7202      0.046
   25.7324         41   24.9002          0   25.7324     37.626   25.7324      0.514
   25.7446         42   24.9124          0   25.7446     37.543   25.7446      0.672
   25.7568         39   24.9246          0   25.7568     37.460   25.7568      0.240
   25.7690         38   24.9368          0   25.7690     37.377   25.7690      0.098
   25.7813         31   24.9491          0   25.7813     37.295   25.7813     -1.096
   25.7935         37   24.9613          1   25.7935     37.212   25.7935     -0.034
   25.8057         37   24.9735          1   25.8057     37.130   25.8057     -0.021
   25.8179         44   24.9857          0   25.8179     37.048   25.8179      1.025
   25.8301         39   24.9979          0   25.8301     36.966   25.8301      0.318
   25.8423         35   25.0101          0   25.8423     36.884   25.8423     -0.310
   25.8545         39   25.0223          0   25.8545     36.803   25.8545      0.343
   25.8667         36   25.0345          0   25.8667     36.721   25.8667     -0.117
   25.8789         27   25.0467          0   25.8789     36.640   25.8789     -1.790
   25.8911         37   25.0589          0   25.8911     36.559   25.8911      0.071
   25.9033         35   25.0711          0   25.9033     36.478   25.9033     -0.243
   25.9155         30   25.0833          0   25.9155     36.398   25.9155     -1.131
   25.9277         37   25.0955          0   25.9277     36.317   25.9277      0.109
   25.9399         29   25.1077          0   25.9399     36.237   25.9399     -1.300
   25.9521         44   25.1200          0   25.9521     36.157   25.9521      1.156
   25.9644         37   25.1322          0   25.9644     36.077   25.9644      0.148
   25.9766         30   25.1444          0   25.9766     35.997   25.9766     -1.060
   25.9888         44   25.1566          0   25.9888     35.918   25.9888      1.192
   26.0010         43   25.1688          0   26.0010     35.838   26.0010      1.068
   26.0132         31   25.1810          0   26.0132     35.759   26.0132     -0.828
   26.0254         39   25.1932          0   26.0254     35.680   26.0254      0.519
   26.0376         45   25.2054          0   26.0376     35.601   26.0376      1.371
   26.0498         28   25.2176          0   26.0498     35.522   26.0498     -1.373
   26.0620         35   25.2298          0   26.0620     35.444   26.0620     -0.073
   26.0742         44   25.2420          0   26.0742     35.365   26.0742      1.273
   26.0864         40   25.2542          0   26.0864     35.287   26.0864      0.727
   26.0986         35   25.2664          0   26.0986     35.209   26.0986     -0.034
   26.1108         35   25.2786          0   26.1108     35.131   26.1108     -0.022
   26.1230         47   25.2908          0   26.1230     35.054   26.1230      1.707
   26.1353         32   25.3031          0   26.1353     34.976   26.1353     -0.510
   26.1475         34   25.3153          0   26.1475     34.899   26.1475     -0.150
   26.1597         35   25.3275          0   26.1597     34.822   26.1597      0.029
   26.1719         38   25.3397          0   26.1719     34.745   26.1719      0.515
   26.1841         44   25.3519          0   26.1841     34.668   26.1841      1.376
   26.1963         44   25.3641          0   26.1963     34.591   26.1963      1.387
   26.2085         33   25.3763          0   26.2085     34.515   26.2085     -0.256
   26.2207         46   25.3885          0   26.2207     34.439   26.2207      1.669
   26.2329         37   25.4007          0   26.2329     34.362   26.2329      0.422
   26.2451         36   25.4129          0   26.2451     34.286   26.2451      0.278
   26.2573         38   25.4251          0   26.2573     34.211   26.2573      0.599
   26.2695         38   25.4373          0   26.2695     34.135   26.2695      0.611
   26.2817         43   25.4495          0   26.2817     34.060   26.2817      1.333
   26.2939         27   25.4617          0   26.2939     33.984   26.2939     -1.297
   26.3062         40   25.4740          0   26.3062     33.909   26.3062      0.940
   26.3184         39   25.4862          0   26.3184     33.834   26.3184      0.807
   26.3306         32   25.4984          0   26.3306     33.759   26.3306     -0.302
   26.3428         34   25.5106          0   26.3428     33.685   26.3428      0.053
   26.3550         26   25.5228          0   26.3550     33.610   26.3550     -1.438
   26.3672         28   25.5350          0   26.3672     33.536   26.3672     -1.011
   26.3794         38   25.5472          0   26.3794     33.462   26.3794      0.718
   26.3916         45   25.5594          0   26.3916     33.388   26.3916      1.694
   26.4038         35   25.5716          0   26.4038     33.314   26.4038      0.277
   26.4160         38   25.5838          0   26.4160     33.240   26.4160      0.753
   26.4282         36   25.5960          1   26.4282     33.167   26.4282      0.460
   26.4404         30   25.6082          0   26.4404     33.093   26.4404     -0.547
   26.4526         41   25.6204          0   26.4526     33.020   26.4526      1.217
   26.4648         31   25.6326          0   26.4648     32.947   26.4648     -0.339
   26.4771         33   25.6449          0   26.4771     32.874   26.4771      0.021
   26.4893         27   25.6571          0   26.4893     32.802   26.4893     -1.077
   26.5015         29   25.6693          0   26.5015     32.729   26.5015     -0.670
   26.5137         39   25.6815          0   26.5137     32.657   26.5137      0.991
   26.5259         38   25.6937          0   26.5259     32.585   26.5259      0.856
   26.5381         29   25.7059          0   26.5381     32.513   26.5381     -0.631
   26.5503         34   25.7181          1   26.5503     32.441   26.5503      0.260
   26.5625         36   25.7303          0   26.5625     32.369   26.5625      0.589
   26.5747         41   25.7425          0   26.5747     32.298   26.5747      1.327
   26.5869         35   25.7547          0   26.5869     32.226   26.5869      0.456
   26.5991         44   25.7669          0   26.5991     32.155   26.5991      1.747
   26.6113         31   25.7791          0   26.6113     32.084   26.6113     -0.189
   26.6235         33   25.7913          0   26.6235     32.013   26.6235      0.167
   26.6357         24   25.8035          1   26.6357     31.942   26.6357     -1.558
   26.6479         35   25.8158          0   26.6479     31.871   26.6479      0.514
   26.6602         34   25.8280          0   26.6602     31.801   26.6602      0.367
   26.6724         36   25.8402          0   26.6724     31.731   26.6724      0.693
   26.6846         40   25.8524          0   26.6846     31.661   26.6846      1.287
   26.6968         41   25.8646          0   26.6968     31.591   26.6968      1.435
   26.7090         28   25.8768          0   26.7090     31.521   26.7090     -0.643
   26.7212         33   25.8890          0   26.7212     31.451   26.7212      0.262
   26.7334         37   25.9012          0   26.7334     31.381   26.7334      0.900
   26.7456         29   25.9134          0   26.7456     31.312   26.7456     -0.415
   26.7578         37   25.9256          1   26.7578     31.243   26.7578      0.922
   26.7700         39   25.9378          0   26.7700     31.174   26.7700      1.222
   26.7822         30   25.9500          0   26.7822     31.105   26.7822     -0.195
   26.7944         25   25.9622          0   26.7944     31.036   26.7944     -1.162
   26.8066         30   25.9744          1   26.8066     30.967   26.8066     -0.171
   26.8188         39   25.9866          0   26.8188     30.899   26.8188      1.265
   26.8311         30   25.9989          0   26.8311     30.831   26.8311     -0.147
   26.8433         28   26.0111          0   26.8433     30.763   26.8433     -0.504
   26.8555         33   26.0233          0   26.8555     30.695   26.8555      0.390
   26.8677         40   26.0355          0   26.8677     30.627   26.8677      1.446
   26.8799         27   26.0477          0   26.8799     30.559   26.8799     -0.661
   26.8921         34   26.0599          0   26.8921     30.491   26.8921      0.585
   26.9043         35   26.0721          0   26.9043     30.424   26.9043      0.752
   26.9165         32   26.0843          0   26.9165     30.357   26.9165      0.282
   26.9287         40   26.0965          0   26.9287     30.290   26.9287      1.498
   26.9409         25   26.1087          0   26.9409     30.223   26.9409     -1.005
   26.9531         34   26.1209          0   26.9531     30.156   26.9531      0.641
   26.9653         31   26.1331          0   26.9653     30.089   26.9653      0.159
   26.9775         33   26.1453          0   26.9775     30.023   26.9775      0.503
   26.9897         28   26.1575          0   26.9897     29.956   26.9897     -0.357
   27.0020         34   26.1698          0   27.0020     29.890   27.0020      0.685
   27.0142         41   26.1820          0   27.0142     29.824   27.0142      1.704
   27.0264         22   26.1942          0   27.0264     29.758   27.0264     -1.584
   27.0386         37   26.2064          0   27.0386     29.692   27.0386      1.170
   27.0508         22   26.2186          0   27.0508     29.627   27.0508     -1.557
   27.0630         30   26.2308          0   27.0630     29.561   27.0630      0.078
   27.0752         39   26.2430          0   27.0752     29.496   27.0752      1.484
   27.0874         42   26.2552          0   27.0874     29.431   27.0874      1.895
   27.0996         29   26.2674          0   27.0996     29.365   27.0996     -0.066
   27.1118         28   26.2796          0   27.1118     29.301   27.1118     -0.237
   27.1240         29   26.2918          0   27.1240     29.236   27.1240     -0.042
   27.1362         23   26.3040          1   27.1362     29.171   27.1362     -1.234
   27.1484         38   26.3162          0   27.1484     29.107   27.1484      1.406
   27.1606         34   26.3284          0   27.1606     29.042   27.1606      0.826
   27.1729         33   26.3407          0   27.1729     28.978   27.1729      0.680
   27.1851         20   26.3529          0   27.1851     28.914   27.1851     -1.901
   27.1973         26   26.3651          0   27.1973     28.850   27.1973     -0.539
   27.2095         25   26.3773          0   27.2095     28.786   27.2095     -0.729
   27.2217         41   26.3895          0   27.2217     28.723   27.2217      1.872
   27.2339         15   26.4017          0   27.2339     28.659   27.2339     -3.313
   27.2461         33   26.4139          0   27.2461     28.596   27.2461      0.744
   27.2583         34   26.4261          0   27.2583     28.533   27.2583      0.911
   27.2705         22   26.4383          0   27.2705     28.469   27.2705     -1.321
   27.2827         32   26.4505          1   27.2827     28.407   27.2827      0.616
   27.2949         29   26.4627          0   27.2949     28.344   27.2949      0.118
   27.3071         28   26.4749          0   27.3071     28.281   27.3071     -0.051
   27.3193         27   26.4871          0   27.3193     28.219   27.3193     -0.226
   27.3315         33   26.4993          0   27.3315     28.156   27.3315      0.819
   27.3438         34   26.5116          0   27.3438     28.094   27.3438      0.984
   27.3560         28   26.5238          0   27.3560     28.032   27.3560     -0.006
   27.3682         32   26.5360          0   27.3682     27.970   27.3682      0.691
   27.3804         43   26.5482          0   27.3804     27.908   27.3804      2.250
   27.3926         25   26.5604          0   27.3926     27.846   27.3926     -0.548
   27.4048         29   26.5726          0   27.4048     27.785   27.4048      0.218
   27.4170         21   26.5848          0   27.4170     27.723   27.4170     -1.402
   27.4292         38   26.5970          0   27.4292     27.662   27.4292      1.634
   27.4414         27   26.6092          0   27.4414     27.601   27.4414     -0.112
   27.4536         30   26.6214          1   27.4536     27.540   27.4536      0.435
   27.4658         34   26.6336          0   27.4658     27.479   27.4658      1.087
   27.4780         18   26.6458          0   27.4780     27.418   27.4780     -2.106
   27.4902         28   26.6580          0   27.4902     27.358   27.4902      0.117
   27.5024         26   26.6702          0   27.5024     27.297   27.5024     -0.245
   27.5146         23   26.6825          0   27.5146     27.237   27.5146     -0.847
   27.5269         25   26.6947          0   27.5269     27.177   27.5269     -0.419
   27.5391         35   26.7069          0   27.5391     27.116   27.5391      1.296
   27.5513         23   26.7191          0   27.5513     27.056   27.5513     -0.811
   27.5635         25   26.7313          1   27.5635     26.997   27.5635     -0.384
   27.5757         20   26.7435          0   27.5757     26.937   27.5757     -1.479
   27.5879         26   26.7557          0   27.5879     26.877   27.5879     -0.166
   27.6001         33   26.7679          0   27.6001     26.818   27.6001      1.045
   27.6123         47   26.7801          0   27.6123     26.759   27.6123      2.892
   27.6245         41   26.7923          1   27.6245     26.700   27.6245      2.181
   27.6367         32   26.8045          0   27.6367     26.641   27.6367      0.919
   27.6489         22   26.8167          0   27.6489     26.582   27.6489     -0.935
   27.6611         26   26.8289          0   27.6611     26.523   27.6611     -0.099
   27.6733         29   26.8411          0   27.6733     26.464   27.6733      0.455
   27.6855         27   26.8533          0   27.6855     26.406   27.6855      0.110
   27.6978         37   26.8656          0   27.6978     26.347   27.6978      1.706
   27.7100         28   26.8778          0   27.7100     26.289   27.7100      0.312
   27.7222         24   26.8900          0   27.7222     26.231   27.7222     -0.438
   27.7344         38   26.9022          0   27.7344     26.173   27.7344      1.870
   27.7466         27   26.9144          0   27.7466     26.115   27.7466      0.164
   27.7588         27   26.9266          0   27.7588     26.057   27.7588      0.175
   27.7710         20   26.9388          0   27.7710     26.000   27.7710     -1.279
   27.7832         32   26.9510          0   27.7832     25.942   27.7832      1.039
   27.7954         22   26.9632          0   27.7954     25.885   27.7954     -0.793
   27.8076         29   26.9754          0   27.8076     25.828   27.8076      0.570
   27.8198         28   26.9876          0   27.8198     25.771   27.8198      0.407
   27.8320         26   26.9998          0   27.8320     25.714   27.8320      0.054
   27.8442         30   27.0120          0   27.8442     25.657   27.8442      0.768
   27.8564         23   27.0242          0   27.8564     25.600   27.8564     -0.520
   27.8687         27   27.0365          0   27.8687     25.543   27.8687      0.270
   27.8809         27   27.0487          0   27.8809     25.487   27.8809      0.281
   27.8931         19   27.0609          0   27.8931     25.431   27.8931     -1.403
   27.9053         25   27.0731          0   27.9053     25.374   27.9053     -0.072
   27.9175         17   27.0853          0   27.9175     25.318   27.9175     -1.908
   27.9297         29   27.0975          0   27.9297     25.262   27.9297      0.671
   27.9419         25   27.1097          1   27.9419     25.206   27.9419     -0.040
   27.9541         29   27.1219          0   27.9541     25.151   27.9541      0.691
   27.9663         34   27.1341          0   27.9663     25.095   27.9663      1.484
   27.9785         25   27.1463          0   27.9785     25.040   27.9785     -0.008
   27.9907         22   27.1585          0   27.9907     24.984   27.9907     -0.609
   28.0029         20   27.1707          0   28.0029     24.929   28.0029     -1.051
   28.0151         23   27.1829          0   28.0151     24.874   28.0151     -0.375
   28.0273         27   27.1951          0   28.0273     24.819   28.0273      0.405
   28.0396         27   27.2074          0   28.0396     24.764   28.0396      0.415
   28.0518         26   27.2196          0   28.0518     24.709   28.0518      0.244
   28.0640         30   27.2318          1   28.0640     24.655   28.0640      0.945
   28.0762         33   27.2440          0   28.0762     24.600   28.0762      1.420
   28.0884         27   27.2562          0   28.0884     24.546   28.0884      0.456
   28.1006         27   27.2684          0   28.1006     24.492   28.1006      0.466
   28.1128         30   27.2806          0   28.1128     24.437   28.1128      0.983
   28.1250         23   27.2928          0   28.1250     24.383   28.1250     -0.277
   28.1372         23   27.3050          0   28.1372     24.329   28.1372     -0.266
   28.1494         31   27.3172          0   28.1494     24.276   28.1494      1.170
   28.1616         20   27.3294          0   28.1616     24.222   28.1616     -0.900
   28.1738         24   27.3416          0   28.1738     24.168   28.1738     -0.033
   28.1860         31   27.3538          0   28.1860     24.115   28.1860      1.198
   28.1982         20   27.3660          0   28.1982     24.062   28.1982     -0.866
   28.2104         30   27.3783          0   28.2104     24.008   28.2104      1.059
   28.2227         17   27.3905          0   28.2227     23.955   28.2227     -1.596
   28.2349         28   27.4027          0   28.2349     23.902   28.2349      0.748
   28.2471         33   27.4149          0   28.2471     23.850   28.2471      1.547
   28.2593         38   27.4271          0   28.2593     23.797   28.2593      2.246
   28.2715         22   27.4393          0   28.2715     23.744   28.2715     -0.356
   28.2837         21   27.4515          0   28.2837     23.692   28.2837     -0.561
   28.2959         20   27.4637          0   28.2959     23.639   28.2959     -0.776
   28.3081         22   27.4759          0   28.3081     23.587   28.3081     -0.324
   28.3203         26   27.4881          0   28.3203     23.535   28.3203      0.466
   28.3325         32   27.5003          0   28.3325     23.483   28.3325      1.461
   28.3447         21   27.5125          0   28.3447     23.431   28.3447     -0.507
   28.3569         20   27.5247          1   28.3569     23.379   28.3569     -0.721
   28.3691         23   27.5369          0   28.3691     23.328   28.3691     -0.066
   28.3813         34   27.5491          0   28.3813     23.276   28.3813      1.787
   28.3936         21   27.5614          0   28.3936     23.225   28.3936     -0.464
   28.4058         16   27.5736          0   28.4058     23.173   28.4058     -1.691
   28.4180         16   27.5858          0   28.4180     23.122   28.4180     -1.679
   28.4302         29   27.5980          0   28.4302     23.071   28.4302      1.065
   28.4424         18   27.6102          1   28.4424     23.020   28.4424     -1.122
   28.4546         25   27.6224          0   28.4546     22.969   28.4546      0.391
   28.4668         21   27.6346          0   28.4668     22.918   28.4668     -0.400
   28.4790         22   27.6468          0   28.4790     22.867   28.4790     -0.177
   28.4912         25   27.6590          0   28.4912     22.817   28.4912      0.420
   28.5034         26   27.6712          0   28.5034     22.766   28.5034      0.611
   28.5156         21   27.6834          0   28.5156     22.716   28.5156     -0.358
   28.5278         25   27.6956          0   28.5278     22.666   28.5278      0.449
   28.5400         22   27.7078          0   28.5400     22.616   28.5400     -0.126
   28.5522         24   27.7200          0   28.5522     22.566   28.5522      0.281
   28.5645         19   27.7323          0   28.5645     22.516   28.5645     -0.767
   28.5767         18   27.7445          0   28.5767     22.466   28.5767     -0.999
   28.5889         21   27.7567          0   28.5889     22.416   28.5889     -0.295
   28.6011         30   27.7689          0   28.6011     22.367   28.6011      1.349
   28.6133         27   27.7811          0   28.6133     22.317   28.6133      0.870
   28.6255         31   27.7933          0   28.6255     22.268   28.6255      1.520
   28.6377         27   27.8055          0   28.6377     22.219   28.6377      0.888
   28.6499         26   27.8177          0   28.6499     22.170   28.6499      0.724
   28.6621         21   27.8299          0   28.6621     22.121   28.6621     -0.234
   28.6743         19   27.8421          0   28.6743     22.072   28.6743     -0.670
   28.6865         20   27.8543          0   28.6865     22.023   28.6865     -0.431
   28.6987         21   27.8665          0   28.6987     21.974   28.6987     -0.203
   28.7109         28   27.8787          0   28.7109     21.926   28.7109      1.109
   28.7231         20   27.8909          0   28.7231     21.877   28.7231     -0.400
   28.7354         20   27.9032          0   28.7354     21.829   28.7354     -0.390
   28.7476         21   27.9154          0   28.7476     21.781   28.7476     -0.163
   28.7598         22   27.9276          0   28.7598     21.733   28.7598      0.055
   28.7720         17   27.9398          0   28.7720     21.684   28.7720     -1.075
   28.7842         21   27.9520          0   28.7842     21.637   28.7842     -0.133
   28.7964         29   27.9642          0   28.7964     21.589   28.7964      1.331
   28.8086         30   27.9764          0   28.8086     21.541   28.8086      1.495
   28.8208         20   27.9886          0   28.8208     21.493   28.8208     -0.318
   28.8330         19   28.0008          0   28.8330     21.446   28.8330     -0.534
   28.8452         30   28.0130          0   28.8452     21.398   28.8452      1.521
   28.8574         37   28.0252          0   28.8574     21.351   28.8574      2.506
   28.8696         17   28.0374          1   28.8696     21.304   28.8696     -0.987
   28.8818         22   28.0496          0   28.8818     21.257   28.8818      0.152
   28.8940         18   28.0618          0   28.8940     21.210   28.8940     -0.718
   28.9063         34   28.0741          0   28.9063     21.163   28.9063      2.140
   28.9185         18   28.0863          1   28.9185     21.116   28.9185     -0.697
   28.9307         17   28.0985          0   28.9307     21.069   28.9307     -0.934
   28.9429         20   28.1107          0   28.9429     21.023   28.9429     -0.218
   28.9551         23   28.1229          0   28.9551     20.976   28.9551      0.405
   28.9673         19   28.1351          0   28.9673     20.930   28.9673     -0.421
   28.9795         17   28.1473          0   28.9795     20.884   28.9795     -0.891
   28.9917         30   28.1595          0   28.9917     20.838   28.9917      1.620
   29.0039         17   28.1717          0   29.0039     20.791   29.0039     -0.870
   29.0161         21   28.1839          0   29.0161     20.746   29.0161      0.053
   29.0283         27   28.1961          0   29.0283     20.700   29.0283      1.170
   29.0405         21   28.2083          0   29.0405     20.654   29.0405      0.072
   29.0527         19   28.2205          0   29.0527     20.608   29.0527     -0.351
   29.0649         19   28.2327          0   29.0649     20.563   29.0649     -0.341
   29.0771         18   28.2450          0   29.0771     20.517   29.0771     -0.563
   29.0894         24   28.2572          0   29.0894     20.472   29.0894      0.692
   29.1016         13   28.2694          0   29.1016     20.427   29.1016     -1.918
   29.1138         33   28.2816          0   29.1138     20.381   29.1138      2.133
   29.1260         26   28.2938          0   29.1260     20.336   29.1260      1.070
   29.1382         26   28.3060          0   29.1382     20.291   29.1382      1.079
   29.1504         24   28.3182          0   29.1504     20.247   29.1504      0.736
   29.1626         21   28.3304          0   29.1626     20.202   29.1626      0.166
   29.1748         17   28.3426          0   29.1748     20.157   29.1748     -0.724
   29.1870         24   28.3548          0   29.1870     20.113   29.1870      0.762
   29.1992         21   28.3670          0   29.1992     20.068   29.1992      0.194
   29.2114         32   28.3792          0   29.2114     20.024   29.2114      2.054
   29.2236         22   28.3914          0   29.2236     19.979   29.2236      0.412
   29.2358         20   28.4036          0   29.2358     19.935   29.2358      0.014
   29.2480         25   28.4158          0   29.2480     19.891   29.2480      0.983
   29.2603         18   28.4281          0   29.2603     19.847   29.2603     -0.413
   29.2725         16   28.4403          0   29.2725     19.803   29.2725     -0.896
   29.2847         18   28.4525          0   29.2847     19.760   29.2847     -0.393
   29.2969         24   28.4647          0   29.2969     19.716   29.2969      0.840
   29.3091         20   28.4769          0   29.3091     19.672   29.3091      0.070
   29.3213         23   28.4891          0   29.3213     19.629   29.3213      0.674
   29.3335         18   28.5013          0   29.3335     19.585   29.3335     -0.355
   29.3457         20   28.5135          0   29.3457     19.542   29.3457      0.098
   29.3579         23   28.5257          0   29.3579     19.499   29.3579      0.700
   29.3701         18   28.5379          0   29.3701     19.456   29.3701     -0.326
   29.3823         11   28.5501          0   29.3823     19.413   29.3823     -2.333
   29.3945         27   28.5623          0   29.3945     19.370   29.3945      1.417
   29.4067         19   28.5745          0   29.4067     19.327   29.4067     -0.071
   29.4189         22   28.5867          0   29.4189     19.284   29.4189      0.554
   29.4312         26   28.5990          0   29.4312     19.242   29.4312      1.277
   29.4434         17   28.6112          0   29.4434     19.199   29.4434     -0.505
   29.4556         16   28.6234          0   29.4556     19.157   29.4556     -0.744
   29.4678         17   28.6356          0   29.4678     19.114   29.4678     -0.485
   29.4800         26   28.6478          0   29.4800     19.072   29.4800      1.309
   29.4922         13   28.6600          0   29.4922     19.030   29.4922     -1.557
   29.5044         18   28.6722          0   29.5044     18.988   29.5044     -0.221
   29.5166         22   28.6844          0   29.5166     18.946   29.5166      0.623
   29.5288         22   28.6966          0   29.5288     18.904   29.5288      0.632
   29.5410         24   28.7088          0   29.5410     18.862   29.5410      1.008
   29.5532         18   28.7210          0   29.5532     18.820   29.5532     -0.183
   29.5654         29   28.7332          0   29.5654     18.779   29.5654      1.836
   29.5776         18   28.7454          0   29.5776     18.737   29.5776     -0.165
   29.5898         18   28.7576          0   29.5898     18.696   29.5898     -0.156
   29.6021         18   28.7699          1   29.6021     18.655   29.6021     -0.146
   29.6143         19   28.7821          0   29.6143     18.613   29.6143      0.084
   29.6265         13   28.7943          0   29.6265     18.572   29.6265     -1.439
   29.6387         15   28.8065          0   29.6387     18.531   29.6387     -0.856
   29.6509         20   28.8187          0   29.6509     18.490   29.6509      0.322
   29.6631         23   28.8309          0   29.6631     18.449   29.6631      0.910
   29.6753         25   28.8431          0   29.6753     18.408   29.6753      1.269
   29.6875         15   28.8553          0   29.6875     18.368   29.6875     -0.817
   29.6997         24   28.8675          0   29.6997     18.327   29.6997      1.113
   29.7119         19   28.8797          0   29.7119     18.287   29.7119      0.156
   29.7241         19   28.8919          0   29.7241     18.246   29.7241      0.164
   29.7363         23   28.9041          0   29.7363     18.206   29.7363      0.959
   29.7485         15   28.9163          0   29.7485     18.166   29.7485     -0.768
   29.7607         15   28.9285          0   29.7607     18.125   29.7607     -0.758
   29.7729         18   28.9408          0   29.7729     18.085   29.7729     -0.019
   29.7852         23   28.9530          0   29.7852     18.045   29.7852      0.991
   29.7974         13   28.9652          0   29.7974     18.006   29.7974     -1.292
   29.8096         18   28.9774          0   29.8096     17.966   29.8096      0.008
   29.8218         21   28.9896          0   29.8218     17.926   29.8218      0.641
   29.8340         20   29.0018          0   29.8340     17.886   29.8340      0.451
   29.8462         16   29.0140          0   29.8462     17.847   29.8462     -0.435
   29.8584         15   29.0262          0   29.8584     17.807   29.8584     -0.681
   29.8706         12   29.0384          0   29.8706     17.768   29.8706     -1.541
   29.8828         19   29.0506          0   29.8828     17.729   29.8828      0.277
   29.8950         12   29.0628          0   29.8950     17.690   29.8950     -1.520
   29.9072         20   29.0750          0   29.9072     17.650   29.9072      0.501
   29.9194         21   29.0872          0   29.9194     17.611   29.9194      0.707
   29.9316         19   29.0994          0   29.9316     17.572   29.9316      0.311
   29.9438         19   29.1116          0   29.9438     17.534   29.9438      0.320
   29.9561         22   29.1239          0   29.9561     17.495   29.9561      0.920
   29.9683         22   29.1361          0   29.9683     17.456   29.9683      0.928
   29.9805         20   29.1483          0   29.9805     17.418   29.9805      0.551
   29.9927         14   29.1605          0   29.9927     17.379   29.9927     -0.845
   30.0049         18   29.1727          0   30.0049     17.341   30.0049      0.147
   30.0171         18   29.1849          0   30.0171     17.302   30.0171      0.156
   30.0293         17   29.1971          0   30.0293     17.264   30.0293     -0.061
   30.0415         17   29.2093          0   30.0415     17.226   30.0415     -0.052
   30.0537         18   29.2215          2   30.0537     17.188   30.0537      0.182
   30.0659         25   29.2337          0   30.0659     17.150   30.0659      1.511
   30.0781         24   29.2459          0   30.0781     17.112   30.0781      1.351
   30.0903         17   29.2581          0   30.0903     17.074   30.0903     -0.017
   30.1025         19   29.2703          0   30.1025     17.036   30.1025      0.428
   30.1147         17   29.2825          1   30.1147     16.999   30.1147      0.000
   30.1270         17   29.2948          0   30.1270     16.961   30.1270      0.009
   30.1392         20   29.3070          0   30.1392     16.924   30.1392      0.656
   30.1514         23   29.3192          0   30.1514     16.886   30.1514      1.223
   30.1636         22   29.3314          0   30.1636     16.849   30.1636      1.051
   30.1758         18   29.3436          0   30.1758     16.812   30.1758      0.266
   30.1880         20   29.3558          0   30.1880     16.774   30.1880      0.688
   30.2002         15   29.3680          0   30.2002     16.737   30.2002     -0.421
   30.2124         29   29.3802          0   30.2124     16.700   30.2124      2.209
   30.2246         21   29.3924          0   30.2246     16.663   30.2246      0.904
   30.2368         16   29.4046          0   30.2368     16.627   30.2368     -0.148
   30.2490         19   29.4168          0   30.2490     16.590   30.2490      0.526
   30.2612         20   29.4290          0   30.2612     16.553   30.2612      0.735
   30.2734          8   29.4412          0   30.2734     16.516   30.2734     -2.693
   30.2856         12   29.4534          0   30.2856     16.480   30.2856     -1.197
   30.2979         14   29.4657          0   30.2979     16.444   30.2979     -0.611
   30.3101         15   29.4779          0   30.3101     16.407   30.3101     -0.341
   30.3223         20   29.4901          0   30.3223     16.371   30.3223      0.774
   30.3345         20   29.5023          0   30.3345     16.335   30.3345      0.782
   30.3467         20   29.5145          0   30.3467     16.299   30.3467      0.789
   30.3589         23   29.5267          0   30.3589     16.263   30.3589      1.347
   30.3711         22   29.5389          1   30.3711     16.227   30.3711      1.178
   30.3833         13   29.5511          0   30.3833     16.191   30.3833     -0.824
   30.3955         18   29.5633          0   30.3955     16.155   30.3955      0.413
   30.4077         13   29.5755          0   30.4077     16.119   30.4077     -0.805
   30.4199         22   29.5877          0   30.4199     16.084   30.4199      1.208
   30.4321         17   29.5999          0   30.4321     16.048   30.4321      0.218
   30.4443         25   29.6121          0   30.4443     16.013   30.4443      1.730
   30.4565         18   29.6243          0   30.4565     15.977   30.4565      0.452
   30.4688         19   29.6366          0   30.4688     15.942   30.4688      0.667
   30.4810         14   29.6488          0   30.4810     15.907   30.4810     -0.477
   30.4932         13   29.6610          0   30.4932     15.871   30.4932     -0.741
   30.5054         14   29.6732          0   30.5054     15.836   30.5054     -0.459
   30.5176         14   29.6854          0   30.5176     15.801   30.5176     -0.450
   30.5298         13   29.6976          0   30.5298     15.766   30.5298     -0.714
   30.5420         17   29.7098          0   30.5420     15.732   30.5420      0.291
   30.5542         22   29.7220          0   30.5542     15.697   30.5542      1.287
   30.5664         18   29.7342          0   30.5664     15.662   30.5664      0.523
   30.5786         14   29.7464          0   30.5786     15.627   30.5786     -0.407
   30.5908         23   29.7586          0   30.5908     15.593   30.5908      1.481
   30.6030         17   29.7708          0   30.6030     15.558   30.6030      0.331
   30.6152         19   29.7830          0   30.6152     15.524   30.6152      0.758
   30.6274         12   29.7952          0   30.6274     15.490   30.6274     -0.933
   30.6396         18   29.8075          0   30.6396     15.455   30.6396      0.569
   30.6519         19   29.8197          0   30.6519     15.421   30.6519      0.781
   30.6641         21   29.8319          0   30.6641     15.387   30.6641      1.170
   30.6763         18   29.8441          0   30.6763     15.353   30.6763      0.592
   30.6885         11   29.8563          0   30.6885     15.319   30.6885     -1.198
   30.7007         20   29.8685          0   30.7007     15.285   30.7007      1.005
   30.7129         20   29.8807          0   30.7129     15.252   30.7129      1.012
   30.7251         13   29.8929          0   30.7251     15.218   30.7251     -0.573
   30.7373         19   29.9051          0   30.7373     15.184   30.7373      0.833
   30.7495         19   29.9173          0   30.7495     15.151   30.7495      0.840
   30.7617         24   29.9295          0   30.7617     15.117   30.7617      1.742
   30.7739         14   29.9417          0   30.7739     15.084   30.7739     -0.271
   30.7861         19   29.9539          0   30.7861     15.050   30.7861      0.862
   30.7983         12   29.9661          0   30.7983     15.017   30.7983     -0.806
   30.8105         23   29.9783          0   30.8105     14.984   30.8105      1.603
   30.8228         18   29.9906          0   30.8228     14.951   30.8228      0.682
   30.8350         19   30.0028          0   30.8350     14.918   30.8350      0.891
   30.8472         16   30.0150          0   30.8472     14.885   30.8472      0.263
   30.8594         15   30.0272          0   30.8594     14.852   30.8594      0.036
   30.8716         11   30.0394          0   30.8716     14.819   30.8716     -1.059
   30.8838         17   30.0516          0   30.8838     14.786   30.8838      0.508
   30.8960         16   30.0638          0   30.8960     14.754   30.8960      0.294
   30.9082         17   30.0760          0   30.9082     14.721   30.9082      0.523
   30.9204         17   30.0882          0   30.9204     14.688   30.9204      0.530
   30.9326         18   30.1004          0   30.9326     14.656   30.9326      0.748
   30.9448         14   30.1126          0   30.9448     14.623   30.9448     -0.156
   30.9570         12   30.1248          0   30.9570     14.591   30.9570     -0.692
   30.9692         17   30.1370          0   30.9692     14.559   30.9692      0.560
   30.9814         14   30.1492          0   30.9814     14.527   30.9814     -0.132
   30.9937         21   30.1615          0   30.9937     14.495   30.9937      1.356
   31.0059         16   30.1737          0   31.0059     14.463   31.0059      0.362
   31.0181         15   30.1859          0   31.0181     14.431   31.0181      0.138
   31.0303         16   30.1981          0   31.0303     14.399   31.0303      0.377
   31.0425         15   30.2103          0   31.0425     14.367   31.0425      0.154
   31.0547         12   30.2225          0   31.0547     14.335   31.0547     -0.624
   31.0669         16   30.2347          1   31.0669     14.303   31.0669      0.400
   31.0791         20   30.2469          0   31.0791     14.272   31.0791      1.221
   31.0913         20   30.2591          1   31.0913     14.240   31.0913      1.228
   31.1035         10   30.2713          0   31.1035     14.209   31.1035     -1.215
   31.1157         22   30.2835          0   31.1157     14.177   31.1157      1.597
   31.1279         15   30.2957          0   31.1279     14.146   31.1279      0.207
   31.1401         12   30.3079          0   31.1401     14.115   31.1401     -0.565
   31.1523         17   30.3201          0   31.1523     14.083   31.1523      0.669
   31.1646         14   30.3324          0   31.1646     14.052   31.1646     -0.013
   31.1768         15   30.3446          0   31.1768     14.021   31.1768      0.237
   31.1890         10   30.3568          0   31.1890     13.990   31.1890     -1.152
   31.2012         15   30.3690          0   31.2012     13.959   31.2012      0.252
   31.2134         16   30.3812          0   31.2134     13.928   31.2134      0.488
   31.2256         15   30.3934          0   31.2256     13.898   31.2256      0.267
   31.2378         15   30.4056          0   31.2378     13.867   31.2378      0.275
   31.2500         17   30.4178          0   31.2500     13.836   31.2500      0.726
   31.2622         22   30.4300          0   31.2622     13.806   31.2622      1.673
   31.2744         20   30.4422          0   31.2744     13.775   31.2744      1.327
   31.2866         15   30.4544          0   31.2866     13.745   31.2866      0.304
   31.2988          6   30.4666          0   31.2988     13.714   31.2988     -2.729
   31.3110         12   30.4788          0   31.3110     13.684   31.3110     -0.450
   31.3232         16   30.4910          0   31.3232     13.654   31.3232      0.553
   31.3354         15   30.5033          0   31.3354     13.624   31.3354      0.334
   31.3477         13   30.5155          0   31.3477     13.593   31.3477     -0.153
   31.3599         13   30.5277          0   31.3599     13.563   31.3599     -0.145
   31.3721         13   30.5399          0   31.3721     13.533   31.3721     -0.138
   31.3843         17   30.5521          0   31.3843     13.503   31.3843      0.802
   31.3965          9   30.5643          0   31.3965     13.474   31.3965     -1.349
   31.4087         23   30.5765          0   31.4087     13.444   31.4087      1.911
   31.4209         12   30.5887          0   31.4209     13.414   31.4209     -0.378
   31.4331         20   30.6009          0   31.4331     13.384   31.4331      1.411
   31.4453         10   30.6131          0   31.4453     13.355   31.4453     -0.969
   31.4575         14   30.6253          0   31.4575     13.325   31.4575      0.169
   31.4697          9   30.6375          0   31.4697     13.296   31.4697     -1.295
   31.4819         19   30.6497          0   31.4819     13.267   31.4819      1.251
   31.4941         13   30.6619          0   31.4941     13.237   31.4941     -0.061
   31.5063         15   30.6741          0   31.5063     13.208   31.5063      0.435
   31.5186         15   30.6864          0   31.5186     13.179   31.5186      0.442
   31.5308         18   30.6986          0   31.5308     13.150   31.5308      1.085
   31.5430         14   30.7108          0   31.5430     13.120   31.5430      0.220
   31.5552         13   30.7230          0   31.5552     13.091   31.5552     -0.024
   31.5674         13   30.7352          0   31.5674     13.063   31.5674     -0.016
   31.5796         19   30.7474          1   31.5796     13.034   31.5796      1.302
   31.5918          9   30.7596          0   31.5918     13.005   31.5918     -1.207
   31.6040         14   30.7718          0   31.6040     12.976   31.6040      0.256
   31.6162         13   30.7840          0   31.6162     12.947   31.6162      0.014
   31.6284         12   30.7962          0   31.6284     12.919   31.6284     -0.246
   31.6406         14   30.8084          0   31.6406     12.890   31.6406      0.277
   31.6528         10   30.8206          0   31.6528     12.862   31.6528     -0.826
   31.6650         17   30.8328          0   31.6650     12.833   31.6650      0.956
   31.6772         14   30.8450          0   31.6772     12.805   31.6772      0.299
   31.6895         18   30.8573          0   31.6895     12.777   31.6895      1.168
   31.7017         10   30.8695          1   31.7017     12.748   31.7017     -0.793
   31.7139         12   30.8817          0   31.7139     12.720   31.7139     -0.192
   31.7261         11   30.8939          0   31.7261     12.692   31.7261     -0.469
   31.7383          8   30.9061          0   31.7383     12.664   31.7383     -1.475
   31.7505         15   30.9183          0   31.7505     12.636   31.7505      0.573
   31.7627         17   30.9305          0   31.7627     12.608   31.7627      1.008
   31.7749         12   30.9427          0   31.7749     12.580   31.7749     -0.155
   31.7871         14   30.9549          0   31.7871     12.552   31.7871      0.362
   31.7993         14   30.9671          0   31.7993     12.525   31.7993      0.369
   31.8115         19   30.9793          0   31.8115     12.497   31.8115      1.419
   31.8237         10   30.9915          0   31.8237     12.469   31.8237     -0.713
   31.8359         15   31.0037          0   31.8359     12.442   31.8359      0.620
   31.8481         14   31.0159          0   31.8481     12.414   31.8481      0.396
   31.8604          5   31.0282          0   31.8604     12.387   31.8604     -2.802
   31.8726         10   31.0404          0   31.8726     12.359   31.8726     -0.681
   31.8848         16   31.0526          0   31.8848     12.332   31.8848      0.864
   31.8970         14   31.0648          0   31.8970     12.305   31.8970      0.424
   31.9092          9   31.0770          0   31.9092     12.278   31.9092     -0.988
   31.9214         11   31.0892          0   31.9214     12.250   31.9214     -0.347
   31.9336         13   31.1014          0   31.9336     12.223   31.9336      0.201
   31.9458         16   31.1136          0   31.9458     12.196   31.9458      0.896
   31.9580         11   31.1258          0   31.9580     12.169   31.9580     -0.324
   31.9702         12   31.1380          0   31.9702     12.142   31.9702     -0.038
   31.9824          9   31.1502          1   31.9824     12.116   31.9824     -0.939
   31.9946          9   31.1624          0   31.9946     12.089   31.9946     -0.931
   32.0068         16   31.1746          0   32.0068     12.062   32.0068      0.928
   32.0190          8   31.1868          1   32.0190     12.035   32.0190     -1.276
   32.0313         12   31.1991          0   32.0313     12.009   32.0313     -0.002
   32.0435         10   31.2113          0   32.0435     11.982   32.0435     -0.572
   32.0557         16   31.2235          0   32.0557     11.956   32.0557      0.953
   32.0679         17   31.2357          0   32.0679     11.929   32.0679      1.163
   32.0801         14   31.2479          0   32.0801     11.903   32.0801      0.524
   32.0923         15   31.2601          0   32.0923     11.877   32.0923      0.758
   32.1045         12   31.2723          0   32.1045     11.850   32.1045      0.040
   32.1167          8   31.2845          0   32.1167     11.824   32.1167     -1.209
   32.1289          8   31.2967          1   32.1289     11.798   32.1289     -1.201
   32.1411          9   31.3089          0   32.1411     11.772   32.1411     -0.836
   32.1533         20   31.3211          0   32.1533     11.746   32.1533      1.760
   32.1655         11   31.3333          0   32.1655     11.720   32.1655     -0.200
   32.1777         14   31.3455          0   32.1777     11.694   32.1777      0.576
   32.1899         12   31.3577          0   32.1899     11.668   32.1899      0.089
   32.2021         11   31.3700          0   32.2021     11.642   32.2021     -0.178
   32.2144         18   31.3822          0   32.2144     11.617   32.2144      1.427
   32.2266          6   31.3944          0   32.2266     11.591   32.2266     -1.978
   32.2388          7   31.4066          0   32.2388     11.565   32.2388     -1.522
   32.2510          6   31.4188          0   32.2510     11.540   32.2510     -1.960
   32.2632          9   31.4310          0   32.2632     11.514   32.2632     -0.758
   32.2754         15   31.4432          0   32.2754     11.489   32.2754      0.852
   32.2876         15   31.4554          0   32.2876     11.463   32.2876      0.858
   32.2998          9   31.4676          0   32.2998     11.438   32.2998     -0.735
   32.3120         17   31.4798          0   32.3120     11.413   32.3120      1.282
   32.3242         16   31.4920          0   32.3242     11.388   32.3242      1.087
   32.3364         11   31.5042          0   32.3364     11.362   32.3364     -0.101
   32.3486         13   31.5164          0   32.3486     11.337   32.3486      0.429
   32.3608         11   31.5286          2   32.3608     11.312   32.3608     -0.087
   32.3730         19   31.5408          0   32.3730     11.287   32.3730      1.683
   32.3853         13   31.5531          0   32.3853     11.262   32.3853      0.449
   32.3975         11   31.5653          0   32.3975     11.237   32.3975     -0.066
   32.4097          4   31.5775          0   32.4097     11.213   32.4097     -2.994
   32.4219         15   31.5897          0   32.4219     11.188   32.4219      0.925
   32.4341         11   31.6019          0   32.4341     11.163   32.4341     -0.045
   32.4463         10   31.6141          0   32.4463     11.138   32.4463     -0.329
   32.4585         11   31.6263          0   32.4585     11.114   32.4585     -0.032
   32.4707         10   31.6385          0   32.4707     11.089   32.4707     -0.314
   32.4829         14   31.6507          0   32.4829     11.065   32.4829      0.734
   32.4951         17   31.6629          0   32.4951     11.040   32.4951      1.367
   32.5073         13   31.6751          1   32.5073     11.016   32.5073      0.512
   32.5195         14   31.6873          0   32.5195     10.991   32.5195      0.752
   32.5317         16   31.6995          0   32.5317     10.967   32.5317      1.186
   32.5439          9   31.7117          0   32.5439     10.943   32.5439     -0.586
   32.5562         15   31.7240          0   32.5562     10.919   32.5562      0.990
   32.5684          7   31.7362          0   32.5684     10.895   32.5684     -1.298
   32.5806         10   31.7484          0   32.5806     10.870   32.5806     -0.251
   32.5928         11   31.7606          0   32.5928     10.846   32.5928      0.043
   32.6050         15   31.7728          0   32.6050     10.822   32.6050      1.013
   32.6172         10   31.7850          0   32.6172     10.798   32.6172     -0.231
   32.6294         12   31.7972          1   32.6294     10.775   32.6294      0.327
   32.6416          9   31.8094          0   32.6416     10.751   32.6416     -0.528
   32.6538         10   31.8216          0   32.6538     10.727   32.6538     -0.210
   32.6660         12   31.8338          0   32.6660     10.703   32.6660      0.347
   32.6782         11   31.8460          0   32.6782     10.680   32.6782      0.089
   32.6904         13   31.8582          0   32.6904     10.656   32.6904      0.605
   32.7026         11   31.8704          0   32.7026     10.632   32.7026      0.102
   32.7148          9   31.8826          1   32.7148     10.609   32.7148     -0.485
   32.7271         13   31.8949          0   32.7271     10.586   32.7271      0.623
   32.7393          9   31.9071          0   32.7393     10.562   32.7393     -0.471
   32.7515          8   31.9193          0   32.7515     10.539   32.7515     -0.803
   32.7637         16   31.9315          1   32.7637     10.515   32.7637      1.293
   32.7759         10   31.9437          0   32.7759     10.492   32.7759     -0.142
   32.7881          5   31.9559          0   32.7881     10.469   32.7881     -2.075
   32.8003          8   31.9681          0   32.8003     10.446   32.8003     -0.774
   32.8125         12   31.9803          0   32.8125     10.423   32.8125      0.421
   32.8247         13   31.9925          0   32.8247     10.400   32.8247      0.671
   32.8369          8   32.0047          0   32.8369     10.377   32.8369     -0.752
   32.8491         10   32.0169          0   32.8491     10.354   32.8491     -0.102
   32.8613          6   32.0291          0   32.8613     10.331   32.8613     -1.532
   32.8735         15   32.0413          0   32.8735     10.308   32.8735      1.138
   32.8857         13   32.0535          0   32.8857     10.285   32.8857      0.701
   32.8979          8   32.0658          0   32.8979     10.263   32.8979     -0.716
   32.9102          6   32.0780          0   32.9102     10.240   32.9102     -1.500
   32.9224          8   32.0902          0   32.9224     10.217   32.9224     -0.701
   32.9346         10   32.1024          0   32.9346     10.195   32.9346     -0.056
   32.9468          8   32.1146          0   32.9468     10.172   32.9468     -0.687
   32.9590         19   32.1268          0   32.9590     10.150   32.9590      1.931
   32.9712         13   32.1390          0   32.9712     10.127   32.9712      0.742
   32.9834          8   32.1512          0   32.9834     10.105   32.9834     -0.666
   32.9956         21   32.1634          0   32.9956     10.082   32.9956      2.276
   33.0078          8   32.1756          0   33.0078     10.060   33.0078     -0.652
   33.0200         13   32.1878          0   33.0200     10.038   33.0200      0.765
   33.0322         10   32.2000          0   33.0322     10.016   33.0322     -0.005
   33.0444          7   32.2122          0   33.0444      9.994   33.0444     -0.998
   33.0566          5   32.2244          0   33.0566      9.971   33.0566     -1.886
   33.0688         14   32.2366          0   33.0688      9.949   33.0688      1.013
   33.0811         22   32.2489          0   33.0811      9.927   33.0811      2.464
   33.0933         11   32.2611          0   33.0933      9.905   33.0933      0.304
   33.1055         13   32.2733          0   33.1055      9.884   33.1055      0.805
   33.1177          9   32.2855          0   33.1177      9.862   33.1177     -0.260
   33.1299         11   32.2977          0   33.1299      9.840   33.1299      0.322
   33.1421          7   32.3099          0   33.1421      9.818   33.1421     -0.939
   33.1543         13   32.3221          0   33.1543      9.796   33.1543      0.827
   33.1665          9   32.3343          0   33.1665      9.775   33.1665     -0.234
   33.1787         12   32.3465          0   33.1787      9.753   33.1787      0.600
   33.1909         12   32.3587          0   33.1909      9.732   33.1909      0.606
   33.2031          5   32.3709          0   33.2031      9.710   33.2031     -1.787
   33.2153          6   32.3831          0   33.2153      9.689   33.2153     -1.305
   33.2275          9   32.3953          0   33.2275      9.667   33.2275     -0.201
   33.2397          7   32.4075          0   33.2397      9.646   33.2397     -0.882
   33.2520         11   32.4198          0   33.2520      9.625   33.2520      0.381
   33.2642         10   32.4320          0   33.2642      9.603   33.2642      0.115
   33.2764          4   32.4442          0   33.2764      9.582   33.2764     -2.317
   33.2886         11   32.4564          0   33.2886      9.561   33.2886      0.399
   33.3008         13   32.4686          0   33.3008      9.540   33.3008      0.893
   33.3130          5   32.4808          1   33.3130      9.519   33.3130     -1.714
   33.3252         13   32.4930          0   33.3252      9.498   33.3252      0.904
   33.3374         10   32.5052          1   33.3374      9.477   33.3374      0.151
   33.3496          9   32.5174          0   33.3496      9.456   33.3496     -0.137
   33.3618         11   32.5296          0   33.3618      9.435   33.3618      0.434
   33.3740         15   32.5418          0   33.3740      9.414   33.3740      1.355
   33.3862          9   32.5540          0   33.3862      9.393   33.3862     -0.118
   33.3984          7   32.5662          0   33.3984      9.372   33.3984     -0.791
   33.4106          7   32.5784          0   33.4106      9.352   33.4106     -0.784
   33.4229          9   32.5907          0   33.4229      9.331   33.4229     -0.100
   33.4351         10   32.6029          0   33.4351      9.310   33.4351      0.199
   33.4473          5   32.6151          0   33.4473      9.290   33.4473     -1.627
   33.4595          3   32.6273          0   33.4595      9.269   33.4595     -2.978
   33.4717          7   32.6395          0   33.4717      9.249   33.4717     -0.750
   33.4839         11   32.6517          0   33.4839      9.228   33.4839      0.491
   33.4961         13   32.6639          0   33.4961      9.208   33.4961      0.979
   33.5083          7   32.6761          0   33.5083      9.187   33.5083     -0.729
   33.5205          7   32.6883          0   33.5205      9.167   33.5205     -0.722
   33.5327         13   32.7005          0   33.5327      9.147   33.5327      0.995
   33.5449          8   32.7127          0   33.5449      9.127   33.5449     -0.356
   33.5571          9   32.7249          0   33.5571      9.106   33.5571     -0.032
   33.5693          6   32.7371          1   33.5693      9.086   33.5693     -1.092
   33.5815         10   32.7493          0   33.5815      9.066   33.5815      0.270
   33.5938          9   32.7616          0   33.5938      9.046   33.5938     -0.014
   33.6060          9   32.7738          0   33.6060      9.026   33.6060     -0.008
   33.6182          8   32.7860          0   33.6182      9.006   33.6182     -0.318
   33.6304          5   32.7982          0   33.6304      8.986   33.6304     -1.512
   33.6426         17   32.8104          0   33.6426      8.966   33.6426      1.843
   33.6548          6   32.8226          0   33.6548      8.947   33.6548     -1.042
   33.6670          9   32.8348          0   33.6670      8.927   33.6670      0.022
   33.6792          9   32.8470          0   33.6792      8.907   33.6792      0.028
   33.6914         10   32.8592          0   33.6914      8.887   33.6914      0.321
   33.7036         13   32.8714          0   33.7036      8.868   33.7036      1.067
   33.7158         10   32.8836          0   33.7158      8.848   33.7158      0.333
   33.7280          5   32.8958          0   33.7280      8.829   33.7280     -1.452
   33.7402         10   32.9080          0   33.7402      8.809   33.7402      0.344
   33.7524          6   32.9202          0   33.7524      8.790   33.7524     -0.987
   33.7646          4   32.9325          0   33.7646      8.770   33.7646     -1.980
   33.7769         18   32.9447          0   33.7769      8.751   33.7769      2.068
   33.7891         11   32.9569          0   33.7891      8.731   33.7891      0.629
   33.8013          9   32.9691          0   33.8013      8.712   33.8013      0.087
   33.8135         11   32.9813          0   33.8135      8.693   33.8135      0.640
   33.8257         10   32.9935          0   33.8257      8.674   33.8257      0.383
   33.8379         13   33.0057          0   33.8379      8.654   33.8379      1.122
   33.8501          5   33.0179          0   33.8501      8.635   33.8501     -1.379
   33.8623          9   33.0301          0   33.8623      8.616   33.8623      0.116
   33.8745          6   33.0423          0   33.8745      8.597   33.8745     -0.919
   33.8867         10   33.0545          0   33.8867      8.578   33.8867      0.410
   33.8989         13   33.0667          0   33.8989      8.559   33.8989      1.147
   33.9111          9   33.0789          0   33.9111      8.540   33.9111      0.139
   33.9233         11   33.0911          1   33.9233      8.521   33.9233      0.687
   33.9355          8   33.1033          0   33.9355      8.503   33.9355     -0.159
   33.9478          7   33.1156          0   33.9478      8.484   33.9478     -0.495
   33.9600          7   33.1278          0   33.9600      8.465   33.9600     -0.488
   33.9722          5   33.1400          0   33.9722      8.446   33.9722     -1.307
   33.9844         17   33.1522          0   33.9844      8.428   33.9844      1.967
   33.9966          7   33.1644          0   33.9966      8.409   33.9966     -0.470
   34.0088          6   33.1766          0   34.0088      8.390   34.0088     -0.846
   34.0210         13   33.1888          0   34.0210      8.372   34.0210      1.195
   34.0332         12   33.2010          0   34.0332      8.353   34.0332      0.975
   34.0454          9   33.2132          0   34.0454      8.335   34.0454      0.201
   34.0576          7   33.2254          0   34.0576      8.316   34.0576     -0.439
   34.0698         10   33.2376          0   34.0698      8.298   34.0698      0.491
   34.0820          6   33.2498          1   34.0820      8.280   34.0820     -0.806
   34.0942          9   33.2620          0   34.0942      8.261   34.0942      0.223
   34.1064          9   33.2742          0   34.1064      8.243   34.1064      0.228
   34.1187          7   33.2865          0   34.1187      8.225   34.1187     -0.408
   34.1309          6   33.2987          0   34.1309      8.207   34.1309     -0.781
   34.1431          9   33.3109          0   34.1431      8.189   34.1431      0.245
   34.1553          5   33.3231          0   34.1553      8.170   34.1553     -1.203
   34.1675          7   33.3353          0   34.1675      8.152   34.1675     -0.384
   34.1797         14   33.3475          0   34.1797      8.134   34.1797      1.466
   34.1919          5   33.3597          0   34.1919      8.116   34.1919     -1.182
   34.2041         12   33.3719          0   34.2041      8.098   34.2041      1.043
   34.2163          6   33.3841          0   34.2163      8.081   34.2163     -0.736
   34.2285          6   33.3963          0   34.2285      8.063   34.2285     -0.730
   34.2407          7   33.4085          0   34.2407      8.045   34.2407     -0.348
   34.2529          7   33.4207          0   34.2529      8.027   34.2529     -0.342
   34.2651         11   33.4329          0   34.2651      8.009   34.2651      0.829
   34.2773          9   33.4451          0   34.2773      7.992   34.2773      0.304
   34.2896          8   33.4574          0   34.2896      7.974   34.2896      0.008
   34.3018          8   33.4696          0   34.3018      7.956   34.3018      0.014
   34.3140          6   33.4818          0   34.3140      7.939   34.3140     -0.686
   34.3262          5   33.4940          0   34.3262      7.921   34.3262     -1.108
   34.3384          6   33.5062          0   34.3384      7.904   34.3384     -0.673
   34.3506          6   33.5184          0   34.3506      7.886   34.3506     -0.667
   34.3628          5   33.5306          0   34.3628      7.869   34.3628     -1.088
   34.3750         10   33.5428          0   34.3750      7.851   34.3750      0.620
   34.3872          7   33.5550          0   34.3872      7.834   34.3872     -0.278
   34.3994          9   33.5672          0   34.3994      7.817   34.3994      0.357
   34.4116          5   33.5794          0   34.4116      7.799   34.4116     -1.062
   34.4238          8   33.5916          0   34.4238      7.782   34.4238      0.069
   34.4360          6   33.6038          0   34.4360      7.765   34.4360     -0.624
   34.4482          9   33.6160          0   34.4482      7.748   34.4482      0.378
   34.4604          9   33.6283          0   34.4604      7.731   34.4604      0.383
   34.4727         14   33.6405          0   34.4727      7.714   34.4727      1.572
   34.4849          9   33.6527          0   34.4849      7.697   34.4849      0.393
   34.4971          4   33.6649          0   34.4971      7.680   34.4971     -1.527
   34.5093         11   33.6771          0   34.5093      7.663   34.5093      0.926
   34.5215          6   33.6893          0   34.5215      7.646   34.5215     -0.582
   34.5337          5   33.7015          0   34.5337      7.629   34.5337     -0.997
   34.5459          9   33.7137          0   34.5459      7.612   34.5459      0.419
   34.5581          6   33.7259          0   34.5581      7.595   34.5581     -0.564
   34.5703         11   33.7381          0   34.5703      7.578   34.5703      0.949
   34.5825          9   33.7503          0   34.5825      7.561   34.5825      0.434
   34.5947         11   33.7625          0   34.5947      7.545   34.5947      0.958
   34.6069          8   33.7747          0   34.6069      7.528   34.6069      0.149
   34.6191         11   33.7869          0   34.6191      7.511   34.6191      0.967
   34.6313          9   33.7991          0   34.6313      7.495   34.6313      0.454
   34.6436          8   33.8114          0   34.6436      7.478   34.6436      0.165
   34.6558          8   33.8236          0   34.6558      7.462   34.6558      0.170
   34.6680          8   33.8358          0   34.6680      7.445   34.6680      0.175
   34.6802          5   33.8480          0   34.6802      7.429   34.6802     -0.921
   34.6924          6   33.8602          0   34.6924      7.412   34.6924     -0.500
   34.7046         11   33.8724          0   34.7046      7.396   34.7046      0.999
   34.7168          4   33.8846          0   34.7168      7.380   34.7168     -1.403
   34.7290         10   33.8968          0   34.7290      7.363   34.7290      0.761
   34.7412          9   33.9090          0   34.7412      7.347   34.7412      0.498
   34.7534          6   33.9212          0   34.7534      7.331   34.7534     -0.471
   34.7656          7   33.9334          0   34.7656      7.315   34.7656     -0.105
   34.7778         11   33.9456          0   34.7778      7.298   34.7778      1.027
   34.7900         13   33.9578          0   34.7900      7.282   34.7900      1.476
   34.8022         10   33.9700          0   34.8022      7.266   34.8022      0.789
   34.8145          6   33.9823          0   34.8145      7.250   34.8145     -0.442
   34.8267         14   33.9945          0   34.8267      7.234   34.8267      1.691
   34.8389          6   34.0067          0   34.8389      7.218   34.8389     -0.431
   34.8511         11   34.0189          0   34.8511      7.202   34.8511      1.053
   34.8633         10   34.0311          0   34.8633      7.186   34.8633      0.812
   34.8755          5   34.0433          0   34.8755      7.170   34.8755     -0.823
   34.8877          7   34.0555          0   34.8877      7.154   34.8877     -0.051
   34.8999         11   34.0677          0   34.8999      7.139   34.8999      1.071
   34.9121          6   34.0799          0   34.9121      7.123   34.9121     -0.397
   34.9243          8   34.0921          0   34.9243      7.107   34.9243      0.282
   34.9365         10   34.1043          0   34.9365      7.091   34.9365      0.840
   34.9487          2   34.1165          0   34.9487      7.076   34.9487     -2.936
   34.9609         11   34.1287          0   34.9609      7.060   34.9609      1.093
   34.9731         13   34.1409          0   34.9731      7.044   34.9731      1.538
   34.9854          8   34.1532          0   34.9854      7.029   34.9854      0.307
   34.9976          5   34.1654          0   34.9976      7.013   34.9976     -0.764
   35.0098         11   34.1776          0   35.0098      6.998   35.0098      1.110
   35.0220          7   34.1898          0   35.0220      6.982   35.0220      0.006
   35.0342         12   34.2020          0   35.0342      6.967   35.0342      1.345
   35.0464          9   34.2142          0   35.0464      6.952   35.0464      0.618
   35.0586          5   34.2264          0   35.0586      6.936   35.0586     -0.734
   35.0708         14   34.2386          0   35.0708      6.921   35.0708      1.770
   35.0830          4   34.2508          0   35.0830      6.906   35.0830     -1.206
   35.0952          6   34.2630          0   35.0952      6.890   35.0952     -0.315
   35.1074          7   34.2752          0   35.1074      6.875   35.1074      0.042
   35.1196          4   34.2874          0   35.1196      6.860   35.1196     -1.187
   35.1318          9   34.2996          0   35.1318      6.845   35.1318      0.650
   35.1440         15   34.3118          0   35.1440      6.830   35.1440      1.982
   35.1563          7   34.3241          0   35.1563      6.814   35.1563      0.062
   35.1685          6   34.3363          0   35.1685      6.799   35.1685     -0.283
   35.1807          5   34.3485          1   35.1807      6.784   35.1807     -0.677
   35.1929          6   34.3607          0   35.1929      6.769   35.1929     -0.272
   35.2051          7   34.3729          0   35.2051      6.754   35.2051      0.082
   35.2173          2   34.3851          0   35.2173      6.739   35.2173     -2.741
   35.2295         10   34.3973          0   35.2295      6.725   35.2295      0.946
   35.2417          7   34.4095          0   35.2417      6.710   35.2417      0.097
   35.2539          3   34.4217          0   35.2539      6.695   35.2539     -1.755
   35.2661         10   34.4339          0   35.2661      6.680   35.2661      0.958
   35.2783          7   34.4461          0   35.2783      6.665   35.2783      0.112
   35.2905          5   34.4583          0   35.2905      6.651   35.2905     -0.626
   35.3027          7   34.4705          0   35.3027      6.636   35.3027      0.121
   35.3149         11   34.4827          0   35.3149      6.621   35.3149      1.214
   35.3271         10   34.4950          1   35.3271      6.606   35.3271      0.980
   35.3394          8   34.5072          0   35.3394      6.592   35.3394      0.445
   35.3516         13   34.5194          0   35.3516      6.577   35.3516      1.658
   35.3638          4   34.5316          0   35.3638      6.563   35.3638     -1.064
   35.3760          8   34.5438          0   35.3760      6.548   35.3760      0.459
   35.3882          4   34.5560          0   35.3882      6.534   35.3882     -1.052
   35.4004          5   34.5682          0   35.4004      6.519   35.4004     -0.576
   35.4126          5   34.5804          0   35.4126      6.505   35.4126     -0.571
   35.4248          6   34.5926          0   35.4248      6.491   35.4248     -0.174
   35.4370          4   34.6048          0   35.4370      6.476   35.4370     -1.028
   35.4492          8   34.6170          0   35.4492      6.462   35.4492      0.486
   35.4614         12   34.6292          0   35.4614      6.448   35.4614      1.484
   35.4736          4   34.6414          0   35.4736      6.433   35.4736     -1.010
   35.4858          4   34.6536          0   35.4858      6.419   35.4858     -1.004
   35.4980          7   34.6658          0   35.4980      6.405   35.4980      0.198
   35.5103          5   34.6781          0   35.5103      6.391   35.5103     -0.528
   35.5225          9   34.6903          0   35.5225      6.377   35.5225      0.791
   35.5347          5   34.7025          0   35.5347      6.363   35.5347     -0.517
   35.5469          6   34.7147          0   35.5469      6.348   35.5469     -0.123
   35.5591          7   34.7269          0   35.5591      6.334   35.5591      0.222
   35.5713          7   34.7391          0   35.5713      6.320   35.5713      0.227
   35.5835          9   34.7513          0   35.5835      6.306   35.5835      0.812
   35.5957         11   34.7635          0   35.5957      6.293   35.5957      1.305
   35.6079          5   34.7757          0   35.6079      6.279   35.6079     -0.485
   35.6201          4   34.7879          0   35.6201      6.265   35.6201     -0.940
   35.6323          6   34.8001          0   35.6323      6.251   35.6323     -0.089
   35.6445          4   34.8123          0   35.6445      6.237   35.6445     -0.929
   35.6567          5   34.8245          0   35.6567      6.223   35.6567     -0.464
   35.6689          9   34.8367          0   35.6689      6.209   35.6689      0.841
   35.6812          4   34.8490          0   35.6812      6.196   35.6812     -0.911
   35.6934          8   34.8612          0   35.6934      6.182   35.6934      0.575
   35.7056          5   34.8734          0   35.7056      6.168   35.7056     -0.443
   35.7178          9   34.8856          0   35.7178      6.155   35.7178      0.858
   35.7300          9   34.8978          0   35.7300      6.141   35.7300      0.862
   35.7422          6   34.9100          0   35.7422      6.128   35.7422     -0.045
   35.7544          5   34.9222          0   35.7544      6.114   35.7544     -0.423
   35.7666          6   34.9344          0   35.7666      6.101   35.7666     -0.036
   35.7788          4   34.9466          0   35.7788      6.087   35.7788     -0.866
   35.7910          5   34.9588          0   35.7910      6.074   35.7910     -0.407
   35.8032          6   34.9710          0   35.8032      6.060   35.8032     -0.021
   35.8154          5   34.9832          0   35.8154      6.047   35.8154     -0.397
   35.8276          7   34.9954          0   35.8276      6.033   35.8276      0.322
   35.8398          7   35.0076          0   35.8398      6.020   35.8398      0.327
   35.8521          6   35.0199          1   35.8521      6.007   35.8521     -0.002
   35.8643          6   35.0321          0   35.8643      5.993   35.8643      0.002
   35.8765          4   35.0443          0   35.8765      5.980   35.8765     -0.822
   35.8887         10   35.0565          0   35.8887      5.967   35.8887      1.164
   35.9009          4   35.0687          0   35.9009      5.954   35.9009     -0.811
   35.9131         15   35.0809          0   35.9131      5.941   35.9131      2.197
   35.9253          4   35.0931          0   35.9253      5.927   35.9253     -0.800
   35.9375          7   35.1053          0   35.9375      5.914   35.9375      0.362
   35.9497         12   35.1175          0   35.9497      5.901   35.9497      1.630
   35.9619         10   35.1297          0   35.9619      5.888   35.9619      1.187
   35.9741          4   35.1419          0   35.9741      5.875   35.9741     -0.778
   35.9863          2   35.1541          0   35.9863      5.862   35.9863     -2.234
   35.9985          4   35.1663          0   35.9985      5.849   35.9985     -0.768
   36.0107          6   35.1785          0   36.0107      5.836   36.0107      0.058
   36.0229          7   35.1908          0   36.0229      5.823   36.0229      0.392
   36.0352          6   35.2030          0   36.0352      5.811   36.0352      0.067
   36.0474          4   35.2152          0   36.0474      5.798   36.0474     -0.746
   36.0596          6   35.2274          0   36.0596      5.785   36.0596      0.076
   36.0718          3   35.2396          0   36.0718      5.772   36.0718     -1.317
   36.0840          6   35.2518          0   36.0840      5.759   36.0840      0.085
   36.0962         10   35.2640          0   36.0962      5.747   36.0962      1.228
   36.1084          3   35.2762          0   36.1084      5.734   36.1084     -1.299
   36.1206          6   35.2884          0   36.1206      5.721   36.1206      0.099
   36.1328          6   35.3006          0   36.1328      5.709   36.1328      0.103
   36.1450         11   35.3128          0   36.1450      5.696   36.1450      1.471
   36.1572          6   35.3250          0   36.1572      5.683   36.1572      0.112
   36.1694         11   35.3372          0   36.1694      5.671   36.1694      1.478
   36.1816          3   35.3494          0   36.1816      5.658   36.1816     -1.263
   36.1938          9   35.3616          0   36.1938      5.646   36.1938      1.011
   36.2061         11   35.3739          0   36.2061      5.633   36.2061      1.488
   36.2183          5   35.3861          0   36.2183      5.621   36.2183     -0.236
   36.2305          3   35.3983          0   36.2305      5.608   36.2305     -1.239
   36.2427          8   35.4105          0   36.2427      5.596   36.2427      0.760
   36.2549          7   35.4227          0   36.2549      5.584   36.2549      0.472
   36.2671          5   35.4349          1   36.2671      5.571   36.2671     -0.217
   36.2793         11   35.4471          0   36.2793      5.559   36.2793      1.509
   36.2915          3   35.4593          0   36.2915      5.547   36.2915     -1.210
   36.3037          5   35.4715          0   36.3037      5.534   36.3037     -0.203
   36.3159          2   35.4837          0   36.3159      5.522   36.3159     -2.037
   36.3281          5   35.4959          0   36.3281      5.510   36.3281     -0.193
   36.3403          3   35.5081          0   36.3403      5.498   36.3403     -1.187
   36.3525          5   35.5203          0   36.3525      5.486   36.3525     -0.184
   36.3647          5   35.5325          0   36.3647      5.474   36.3647     -0.180
   36.3770          6   35.5448          0   36.3770      5.461   36.3770      0.191
   36.3892          6   35.5570          0   36.3892      5.449   36.3892      0.195
   36.4014          4   35.5692          0   36.4014      5.437   36.4014     -0.597
   36.4136          7   35.5814          0   36.4136      5.425   36.4136      0.525
   36.4258         11   35.5936          0   36.4258      5.413   36.4258      1.549
   36.4380          4   35.6058          0   36.4380      5.401   36.4380     -0.582
   36.4502          8   35.6180          0   36.4502      5.389   36.4502      0.826
   36.4624          7   35.6302          0   36.4624      5.377   36.4624      0.541
   36.4746          5   35.6424          0   36.4746      5.366   36.4746     -0.139
   36.4868          5   35.6546          0   36.4868      5.354   36.4868     -0.134
   36.4990          4   35.6668          0   36.4990      5.342   36.4990     -0.557
   36.5112          3   35.6790          0   36.5112      5.330   36.5112     -1.107
   36.5234          5   35.6912          1   36.5234      5.318   36.5234     -0.121
   36.5356          4   35.7034          0   36.5356      5.307   36.5356     -0.542
   36.5479          7   35.7157          0   36.5479      5.295   36.5479      0.568
   36.5601          8   35.7279          0   36.5601      5.283   36.5601      0.859
   36.5723          2   35.7401          0   36.5723      5.271   36.5723     -1.892
   36.5845          8   35.7523          0   36.5845      5.260   36.5845      0.867
   36.5967          5   35.7645          0   36.5967      5.248   36.5967     -0.094
   36.6089          6   35.7767          0   36.6089      5.237   36.6089      0.270
   36.6211          3   35.7889          0   36.6211      5.225   36.6211     -1.057
   36.6333          7   35.8011          0   36.6333      5.213   36.6333      0.596
   36.6455          6   35.8133          0   36.6455      5.202   36.6455      0.282
   36.6577          8   35.8255          1   36.6577      5.190   36.6577      0.889
   36.6699          6   35.8377          0   36.6699      5.179   36.6699      0.290
   36.6821         10   35.8499          0   36.6821      5.167   36.6821      1.395
   36.6943          4   35.8621          0   36.6943      5.156   36.6943     -0.480
   36.7065          2   35.8743          0   36.7065      5.145   36.7065     -1.819
   36.7188          6   35.8866          0   36.7188      5.133   36.7188      0.307
   36.7310          7   35.8988          0   36.7310      5.122   36.7310      0.626
   36.7432          5   35.9110          0   36.7432      5.111   36.7432     -0.042
   36.7554          8   35.9232          0   36.7554      5.099   36.7554      0.917
   36.7676          7   35.9354          0   36.7676      5.088   36.7676      0.637
   36.7798          4   35.9476          0   36.7798      5.077   36.7798     -0.447
   36.7920          2   35.9598          0   36.7920      5.066   36.7920     -1.773
   36.8042          4   35.9720          0   36.8042      5.054   36.8042     -0.438
   36.8164          8   35.9842          0   36.8164      5.043   36.8164      0.935
   36.8286          1   35.9964          0   36.8286      5.032   36.8286     -2.814
   36.8408          7   36.0086          0   36.8408      5.021   36.8408      0.660
   36.8530          4   36.0208          0   36.8530      5.010   36.8530     -0.419
   36.8652          7   36.0330          0   36.8652      4.999   36.8652      0.667
   36.8774          6   36.0452          0   36.8774      4.988   36.8774      0.358
   36.8896         10   36.0575          0   36.8896      4.977   36.8896      1.450
   36.9019          6   36.0697          0   36.9019      4.966   36.9019      0.366
   36.9141          8   36.0819          0   36.9141      4.955   36.9141      0.963
   36.9263          6   36.0941          0   36.9263      4.944   36.9263      0.374
   36.9385          3   36.1063          0   36.9385      4.933   36.9385     -0.918
   36.9507          7   36.1185          1   36.9507      4.922   36.9507      0.693
   36.9629          5   36.1307          0   36.9629      4.911   36.9629      0.034
   36.9751         14   36.1429          0   36.9751      4.900   36.9751      2.275
   36.9873          6   36.1551          0   36.9873      4.889   36.9873      0.393
   36.9995          9   36.1673          0   36.9995      4.878   36.9995      1.243
   37.0117          6   36.1795          0   37.0117      4.868   37.0117      0.401
   37.0239          9   36.1917          0   37.0239      4.857   37.0239      1.249
   37.0361          8   36.2039          0   37.0361      4.846   37.0361      0.997
   37.0483          7   36.2161          0   37.0483      4.835   37.0483      0.722
   37.0605         11   36.2283          0   37.0605      4.825   37.0605      1.712
   37.0728          4   36.2406          0   37.0728      4.814   37.0728     -0.338
   37.0850          2   36.2528          0   37.0850      4.803   37.0850     -1.621
   37.0972          7   36.2650          0   37.0972      4.793   37.0972      0.736
   37.1094          7   36.2772          0   37.1094      4.782   37.1094      0.739
   37.1216          7   36.2894          0   37.1216      4.772   37.1216      0.743
   37.1338          5   36.3016          0   37.1338      4.761   37.1338      0.091
   37.1460          6   36.3138          0   37.1460      4.751   37.1460      0.442
   37.1582          4   36.3260          0   37.1582      4.740   37.1582     -0.307
   37.1704          9   36.3382          0   37.1704      4.730   37.1704      1.287
   37.1826          4   36.3504          0   37.1826      4.719   37.1826     -0.299
   37.1948          6   36.3626          0   37.1948      4.709   37.1948      0.457
   37.2070          7   36.3748          0   37.2070      4.698   37.2070      0.767
   37.2192         11   36.3870          0   37.2192      4.688   37.2192      1.750
   37.2314          4   36.3992          0   37.2314      4.678   37.2314     -0.281
   37.2437          4   36.4115          0   37.2437      4.667   37.2437     -0.277
   37.2559          3   36.4237          0   37.2559      4.657   37.2559     -0.787
   37.2681          1   36.4359          0   37.2681      4.647   37.2681     -2.545
   37.2803          9   36.4481          0   37.2803      4.636   37.2803      1.316
   37.2925          8   36.4603          0   37.2925      4.626   37.2925      1.067
   37.3047          2   36.4725          0   37.3047      4.616   37.3047     -1.513
   37.3169          5   36.4847          0   37.3169      4.606   37.3169      0.150
   37.3291          4   36.4969          0   37.3291      4.595   37.3291     -0.247
   37.3413          7   36.5091          0   37.3413      4.585   37.3413      0.805
   37.3535          6   36.5213          0   37.3535      4.575   37.3535      0.504
   37.3657         10   36.5335          1   37.3657      4.565   37.3657      1.569
   37.3779          8   36.5457          0   37.3779      4.555   37.3779      1.090
   37.3901          3   36.5579          0   37.3901      4.545   37.3901     -0.734
   37.4023          6   36.5701          0   37.4023      4.535   37.4023      0.518
   37.4146          2   36.5824          0   37.4146      4.525   37.4146     -1.460
   37.4268          7   36.5946          0   37.4268      4.515   37.4268      0.828
   37.4390          6   36.6068          0   37.4390      4.505   37.4390      0.529
   37.4512          5   36.6190          0   37.4512      4.495   37.4512      0.192
   37.4634          9   36.6312          1   37.4634      4.485   37.4634      1.361
   37.4756          5   36.6434          0   37.4756      4.475   37.4756      0.199
   37.4878          6   36.6556          0   37.4878      4.465   37.4878      0.543
   37.5000          8   36.6678          0   37.5000      4.455   37.5000      1.121
   37.5122          4   36.6800          0   37.5122      4.445   37.5122     -0.185
   37.5244          4   36.6922          0   37.5244      4.436   37.5244     -0.181
   37.5366          9   36.7044          0   37.5366      4.426   37.5366      1.379
   37.5488          7   36.7166          0   37.5488      4.416   37.5488      0.861
   37.5610          4   36.7288          0   37.5610      4.406   37.5610     -0.169
   37.5732          6   36.7410          0   37.5732      4.396   37.5732      0.567
   37.5854          3   36.7533          0   37.5854      4.387   37.5854     -0.659
   37.5977          6   36.7655          0   37.5977      4.377   37.5977      0.574
   37.6099          2   36.7777          0   37.6099      4.367   37.6099     -1.369
   37.6221          1   36.7899          0   37.6221      4.358   37.6221     -2.343
   37.6343          6   36.8021          0   37.6343      4.348   37.6343      0.584
   37.6465          4   36.8143          0   37.6465      4.338   37.6465     -0.141
   37.6587          8   36.8265          0   37.6587      4.329   37.6587      1.161
   37.6709         10   36.8387          0   37.6709      4.319   37.6709      1.640
   37.6831          2   36.8509          0   37.6831      4.310   37.6831     -1.336
   37.6953          5   36.8631          0   37.6953      4.300   37.6953      0.265
   37.7075          5   36.8753          0   37.7075      4.291   37.7075      0.269
   37.7197         10   36.8875          0   37.7197      4.281   37.7197      1.651
   37.7319          4   36.8997          0   37.7319      4.272   37.7319     -0.113
   37.7441          3   36.9119          0   37.7441      4.262   37.7441     -0.600
   37.7563          4   36.9241          0   37.7563      4.253   37.7563     -0.105
   37.7686          7   36.9364          0   37.7686      4.244   37.7686      0.919
   37.7808          4   36.9486          0   37.7808      4.234   37.7808     -0.097
   37.7930          7   36.9608          0   37.7930      4.225   37.7930      0.925
   37.8052          2   36.9730          0   37.8052      4.215   37.8052     -1.281
   37.8174          5   36.9852          0   37.8174      4.206   37.8174      0.301
   37.8296          8   36.9974          0   37.8296      4.197   37.8296      1.203
   37.8418          0   37.0096          0   37.8418      4.188   37.8418     -3.045
   37.8540          5   37.0218          0   37.8540      4.178   37.8540      0.312
   37.8662          3   37.0340          0   37.8662      4.169   37.8662     -0.555
   37.8784          4   37.0462          0   37.8784      4.160   37.8784     -0.066
   37.8906          6   37.0584          1   37.8906      4.151   37.8906      0.654
   37.9028          2   37.0706          0   37.9028      4.141   37.9028     -1.239
   37.9150          1   37.0828          0   37.9150      4.132   37.9150     -2.186
   37.9272          3   37.0950          0   37.9272      4.123   37.9272     -0.534
   37.9395          3   37.1073          0   37.9395      4.114   37.9395     -0.529
   37.9517          3   37.1195          0   37.9517      4.105   37.9517     -0.525
   37.9639          2   37.1317          0   37.9639      4.096   37.9639     -1.212
   37.9761          4   37.1439          0   37.9761      4.087   37.9761     -0.036
   37.9883          4   37.1561          0   37.9883      4.078   37.9883     -0.032
   38.0005          5   37.1683          0   38.0005      4.069   38.0005      0.353
   38.0127          6   37.1805          0   38.0127      4.060   38.0127      0.686
   38.0249          3   37.1927          0   38.0249      4.051   38.0249     -0.499
   38.0371          1   37.2049          0   38.0371      4.042   38.0371     -2.123
   38.0493          4   37.2171          0   38.0493      4.033   38.0493     -0.014
   38.0615          5   37.2293          0   38.0615      4.024   38.0615      0.370
   38.0737          4   37.2415          0   38.0737      4.015   38.0737     -0.006
   38.0859          6   37.2537          0   38.0859      4.006   38.0859      0.705
   38.0981          3   37.2659          0   38.0981      3.997   38.0981     -0.474
   38.1104          6   37.2782          0   38.1104      3.989   38.1104      0.712
   38.1226          4   37.2904          0   38.1226      3.980   38.1226      0.008
   38.1348          4   37.3026          0   38.1348      3.971   38.1348      0.012
   38.1470          6   37.3148          0   38.1470      3.962   38.1470      0.721
   38.1592          1   37.3270          0   38.1592      3.953   38.1592     -2.061
   38.1714          1   37.3392          0   38.1714      3.945   38.1714     -2.055
   38.1836          3   37.3514          0   38.1836      3.936   38.1836     -0.445
   38.1958          2   37.3636          0   38.1958      3.927   38.1958     -1.115
   38.2080          4   37.3758          0   38.2080      3.919   38.2080      0.034
   38.2202         12   37.3880          0   38.2202      3.910   38.2202      2.162
   38.2324          3   37.4002          0   38.2324      3.901   38.2324     -0.428
   38.2446          1   37.4124          0   38.2446      3.893   38.2446     -2.019
   38.2568          3   37.4246          0   38.2568      3.884   38.2568     -0.420
   38.2690          1   37.4368          0   38.2690      3.875   38.2690     -2.007
   38.2813          4   37.4491          0   38.2813      3.867   38.2813      0.055
   38.2935          7   37.4613          1   38.2935      3.858   38.2935      1.047
   38.3057          5   37.4735          0   38.3057      3.850   38.3057      0.436
   38.3179          7   37.4857          0   38.3179      3.841   38.3179      1.053
   38.3301          2   37.4979          0   38.3301      3.833   38.3301     -1.060
   38.3423          7   37.5101          0   38.3423      3.824   38.3423      1.059
   38.3545          8   37.5223          0   38.3545      3.816   38.3545      1.323
   38.3667          7   37.5345          1   38.3667      3.807   38.3667      1.064
   38.3789          3   37.5467          0   38.3789      3.799   38.3789     -0.380
   38.3911          3   37.5589          0   38.3911      3.791   38.3911     -0.376
   38.4033          1   37.5711          0   38.4033      3.782   38.4033     -1.942
   38.4155          2   37.5833          0   38.4155      3.774   38.4155     -1.026
   38.4277          3   37.5955          0   38.4277      3.765   38.4277     -0.364
   38.4399          3   37.6077          0   38.4399      3.757   38.4399     -0.360
   38.4521          6   37.6200          0   38.4521      3.749   38.4521      0.796
   38.4644          4   37.6322          0   38.4644      3.741   38.4644      0.108
   38.4766          2   37.6444          0   38.4766      3.732   38.4766     -1.002
   38.4888          4   37.6566          0   38.4888      3.724   38.4888      0.115
   38.5010          4   37.6688          0   38.5010      3.716   38.5010      0.118
   38.5132          2   37.6810          0   38.5132      3.708   38.5132     -0.988
   38.5254          6   37.6932          1   38.5254      3.699   38.5254      0.814
   38.5376          3   37.7054          0   38.5376      3.691   38.5376     -0.328
   38.5498          3   37.7176          0   38.5498      3.683   38.5498     -0.324
   38.5620          2   37.7298          0   38.5620      3.675   38.5620     -0.969
   38.5742          4   37.7420          0   38.5742      3.667   38.5742      0.138
   38.5864          6   37.7542          0   38.5864      3.659   38.5864      0.828
   38.5986          2   37.7664          0   38.5986      3.651   38.5986     -0.955
   38.6108          3   37.7786          0   38.6108      3.643   38.6108     -0.305
   38.6230          2   37.7908          0   38.6230      3.634   38.6230     -0.945
   38.6353          6   37.8031          0   38.6353      3.626   38.6353      0.840
   38.6475          3   37.8153          0   38.6475      3.618   38.6475     -0.294
   38.6597          2   37.8275          0   38.6597      3.610   38.6597     -0.931
   38.6719          4   37.8397          0   38.6719      3.602   38.6719      0.165
   38.6841          3   37.8519          0   38.6841      3.594   38.6841     -0.282
   38.6963          4   37.8641          0   38.6963      3.587   38.6963      0.172
   38.7085          4   37.8763          0   38.7085      3.579   38.7085      0.175
   38.7207          3   37.8885          0   38.7207      3.571   38.7207     -0.271
   38.7329          1   37.9007          0   38.7329      3.563   38.7329     -1.788
   38.7451          6   37.9129          1   38.7451      3.555   38.7451      0.865
   38.7573          1   37.9251          0   38.7573      3.547   38.7573     -1.777
   38.7695          4   37.9373          0   38.7695      3.539   38.7695      0.191
   38.7817          8   37.9495          0   38.7817      3.531   38.7817      1.413
   38.7939          3   37.9617          1   38.7939      3.524   38.7939     -0.249
   38.8062          4   37.9740          0   38.8062      3.516   38.8062      0.201
   38.8184          6   37.9862          0   38.8184      3.508   38.8184      0.881
   38.8306          4   37.9984          0   38.8306      3.500   38.8306      0.207
   38.8428          5   38.0106          0   38.8428      3.493   38.8428      0.572
   38.8550          3   38.0228          0   38.8550      3.485   38.8550     -0.230
   38.8672          3   38.0350          0   38.8672      3.477   38.8672     -0.227
   38.8794          2   38.0472          0   38.8794      3.469   38.8794     -0.850
   38.8916          2   38.0594          0   38.8916      3.462   38.8916     -0.845
   38.9038          6   38.0716          0   38.9038      3.454   38.9038      0.901
   38.9160          4   38.0838          0   38.9160      3.446   38.9160      0.230
   38.9282          3   38.0960          0   38.9282      3.439   38.9282     -0.208
   38.9404          3   38.1082          0   38.9404      3.431   38.9404     -0.205
   38.9526          5   38.1204          0   38.9526      3.424   38.9526      0.598
   38.9648          7   38.1326          0   38.9648      3.416   38.9648      1.195
   38.9771          2   38.1449          1   38.9771      3.409   38.9771     -0.815
   38.9893          6   38.1571          0   38.9893      3.401   38.9893      0.919
   39.0015          3   38.1693          0   39.0015      3.393   39.0015     -0.187
   39.0137          3   38.1815          0   39.0137      3.386   39.0137     -0.183
   39.0259          2   38.1937          0   39.0259      3.378   39.0259     -0.797
   39.0381          4   38.2059          0   39.0381      3.371   39.0381      0.261
   39.0503          3   38.2181          0   39.0503      3.364   39.0503     -0.173
   39.0625          2   38.2303          0   39.0625      3.356   39.0625     -0.784
   39.0747          4   38.2425          0   39.0747      3.349   39.0747      0.270
   39.0869          1   38.2547          0   39.0869      3.341   39.0869     -1.634
   39.0991          3   38.2669          0   39.0991      3.334   39.0991     -0.159
   39.1113          1   38.2791          0   39.1113      3.327   39.1113     -1.624
   39.1235          3   38.2913          0   39.1235      3.319   39.1235     -0.152
   39.1357          1   38.3035          0   39.1357      3.312   39.1357     -1.613
   39.1479          3   38.3158          0   39.1479      3.305   39.1479     -0.145
   39.1602          4   38.3280          0   39.1602      3.297   39.1602      0.292
   39.1724          3   38.3402          0   39.1724      3.290   39.1724     -0.138
   39.1846          1   38.3524          0   39.1846      3.283   39.1846     -1.593
   39.1968          3   38.3646          0   39.1968      3.275   39.1968     -0.131
   39.2090          2   38.3768          0   39.2090      3.268   39.2090     -0.733
   39.2212          4   38.3890          0   39.2212      3.261   39.2212      0.307
   39.2334          4   38.4012          0   39.2334      3.254   39.2334      0.310
   39.2456          3   38.4134          1   39.2456      3.247   39.2456     -0.117
   39.2578          3   38.4256          0   39.2578      3.239   39.2578     -0.114
   39.2700          5   38.4378          0   39.2700      3.232   39.2700      0.671
   39.2822          2   38.4500          0   39.2822      3.225   39.2822     -0.709
   39.2944          0   38.4622          0   39.2944      3.218   39.2944     -2.340
   39.3066          2   38.4744          0   39.3066      3.211   39.3066     -0.700
   39.3188          4   38.4866          0   39.3188      3.204   39.3188      0.331
   39.3311          3   38.4989          0   39.3311      3.197   39.3311     -0.093
   39.3433          5   38.5111          0   39.3433      3.190   39.3433      0.687
   39.3555          6   38.5233          0   39.3555      3.182   39.3555      0.997
   39.3677          4   38.5355          1   39.3677      3.175   39.3677      0.342
   39.3799          7   38.5477          0   39.3799      3.168   39.3799      1.277
   39.3921          4   38.5599          0   39.3921      3.161   39.3921      0.348
   39.4043          4   38.5721          0   39.4043      3.154   39.4043      0.351
   39.4165          3   38.5843          1   39.4165      3.147   39.4165     -0.070
   39.4287          3   38.5965          0   39.4287      3.141   39.4287     -0.067
   39.4409          3   38.6087          0   39.4409      3.134   39.4409     -0.063
   39.4531          4   38.6209          0   39.4531      3.127   39.4531      0.363
   39.4653          1   38.6331          0   39.4653      3.120   39.4653     -1.479
   39.4775          4   38.6453          0   39.4775      3.113   39.4775      0.368
   39.4897          9   38.6575          1   39.4897      3.106   39.4897      1.777
   39.5020          3   38.6698          1   39.5020      3.099   39.5020     -0.047
   39.5142          1   38.6820          0   39.5142      3.092   39.5142     -1.460
   39.5264          4   38.6942          0   39.5264      3.085   39.5264      0.380
   39.5386          4   38.7064          0   39.5386      3.079   39.5386      0.382
   39.5508          4   38.7186          0   39.5508      3.072   39.5508      0.385
   39.5630          4   38.7308          0   39.5630      3.065   39.5630      0.388
   39.5752          2   38.7430          0   39.5752      3.058   39.5752     -0.612
   39.5874          1   38.7552          0   39.5874      3.051   39.5874     -1.432
   39.5996          1   38.7674          0   39.5996      3.045   39.5996     -1.427
   39.6118          5   38.7796          0   39.6118      3.038   39.6118      0.744
   39.6240          5   38.7918          0   39.6240      3.031   39.6240      0.747
   39.6362          4   38.8040          0   39.6362      3.025   39.6362      0.405
   39.6484          2   38.8162          0   39.6484      3.018   39.6484     -0.589
   39.6606          3   38.8284          0   39.6606      3.011   39.6606     -0.005
   39.6729          5   38.8407          0   39.6729      3.005   39.6729      0.757
   39.6851          2   38.8529          0   39.6851      2.998   39.6851     -0.577
   39.6973          5   38.8651          0   39.6973      2.991   39.6973      0.762
   39.7095          3   38.8773          0   39.7095      2.985   39.7095      0.007
   39.7217          3   38.8895          0   39.7217      2.978   39.7217      0.010
   39.7339          2   38.9017          1   39.7339      2.971   39.7339     -0.562
   39.7461          2   38.9139          0   39.7461      2.965   39.7461     -0.558
   39.7583          2   38.9261          0   39.7583      2.958   39.7583     -0.554
   39.7705          3   38.9383          0   39.7705      2.952   39.7705      0.023
   39.7827          0   38.9505          0   39.7827      2.945   39.7827     -2.142
   39.7949          3   38.9627          0   39.7949      2.939   39.7949      0.029
   39.8071          4   38.9749          0   39.8071      2.932   39.8071      0.443
   39.8193          2   38.9871          0   39.8193      2.926   39.8193     -0.535
   39.8315          3   38.9993          0   39.8315      2.919   39.8315      0.038
   39.8438          3   39.0116          0   39.8438      2.913   39.8438      0.041
   39.8560          3   39.0238          0   39.8560      2.906   39.8560      0.044
   39.8682          2   39.0360          0   39.8682      2.900   39.8682     -0.521
   39.8804          5   39.0482          0   39.8804      2.894   39.8804      0.799
   39.8926          3   39.0604          1   39.8926      2.887   39.8926      0.054
   39.9048          2   39.0726          0   39.9048      2.881   39.9048     -0.509
   39.9170          2   39.0848          0   39.9170      2.874   39.9170     -0.506
   39.9292          2   39.0970          0   39.9292      2.868   39.9292     -0.502
   39.9414          2   39.1092          0   39.9414      2.862   39.9414     -0.498
   39.9536          1   39.1214          0   39.9536      2.855   39.9536     -1.295
   39.9658          2   39.1336          0   39.9658      2.849   39.9658     -0.491
   39.9780          2   39.1458          0   39.9780      2.843   39.9780     -0.487
   39.9902          1   39.1580          1   39.9902      2.836   39.9902     -1.282
   40.0024          6   39.1702          0   40.0024      2.830   40.0024      1.121
   40.0146          3   39.1825          0   40.0146      2.824   40.0146      0.084
   40.0269          5   39.1947          0   40.0269      2.818   40.0269      0.828
   40.0391          2   39.2069          0   40.0391      2.811   40.0391     -0.469
   40.0513          1   39.2191          0   40.0513      2.805   40.0513     -1.260
   40.0635          3   39.2313          0   40.0635      2.799   40.0635      0.095
   40.0757          2   39.2435          0   40.0757      2.793   40.0757     -0.459
   40.0879          3   39.2557          1   40.0879      2.787   40.0879      0.101
   40.1001          1   39.2679          0   40.1001      2.781   40.1001     -1.243
   40.1123          3   39.2801          0   40.1123      2.774   40.1123      0.107
   40.1245          4   39.2923          0   40.1245      2.768   40.1245      0.511
   40.1367          2   39.3045          0   40.1367      2.762   40.1367     -0.441
   40.1489          4   39.3167          0   40.1489      2.756   40.1489      0.516
   40.1611          3   39.3289          0   40.1611      2.750   40.1611      0.119
   40.1733          3   39.3411          0   40.1733      2.744   40.1733      0.122
   40.1855          6   39.3533          0   40.1855      2.738   40.1855      1.154
   40.1978          7   39.3656          0   40.1978      2.732   40.1978      1.423
   40.2100          1   39.3778          0   40.2100      2.726   40.2100     -1.204
   40.2222          0   39.3900          0   40.2222      2.720   40.2222     -1.978
   40.2344          0   39.4022          0   40.2344      2.714   40.2344     -1.974
   40.2466          2   39.4144          0   40.2466      2.708   40.2466     -0.409
   40.2588          4   39.4266          0   40.2588      2.702   40.2588      0.539
   40.2710          6   39.4388          0   40.2710      2.696   40.2710      1.169
   40.2832          2   39.4510          0   40.2832      2.690   40.2832     -0.399
   40.2954          2   39.4632          0   40.2954      2.684   40.2954     -0.395
   40.3076          4   39.4754          0   40.3076      2.678   40.3076      0.549
   40.3198          2   39.4876          0   40.3198      2.672   40.3198     -0.389
   40.3320          2   39.4998          0   40.3320      2.666   40.3320     -0.385
   40.3442          4   39.5120          1   40.3442      2.660   40.3442      0.556
   40.3564          2   39.5242          0   40.3564      2.654   40.3564     -0.378
   40.3687          2   39.5365          0   40.3687      2.648   40.3687     -0.375
   40.3809          4   39.5487          0   40.3809      2.643   40.3809      0.563
   40.3931          3   39.5609          0   40.3931      2.637   40.3931      0.173
   40.4053          6   39.5731          0   40.4053      2.631   40.4053      1.192
   40.4175          2   39.5853          0   40.4175      2.625   40.4175     -0.362
   40.4297          4   39.5975          0   40.4297      2.619   40.4297      0.573
   40.4419          3   39.6097          0   40.4419      2.613   40.4419      0.184
   40.4541          3   39.6219          0   40.4541      2.608   40.4541      0.186
   40.4663          1   39.6341          0   40.4663      2.602   40.4663     -1.118
   40.4785          0   39.6463          0   40.4785      2.596   40.4785     -1.888
   40.4907          5   39.6585          0   40.4907      2.590   40.4907      0.914
   40.5029          3   39.6707          0   40.5029      2.585   40.5029      0.197
   40.5151          8   39.6829          0   40.5151      2.579   40.5151      1.714
   40.5273          2   39.6951          0   40.5273      2.573   40.5273     -0.332
   40.5396          1   39.7074          0   40.5396      2.568   40.5396     -1.094
   40.5518          8   39.7196          0   40.5518      2.562   40.5518      1.720
   40.5640          5   39.7318          0   40.5640      2.556   40.5640      0.927
   40.5762          3   39.7440          0   40.5762      2.551   40.5762      0.213
   40.5884          2   39.7562          0   40.5884      2.545   40.5884     -0.315
   40.6006          5   39.7684          0   40.6006      2.539   40.6006      0.933
   40.6128          5   39.7806          0   40.6128      2.534   40.6128      0.936
   40.6250          0   39.7928          0   40.6250      2.528   40.6250     -1.839
   40.6372          3   39.8050          0   40.6372      2.523   40.6372      0.227
   40.6494          5   39.8172          0   40.6494      2.517   40.6494      0.942
   40.6616          2   39.8294          0   40.6616      2.511   40.6616     -0.296
   40.6738          4   39.8416          0   40.6738      2.506   40.6738      0.620
   40.6860          6   39.8538          0   40.6860      2.500   40.6860      1.238
   40.6982          0   39.8660          0   40.6982      2.495   40.6982     -1.814
   40.7104          0   39.8783          0   40.7104      2.489   40.7104     -1.810
   40.7227          3   39.8905          0   40.7227      2.484   40.7227      0.245
   40.7349          3   39.9027          0   40.7349      2.478   40.7349      0.248
   40.7471          2   39.9149          0   40.7471      2.473   40.7471     -0.273
   40.7593          2   39.9271          0   40.7593      2.467   40.7593     -0.270
   40.7715          1   39.9393          0   40.7715      2.462   40.7715     -1.020
   40.7837          1   39.9515          0   40.7837      2.456   40.7837     -1.016
   40.7959          2   39.9637          0   40.7959      2.451   40.7959     -0.261
   40.8081          2   39.9759          0   40.8081      2.446   40.8081     -0.258
   40.8203          4   39.9881          0   40.8203      2.440   40.8203      0.648
   40.8325          3   40.0003          0   40.8325      2.435   40.8325      0.269
   40.8447          5   40.0125          0   40.8447      2.429   40.8447      0.975
   40.8569          2   40.0247          0   40.8569      2.424   40.8569     -0.245
   40.8691          4   40.0369          0   40.8691      2.419   40.8691      0.656
   40.8813          2   40.0491          0   40.8813      2.413   40.8813     -0.239
   40.8936          4   40.0614          0   40.8936      2.408   40.8936      0.661
   40.9058          2   40.0736          0   40.9058      2.403   40.9058     -0.233
   40.9180          2   40.0858          0   40.9180      2.397   40.9180     -0.230
   40.9302          1   40.0980          0   40.9302      2.392   40.9302     -0.971
   40.9424          3   40.1102          0   40.9424      2.387   40.9424      0.291
   40.9546          1   40.1224          0   40.9546      2.381   40.9546     -0.964
   40.9668          1   40.1346          0   40.9668      2.376   40.9668     -0.960
   40.9790          4   40.1468          0   40.9790      2.371   40.9790      0.676
   40.9912          4   40.1590          0   40.9912      2.366   40.9912      0.678
   41.0034          3   40.1712          0   41.0034      2.360   41.0034      0.304
   41.0156          3   40.1834          0   41.0156      2.355   41.0156      0.306
   41.0278          2   40.1956          0   41.0278      2.350   41.0278     -0.202
   41.0400          1   40.2078          0   41.0400      2.345   41.0400     -0.938
   41.0522          3   40.2200          0   41.0522      2.340   41.0522      0.314
   41.0645          2   40.2323          0   41.0645      2.335   41.0645     -0.193
   41.0767          2   40.2445          0   41.0767      2.329   41.0767     -0.190
   41.0889          2   40.2567          0   41.0889      2.324   41.0889     -0.188
   41.1011          0   40.2689          0   41.1011      2.319   41.1011     -1.687
   41.1133          3   40.2811          0   41.1133      2.314   41.1133      0.326
   41.1255          1   40.2933          0   41.1255      2.309   41.1255     -0.913
   41.1377          2   40.3055          0   41.1377      2.304   41.1377     -0.176
   41.1499          2   40.3177          0   41.1499      2.299   41.1499     -0.173
   41.1621          0   40.3299          0   41.1621      2.294   41.1621     -1.668
   41.1743          1   40.3421          0   41.1743      2.288   41.1743     -0.899
   41.1865          6   40.3543          0   41.1865      2.283   41.1865      1.315
   41.1987          4   40.3665          0   41.1987      2.278   41.1987      0.715
   41.2109          4   40.3787          0   41.2109      2.273   41.2109      0.717
   41.2231          1   40.3909          0   41.2231      2.268   41.2231     -0.885
   41.2354          6   40.4032          0   41.2354      2.263   41.2354      1.322
   41.2476          1   40.4154          0   41.2476      2.258   41.2476     -0.878
   41.2598          2   40.4276          0   41.2598      2.253   41.2598     -0.146
   41.2720          4   40.4398          0   41.2720      2.248   41.2720      0.727
   41.2842          5   40.4520          0   41.2842      2.243   41.2842      1.046
   41.2964          3   40.4642          0   41.2964      2.238   41.2964      0.362
   41.3086          4   40.4764          0   41.3086      2.233   41.3086      0.733
   41.3208          2   40.4886          0   41.3208      2.228   41.3208     -0.132
   41.3330          2   40.5008          0   41.3330      2.224   41.3330     -0.129
   41.3452          5   40.5130          0   41.3452      2.219   41.3452      1.055
   41.3574          0   40.5252          0   41.3574      2.214   41.3574     -1.610
   41.3696          2   40.5374          0   41.3696      2.209   41.3696     -0.121
   41.3818          3   40.5496          0   41.3818      2.204   41.3818      0.378
   41.3940          3   40.5618          0   41.3940      2.199   41.3940      0.380
   41.4063          2   40.5741          0   41.4063      2.194   41.4063     -0.112
   41.4185          2   40.5863          0   41.4185      2.189   41.4185     -0.110
   41.4307          2   40.5985          0   41.4307      2.185   41.4307     -0.107
   41.4429          1   40.6107          0   41.4429      2.180   41.4429     -0.823
   41.4551          3   40.6229          1   41.4551      2.175   41.4551      0.392
   41.4673          4   40.6351          0   41.4673      2.170   41.4673      0.760
   41.4795          4   40.6473          0   41.4795      2.165   41.4795      0.762
   41.4917          1   40.6595          0   41.4917      2.160   41.4917     -0.810
   41.5039          4   40.6717          1   41.5039      2.156   41.5039      0.766
   41.5161          3   40.6839          0   41.5161      2.151   41.5161      0.403
   41.5283          3   40.6961          0   41.5283      2.146   41.5283      0.406
   41.5405          1   40.7083          0   41.5405      2.141   41.5405     -0.797
   41.5527          3   40.7205          0   41.5527      2.137   41.5527      0.410
   41.5649          3   40.7327          1   41.5649      2.132   41.5649      0.412
   41.5771          3   40.7450          0   41.5771      2.127   41.5771      0.415
   41.5894          4   40.7572          0   41.5894      2.123   41.5894      0.779
   41.6016          4   40.7694          0   41.6016      2.118   41.6016      0.781
   41.6138          3   40.7816          0   41.6138      2.113   41.6138      0.421
   41.6260          2   40.7938          0   41.6260      2.109   41.6260     -0.063
   41.6382          1   40.8060          0   41.6382      2.104   41.6382     -0.770
   41.6504          5   40.8182          0   41.6504      2.099   41.6504      1.100
   41.6626          3   40.8304          0   41.6626      2.095   41.6626      0.430
   41.6748          4   40.8426          0   41.6748      2.090   41.6748      0.793
   41.6870          1   40.8548          0   41.6870      2.085   41.6870     -0.757
   41.6992          1   40.8670          0   41.6992      2.081   41.6992     -0.754
   41.7114          2   40.8792          0   41.7114      2.076   41.7114     -0.044
   41.7236          4   40.8914          0   41.7236      2.072   41.7236      0.801
   41.7358          3   40.9036          0   41.7358      2.067   41.7358      0.443
   41.7480          4   40.9158          0   41.7480      2.062   41.7480      0.804
   41.7603          3   40.9281          0   41.7603      2.058   41.7603      0.448
   41.7725          2   40.9403          0   41.7725      2.053   41.7725     -0.031
   41.7847          1   40.9525          0   41.7847      2.049   41.7847     -0.732
   41.7969          2   40.9647          0   41.7969      2.044   41.7969     -0.026
   41.8091          2   40.9769          0   41.8091      2.040   41.8091     -0.023
   41.8213          3   40.9891          0   41.8213      2.035   41.8213      0.458
   41.8335          2   41.0013          0   41.8335      2.031   41.8335     -0.018
   41.8457          1   41.0135          0   41.8457      2.026   41.8457     -0.716
   41.8579          5   41.0257          0   41.8579      2.022   41.8579      1.130
   41.8701          1   41.0379          0   41.8701      2.017   41.8701     -0.710
   41.8823          2   41.0501          0   41.8823      2.013   41.8823     -0.007
   41.8945          3   41.0623          0   41.8945      2.008   41.8945      0.471
   41.9067          2   41.0745          0   41.9067      2.004   41.9067     -0.002
   41.9189          3   41.0867          0   41.9189      1.999   41.9189      0.475
   41.9312          2   41.0990          0   41.9312      1.995   41.9312      0.003
   41.9434          1   41.1112          0   41.9434      1.991   41.9434     -0.691
   41.9556          2   41.1234          0   41.9556      1.986   41.9556      0.008
   41.9678          7   41.1356          0   41.9678      1.982   41.9678      1.673
   41.9800          3   41.1478          1   41.9800      1.977   41.9800      0.486
   41.9922          0   41.1600          0   41.9922      1.973   41.9922     -1.435
   42.0044          2   41.1722          1   42.0044      1.969   42.0044      0.018
   42.0166          3   41.1844          0   42.0166      1.964   42.0166      0.492
   42.0288          1   41.1966          0   42.0288      1.960   42.0288     -0.670
   42.0410          0   41.2088          0   42.0410      1.956   42.0410     -1.422
   42.0532          1   41.2210          0   42.0532      1.951   42.0532     -0.664
   42.0654          4   41.2332          0   42.0654      1.947   42.0654      0.852
   42.0776          0   41.2454          0   42.0776      1.943   42.0776     -1.413
   42.0898          3   41.2576          1   42.0898      1.938   42.0898      0.504
   42.1021          3   41.2699          0   42.1021      1.934   42.1021      0.506
   42.1143          2   41.2821          1   42.1143      1.930   42.1143      0.041
   42.1265          1   41.2943          0   42.1265      1.926   42.1265     -0.646
   42.1387          2   41.3065          0   42.1387      1.921   42.1387      0.045
   42.1509          0   41.3187          0   42.1509      1.917   42.1509     -1.394
   42.1631          1   41.3309          0   42.1631      1.913   42.1631     -0.637
   42.1753          1   41.3431          0   42.1753      1.909   42.1753     -0.634
   42.1875          2   41.3553          0   42.1875      1.904   42.1875      0.055
   42.1997          3   41.3675          0   42.1997      1.900   42.1997      0.522
   42.2119          4   41.3797          0   42.2119      1.896   42.2119      0.873
   42.2241          2   41.3919          0   42.2241      1.892   42.2241      0.063
   42.2363          2   41.4041          0   42.2363      1.888   42.2363      0.065
   42.2485          1   41.4163          0   42.2485      1.883   42.2485     -0.617
   42.2607          1   41.4285          0   42.2607      1.879   42.2607     -0.614
   42.2729          0   41.4408          1   42.2729      1.875   42.2729     -1.364
   42.2852          3   41.4530          0   42.2852      1.871   42.2852      0.536
   42.2974          1   41.4652          0   42.2974      1.867   42.2974     -0.605
   42.3096          2   41.4774          0   42.3096      1.863   42.3096      0.079
   42.3218          1   41.4896          0   42.3218      1.859   42.3218     -0.599
   42.3340          1   41.5018          0   42.3340      1.855   42.3340     -0.596
   42.3462          0   41.5140          0   42.3462      1.850   42.3462     -1.346
   42.3584          3   41.5262          0   42.3584      1.846   42.3584      0.548
   42.3706          3   41.5384          0   42.3706      1.842   42.3706      0.550
   42.3828          1   41.5506          0   42.3828      1.838   42.3828     -0.585
   42.3950          3   41.5628          0   42.3950      1.834   42.3950      0.554
   42.4072          5   41.5750          0   42.4072      1.830   42.4072      1.203
   42.4194          3   41.5872          0   42.4194      1.826   42.4194      0.558
   42.4316          1   41.5994          0   42.4316      1.822   42.4316     -0.574
   42.4438          2   41.6116          0   42.4438      1.818   42.4438      0.105
   42.4561          6   41.6239          0   42.4561      1.814   42.4561      1.481
   42.4683          2   41.6361          0   42.4683      1.810   42.4683      0.110
   42.4805          2   41.6483          0   42.4805      1.806   42.4805      0.112
   42.4927          2   41.6605          0   42.4927      1.802   42.4927      0.115
   42.5049          2   41.6727          0   42.5049      1.798   42.5049      0.117
   42.5171          1   41.6849          0   42.5171      1.794   42.5171     -0.554
   42.5293          1   41.6971          0   42.5293      1.790   42.5293     -0.551
   42.5415          3   41.7093          0   42.5415      1.786   42.5415      0.577
   42.5537          1   41.7215          0   42.5537      1.782   42.5537     -0.546
   42.5659          1   41.7337          0   42.5659      1.778   42.5659     -0.543
   42.5781          1   41.7459          0   42.5781      1.774   42.5781     -0.540
   42.5903          1   41.7581          0   42.5903      1.770   42.5903     -0.538
   42.6025          1   41.7703          0   42.6025      1.766   42.6025     -0.535
   42.6147          5   41.7825          0   42.6147      1.762   42.6147      1.228
   42.6270          1   41.7948          0   42.6270      1.759   42.6270     -0.529
   42.6392          2   41.8070          0   42.6392      1.755   42.6392      0.142
   42.6514          1   41.8192          0   42.6514      1.751   42.6514     -0.524
   42.6636          1   41.8314          0   42.6636      1.747   42.6636     -0.521
   42.6758          5   41.8436          1   42.6758      1.743   42.6758      1.236
   42.6880          2   41.8558          0   42.6880      1.739   42.6880      0.151
   42.7002          3   41.8680          0   42.7002      1.735   42.7002      0.601
   42.7124          4   41.8802          1   42.7124      1.732   42.7124      0.942
   42.7246          1   41.8924          0   42.7246      1.728   42.7246     -0.508
   42.7368          0   41.9046          0   42.7368      1.724   42.7368     -1.254
   42.7490          3   41.9168          0   42.7490      1.720   42.7490      0.608
   42.7612          1   41.9290          0   42.7612      1.716   42.7612     -0.500
   42.7734          2   41.9412          0   42.7734      1.712   42.7734      0.166
   42.7856          2   41.9534          0   42.7856      1.709   42.7856      0.168
   42.7979          6   41.9657          0   42.7979      1.705   42.7979      1.519
   42.8101          1   41.9779          0   42.8101      1.701   42.8101     -0.489
   42.8223          3   41.9901          1   42.8223      1.697   42.8223      0.619
   42.8345          0   42.0023          0   42.8345      1.694   42.8345     -1.232
   42.8467          3   42.0145          0   42.8467      1.690   42.8467      0.622
   42.8589          1   42.0267          0   42.8589      1.686   42.8589     -0.479
   42.8711          2   42.0389          0   42.8711      1.682   42.8711      0.184
   42.8833          1   42.0511          0   42.8833      1.679   42.8833     -0.474
   42.8955          2   42.0633          0   42.8955      1.675   42.8955      0.188
   42.9077          1   42.0755          0   42.9077      1.671   42.9077     -0.468
   42.9199          2   42.0877          0   42.9199      1.668   42.9199      0.192
   42.9321          3   42.0999          0   42.9321      1.664   42.9321      0.635
   42.9443          2   42.1121          0   42.9443      1.660   42.9443      0.197
   42.9565          2   42.1243          0   42.9565      1.657   42.9565      0.199
   42.9688          2   42.1366          0   42.9688      1.653   42.9688      0.201
   42.9810          2   42.1488          1   42.9810      1.649   42.9810      0.203
   42.9932          5   42.1610          0   42.9932      1.646   42.9932      1.273
   43.0054          1   42.1732          0   43.0054      1.642   43.0054     -0.448
   43.0176          2   42.1854          0   43.0176      1.638   43.0176      0.209
   43.0298          4   42.1976          0   43.0298      1.635   43.0298      0.982
   43.0420          2   42.2098          0   43.0420      1.631   43.0420      0.213
   43.0542          2   42.2220          0   43.0542      1.627   43.0542      0.215
   43.0664          3   42.2342          0   43.0664      1.624   43.0664      0.654
   43.0786          5   42.2464          0   43.0786      1.620   43.0786      1.282
   43.0908          3   42.2586          0   43.0908      1.617   43.0908      0.657
   43.1030          1   42.2708          0   43.1030      1.613   43.1030     -0.428
   43.1152          2   42.2830          0   43.1152      1.610   43.1152      0.226
   43.1274          3   42.2952          0   43.1274      1.606   43.1274      0.662
   43.1396          5   42.3075          0   43.1396      1.602   43.1396      1.289
   43.1519          2   42.3197          0   43.1519      1.599   43.1519      0.232
   43.1641          2   42.3319          0   43.1641      1.595   43.1641      0.234
   43.1763          2   42.3441          0   43.1763      1.592   43.1763      0.236
   43.1885          1   42.3563          0   43.1885      1.588   43.1885     -0.411
   43.2007          0   42.3685          0   43.2007      1.585   43.2007     -1.153
   43.2129          3   42.3807          0   43.2129      1.581   43.2129      0.674
   43.2251          0   42.3929          0   43.2251      1.578   43.2251     -1.148
   43.2373          1   42.4051          0   43.2373      1.574   43.2373     -0.401
   43.2495          3   42.4173          0   43.2495      1.571   43.2495      0.679
   43.2617          1   42.4295          0   43.2617      1.567   43.2617     -0.396
   43.2739          1   42.4417          0   43.2739      1.564   43.2739     -0.394
   43.2861          1   42.4539          0   43.2861      1.560   43.2861     -0.391
   43.2983          3   42.4661          0   43.2983      1.557   43.2983      0.686
   43.3105          3   42.4783          0   43.3105      1.554   43.3105      0.687
   43.3228          2   42.4906          0   43.3228      1.550   43.3228      0.260
   43.3350          5   42.5028          0   43.3350      1.547   43.3350      1.310
   43.3472          6   42.5150          0   43.3472      1.543   43.3472      1.576
   43.3594          1   42.5272          0   43.3594      1.540   43.3594     -0.377
   43.3716          1   42.5394          0   43.3716      1.536   43.3716     -0.374
   43.3838          5   42.5516          0   43.3838      1.533   43.3838      1.315
   43.3960          2   42.5638          0   43.3960      1.530   43.3960      0.272
   43.4082          1   42.5760          0   43.4082      1.526   43.4082     -0.367
   43.4204          1   42.5882          0   43.4204      1.523   43.4204     -0.365
   43.4326          1   42.6004          0   43.4326      1.520   43.4326     -0.363
   43.4448          0   42.6126          0   43.4448      1.516   43.4448     -1.103
   43.4570          2   42.6248          0   43.4570      1.513   43.4570      0.282
   43.4692          3   42.6370          0   43.4692      1.510   43.4692      0.708
   43.4814          1   42.6492          0   43.4814      1.506   43.4814     -0.353
   43.4937          1   42.6615          0   43.4937      1.503   43.4937     -0.351
   43.5059          0   42.6737          0   43.5059      1.500   43.5059     -1.091
   43.5181          3   42.6859          0   43.5181      1.496   43.5181      0.714
   43.5303          3   42.6981          0   43.5303      1.493   43.5303      0.716
   43.5425          1   42.7103          0   43.5425      1.490   43.5425     -0.342
   43.5547          5   42.7225          0   43.5547      1.486   43.5547      1.333
   43.5669          1   42.7347          0   43.5669      1.483   43.5669     -0.337
   43.5791          3   42.7469          0   43.5791      1.480   43.5791      0.722
   43.5913          3   42.7591          0   43.5913      1.476   43.5913      0.724
   43.6035          0   42.7713          0   43.6035      1.473   43.6035     -1.071
   43.6157          3   42.7835          0   43.6157      1.470   43.6157      0.727
   43.6279          3   42.7957          0   43.6279      1.467   43.6279      0.728
   43.6401          0   42.8079          0   43.6401      1.463   43.6401     -1.064
   43.6523          1   42.8201          1   43.6523      1.460   43.6523     -0.321
   43.6646          2   42.8324          0   43.6646      1.457   43.6646      0.314
   43.6768          1   42.8446          0   43.6768      1.454   43.6768     -0.317
   43.6890          2   42.8568          0   43.6890      1.451   43.6890      0.318
   43.7012          2   42.8690          0   43.7012      1.447   43.7012      0.320
   43.7134          1   42.8812          0   43.7134      1.444   43.7134     -0.310
   43.7256          3   42.8934          0   43.7256      1.441   43.7256      0.741
   43.7378          2   42.9056          0   43.7378      1.438   43.7378      0.325
   43.7500          4   42.9178          0   43.7500      1.435   43.7500      1.065
   43.7622          1   42.9300          0   43.7622      1.431   43.7622     -0.301
   43.7744          2   42.9422          2   43.7744      1.428   43.7744      0.331
   43.7866          1   42.9544          0   43.7866      1.425   43.7866     -0.297
   43.7988          1   42.9666          0   43.7988      1.422   43.7988     -0.294
   43.8110          2   42.9788          0   43.8110      1.419   43.8110      0.336
   43.8232          1   42.9910          0   43.8232      1.416   43.8232     -0.290
   43.8354          3   43.0033          0   43.8354      1.413   43.8354      0.754
   43.8477          3   43.0155          0   43.8477      1.409   43.8477      0.756
   43.8599          1   43.0277          0   43.8599      1.406   43.8599     -0.284
   43.8721          5   43.0399          0   43.8721      1.403   43.8721      1.364
   43.8843          2   43.0521          0   43.8843      1.400   43.8843      0.347
   43.8965          0   43.0643          0   43.8965      1.397   43.8965     -1.016
   43.9087          1   43.0765          0   43.9087      1.394   43.9087     -0.275
   43.9209          1   43.0887          0   43.9209      1.391   43.9209     -0.273
   43.9331          6   43.1009          0   43.9331      1.388   43.9331      1.632
   43.9453          1   43.1131          0   43.9453      1.385   43.9453     -0.268
   43.9575          1   43.1253          0   43.9575      1.382   43.9575     -0.266
   43.9697          1   43.1375          0   43.9697      1.379   43.9697     -0.264
   43.9819          2   43.1497          0   43.9819      1.376   43.9819      0.361
   43.9941          0   43.1619          0   43.9941      1.372   43.9941     -0.998
   44.0063          5   43.1741          0   44.0063      1.369   44.0063      1.377
   44.0186          1   43.1864          0   44.0186      1.366   44.0186     -0.256
   44.0308          4   43.1986          0   44.0308      1.363   44.0308      1.094
   44.0430          2   43.2108          0   44.0430      1.360   44.0430      0.370
   44.0552          2   43.2230          0   44.0552      1.357   44.0552      0.372
   44.0674          0   43.2352          0   44.0674      1.354   44.0674     -0.985
   44.0796          1   43.2474          0   44.0796      1.351   44.0796     -0.245
   44.0918          2   43.2596          0   44.0918      1.348   44.0918      0.377
   44.1040          1   43.2718          0   44.1040      1.345   44.1040     -0.241
   44.1162          3   43.2840          0   44.1162      1.342   44.1162      0.787
   44.1284          6   43.2962          0   44.1284      1.339   44.1284      1.649
   44.1406          2   43.3084          0   44.1406      1.336   44.1406      0.384
   44.1528          1   43.3206          0   44.1528      1.334   44.1528     -0.233
   44.1650          0   43.3328          0   44.1650      1.331   44.1650     -0.968
   44.1772          0   43.3450          0   44.1772      1.328   44.1772     -0.966
   44.1895          1   43.3573          0   44.1895      1.325   44.1895     -0.227
   44.2017          5   43.3695          0   44.2017      1.322   44.2017      1.395
   44.2139          1   43.3817          0   44.2139      1.319   44.2139     -0.223
   44.2261          2   43.3939          0   44.2261      1.316   44.2261      0.396
   44.2383          2   43.4061          0   44.2383      1.313   44.2383      0.397
   44.2505          3   43.4183          0   44.2505      1.310   44.2505      0.803
   44.2627          2   43.4305          0   44.2627      1.307   44.2627      0.401
   44.2749          3   43.4427          1   44.2749      1.304   44.2749      0.806
   44.2871          2   43.4549          0   44.2871      1.301   44.2871      0.404
   44.2993          3   43.4671          0   44.2993      1.299   44.2993      0.808
   44.3115          1   43.4793          0   44.3115      1.296   44.3115     -0.206
   44.3237          4   43.4915          0   44.3237      1.293   44.3237      1.124
   44.3359          6   43.5037          0   44.3359      1.290   44.3359      1.666
   44.3481          1   43.5159          0   44.3481      1.287   44.3481     -0.200
   44.3604          2   43.5282          0   44.3604      1.284   44.3604      0.414
   44.3726          1   43.5404          0   44.3726      1.281   44.3726     -0.196
   44.3848          0   43.5526          0   44.3848      1.279   44.3848     -0.930
   44.3970          4   43.5648          1   44.3970      1.276   44.3970      1.131
   44.4092          1   43.5770          0   44.4092      1.273   44.4092     -0.190
   44.4214          2   43.5892          0   44.4214      1.270   44.4214      0.422
   44.4336          2   43.6014          0   44.4336      1.267   44.4336      0.424
   44.4458          2   43.6136          0   44.4458      1.265   44.4458      0.425
   44.4580          2   43.6258          0   44.4580      1.262   44.4580      0.427
   44.4702          2   43.6380          0   44.4702      1.259   44.4702      0.429
   44.4824          2   43.6502          0   44.4824      1.256   44.4824      0.430
   44.4946          3   43.6624          0   44.4946      1.253   44.4946      0.830
   44.5068          2   43.6746          0   44.5068      1.251   44.5068      0.433
   44.5190          3   43.6868          0   44.5190      1.248   44.5190      0.832
   44.5313          1   43.6991          0   44.5313      1.245   44.5313     -0.171
   44.5435          2   43.7113          0   44.5435      1.242   44.5435      0.438
   44.5557          2   43.7235          0   44.5557      1.240   44.5557      0.440
   44.5679          5   43.7357          0   44.5679      1.237   44.5679      1.428
   44.5801          2   43.7479          0   44.5801      1.234   44.5801      0.443
   44.5923          0   43.7601          0   44.5923      1.231   44.5923     -0.896
   44.6045          2   43.7723          0   44.6045      1.229   44.6045      0.446
   44.6167          2   43.7845          0   44.6167      1.226   44.6167      0.448
   44.6289          0   43.7967          0   44.6289      1.223   44.6289     -0.890
   44.6411          0   43.8089          0   44.6411      1.221   44.6411     -0.888
   44.6533          2   43.8211          0   44.6533      1.218   44.6533      0.452
   44.6655          1   43.8333          0   44.6655      1.215   44.6655     -0.150
   44.6777          1   43.8455          0   44.6777      1.212   44.6777     -0.148
   44.6899          2   43.8577          0   44.6899      1.210   44.6899      0.457
   44.7021          2   43.8700          0   44.7021      1.207   44.7021      0.459
   44.7144          1   43.8822          0   44.7144      1.204   44.7144     -0.143
   44.7266          2   43.8944          0   44.7266      1.202   44.7266      0.462
   44.7388          3   43.9066          0   44.7388      1.199   44.7388      0.856
   44.7510          1   43.9188          0   44.7510      1.196   44.7510     -0.137
   44.7632          1   43.9310          0   44.7632      1.194   44.7632     -0.135
   44.7754          1   43.9432          0   44.7754      1.191   44.7754     -0.133
   44.7876          0   43.9554          0   44.7876      1.189   44.7876     -0.864
   44.7998          4   43.9676          0   44.7998      1.186   44.7998      1.168
   44.8120          3   43.9798          0   44.8120      1.183   44.8120      0.863
   44.8242          1   43.9920          0   44.8242      1.181   44.8242     -0.126
   44.8364          1   44.0042          0   44.8364      1.178   44.8364     -0.124
   44.8486          1   44.0164          0   44.8486      1.175   44.8486     -0.122
   44.8608          0   44.0286          0   44.8608      1.173   44.8608     -0.853
   44.8730          0   44.0408          0   44.8730      1.170   44.8730     -0.851
   44.8853          0   44.0531          0   44.8853      1.168   44.8853     -0.849
   44.8975          0   44.0653          1   44.8975      1.165   44.8975     -0.847
   44.9097          2   44.0775          0   44.9097      1.163   44.9097      0.484
   44.9219          3   44.0897          1   44.9219      1.160   44.9219      0.874
   44.9341          0   44.1019          0   44.9341      1.157   44.9341     -0.842
   44.9463          0   44.1141          0   44.9463      1.155   44.9463     -0.840
   44.9585          3   44.1263          0   44.9585      1.152   44.9585      0.878
   44.9707          3   44.1385          0   44.9707      1.150   44.9707      0.879
   44.9829          2   44.1507          0   44.9829      1.147   44.9829      0.493
   44.9951          0   44.1629          0   44.9951      1.145   44.9951     -0.832
   45.0073          0   44.1751          0   45.0073      1.142   45.0073     -0.831
   45.0195          1   44.1873          0   45.0195      1.140   45.0195     -0.097
   45.0317          3   44.1995          0   45.0317      1.137   45.0317      0.885
   45.0439          1   44.2117          0   45.0439      1.135   45.0439     -0.094
   45.0562          1   44.2240          1   45.0562      1.132   45.0562     -0.092
   45.0684          3   44.2362          0   45.0684      1.130   45.0684      0.889
   45.0806          1   44.2484          0   45.0806      1.127   45.0806     -0.089
   45.0928          2   44.2606          1   45.0928      1.125   45.0928      0.506
   45.1050          0   44.2728          0   45.1050      1.122   45.1050     -0.816
   45.1172          1   44.2850          0   45.1172      1.120   45.1172     -0.083
   45.1294          1   44.2972          0   45.1294      1.117   45.1294     -0.082
   45.1416          1   44.3094          0   45.1416      1.115   45.1416     -0.080
   45.1538          0   44.3216          0   45.1538      1.112   45.1538     -0.809
   45.1660          1   44.3338          0   45.1660      1.110   45.1660     -0.077
   45.1782          1   44.3460          0   45.1782      1.107   45.1782     -0.075
   45.1904          1   44.3582          0   45.1904      1.105   45.1904     -0.073
   45.2026          0   44.3704          0   45.2026      1.102   45.2026     -0.802
   45.2148          2   44.3826          0   45.2148      1.100   45.2148      0.521
   45.2271          2   44.3949          0   45.2271      1.098   45.2271      0.522
   45.2393          3   44.4071          0   45.2393      1.095   45.2393      0.905
   45.2515          0   44.4193          0   45.2515      1.093   45.2515     -0.795
   45.2637          2   44.4315          0   45.2637      1.090   45.2637      0.526
   45.2759          2   44.4437          0   45.2759      1.088   45.2759      0.528
   45.2881          2   44.4559          0   45.2881      1.085   45.2881      0.529
   45.3003          2   44.4681          0   45.3003      1.083   45.3003      0.530
   45.3125          6   44.4803          0   45.3125      1.081   45.3125      1.740
   45.3247          0   44.4925          1   45.3247      1.078   45.3247     -0.784
   45.3369          2   44.5047          0   45.3369      1.076   45.3369      0.534
   45.3491          1   44.5169          0   45.3491      1.074   45.3491     -0.051
   45.3613          0   44.5291          0   45.3613      1.071   45.3613     -0.779
   45.3735          1   44.5413          0   45.3735      1.069   45.3735     -0.048
   45.3857          5   44.5535          0   45.3857      1.066   45.3857      1.492
   45.3979          1   44.5658          0   45.3979      1.064   45.3979     -0.045
   45.4102          0   44.5780          0   45.4102      1.062   45.4102     -0.772
   45.4224          0   44.5902          0   45.4224      1.059   45.4224     -0.770
   45.4346          2   44.6024          1   45.4346      1.057   45.4346      0.545
   45.4468          0   44.6146          0   45.4468      1.055   45.4468     -0.767
   45.4590          3   44.6268          0   45.4590      1.052   45.4590      0.925
   45.4712          1   44.6390          0   45.4712      1.050   45.4712     -0.035
   45.4834          1   44.6512          0   45.4834      1.048   45.4834     -0.033
   45.4956          3   44.6634          0   45.4956      1.045   45.4956      0.929
   45.5078          2   44.6756          0   45.5078      1.043   45.5078      0.553
   45.5200          3   44.6878          0   45.5200      1.041   45.5200      0.931
   45.5322          1   44.7000          0   45.5322      1.038   45.5322     -0.027
   45.5444          2   44.7122          0   45.5444      1.036   45.5444      0.557
   45.5566          3   44.7244          1   45.5566      1.034   45.5566      0.934
   45.5688          0   44.7366          0   45.5688      1.032   45.5688     -0.750
   45.5811          2   44.7489          0   45.5811      1.029   45.5811      0.561
   45.5933          2   44.7611          0   45.5933      1.027   45.5933      0.563
   45.6055          1   44.7733          0   45.6055      1.025   45.6055     -0.017
   45.6177          2   44.7855          0   45.6177      1.022   45.6177      0.565
   45.6299          1   44.7977          0   45.6299      1.020   45.6299     -0.014
   45.6421          1   44.8099          0   45.6421      1.018   45.6421     -0.013
   45.6543          1   44.8221          0   45.6543      1.016   45.6543     -0.011
   45.6665          2   44.8343          0   45.6665      1.013   45.6665      0.571
   45.6787          1   44.8465          0   45.6787      1.011   45.6787     -0.008
   45.6909          1   44.8587          0   45.6909      1.009   45.6909     -0.006
   45.7031          2   44.8709          0   45.7031      1.007   45.7031      0.574
   45.7153          0   44.8831          0   45.7153      1.005   45.7153     -0.731
   45.7275          3   44.8953          0   45.7275      1.002   45.7275      0.949
   45.7397          3   44.9075          0   45.7397      1.000   45.7397      0.950
   45.7520          3   44.9198          0   45.7520      0.998   45.7520      0.951
   45.7642          1   44.9320          0   45.7642      0.996   45.7642      0.003
   45.7764          2   44.9442          0   45.7764      0.993   45.7764      0.582
   45.7886          3   44.9564          0   45.7886      0.991   45.7886      0.954
   45.8008          0   44.9686          0   45.8008      0.989   45.8008     -0.719
   45.8130          2   44.9808          0   45.8130      0.987   45.8130      0.586
   45.8252          0   44.9930          0   45.8252      0.985   45.8252     -0.716
   45.8374          1   45.0052          0   45.8374      0.983   45.8374      0.012
   45.8496          0   45.0174          0   45.8496      0.980   45.8496     -0.713
   45.8618          2   45.0296          0   45.8618      0.978   45.8618      0.591
   45.8740          2   45.0418          0   45.8740      0.976   45.8740      0.592
   45.8862          1   45.0540          0   45.8862      0.974   45.8862      0.018
   45.8984          1   45.0662          0   45.8984      0.972   45.8984      0.020
   45.9106          3   45.0784          1   45.9106      0.970   45.9106      0.965
   45.9229          2   45.0907          0   45.9229      0.967   45.9229      0.597
   45.9351          4   45.1029          0   45.9351      0.965   45.9351      1.260
   45.9473          1   45.1151          0   45.9473      0.963   45.9473      0.026
   45.9595          1   45.1273          0   45.9595      0.961   45.9595      0.027
   45.9717          3   45.1395          0   45.9717      0.959   45.9717      0.970
   45.9839          2   45.1517          0   45.9839      0.957   45.9839      0.603
   45.9961          0   45.1639          0   45.9961      0.955   45.9961     -0.694
   46.0083          2   45.1761          0   46.0083      0.953   46.0083      0.606
   46.0205          0   45.1883          0   46.0205      0.950   46.0205     -0.691
   46.0327          0   45.2005          0   46.0327      0.948   46.0327     -0.690
   46.0449          0   45.2127          0   46.0449      0.946   46.0449     -0.688
   46.0571          0   45.2249          0   46.0571      0.944   46.0571     -0.687
   46.0693          0   45.2371          0   46.0693      0.942   46.0693     -0.685
   46.0815          2   45.2493          0   46.0815      0.940   46.0815      0.613
   46.0938          2   45.2616          0   46.0938      0.938   46.0938      0.614
   46.1060          0   45.2738          0   46.1060      0.936   46.1060     -0.681
   46.1182          0   45.2860          0   46.1182      0.934   46.1182     -0.679
   46.1304          2   45.2982          0   46.1304      0.932   46.1304      0.618
   46.1426          2   45.3104          0   46.1426      0.930   46.1426      0.619
   46.1548          1   45.3226          0   46.1548      0.928   46.1548      0.051
   46.1670          3   45.3348          0   46.1670      0.926   46.1670      0.985
   46.1792          0   45.3470          0   46.1792      0.924   46.1792     -0.672
   46.1914          0   45.3592          0   46.1914      0.921   46.1914     -0.670
   46.2036          0   45.3714          0   46.2036      0.919   46.2036     -0.669
   46.2158          3   45.3836          0   46.2158      0.917   46.2158      0.989
   46.2280          3   45.3958          0   46.2280      0.915   46.2280      0.990
   46.2402          1   45.4080          0   46.2402      0.913   46.2402      0.060
   46.2524          2   45.4202          0   46.2524      0.911   46.2524      0.630
   46.2646          3   45.4325          0   46.2646      0.909   46.2646      0.993
   46.2769          3   45.4447          0   46.2769      0.907   46.2769      0.994
   46.2891          0   45.4569          0   46.2891      0.905   46.2891     -0.658
   46.3013          2   45.4691          0   46.3013      0.903   46.3013      0.634
   46.3135          2   45.4813          0   46.3135      0.901   46.3135      0.635
   46.3257          0   45.4935          1   46.3257      0.899   46.3257     -0.654
   46.3379          1   45.5057          0   46.3379      0.897   46.3379      0.072
   46.3501          5   45.5179          0   46.3501      0.895   46.3501      1.557
   46.3623          0   45.5301          0   46.3623      0.893   46.3623     -0.650
   46.3745          0   45.5423          0   46.3745      0.891   46.3745     -0.648
   46.3867          3   45.5545          0   46.3867      0.889   46.3867      1.003
   46.3989          0   45.5667          0   46.3989      0.887   46.3989     -0.645
   46.4111          1   45.5789          0   46.4111      0.885   46.4111      0.080
   46.4233          1   45.5911          1   46.4233      0.884   46.4233      0.081
   46.4355          1   45.6033          0   46.4355      0.882   46.4355      0.083
   46.4478          1   45.6156          0   46.4478      0.880   46.4478      0.084
   46.4600          1   45.6278          1   46.4600      0.878   46.4600      0.085
   46.4722          0   45.6400          0   46.4722      0.876   46.4722     -0.637
   46.4844          0   45.6522          0   46.4844      0.874   46.4844     -0.635
   46.4966          2   45.6644          0   46.4966      0.872   46.4966      0.652
   46.5088          0   45.6766          0   46.5088      0.870   46.5088     -0.633
   46.5210          1   45.6888          0   46.5210      0.868   46.5210      0.092
   46.5332          0   45.7010          0   46.5332      0.866   46.5332     -0.630
   46.5454          1   45.7132          0   46.5454      0.864   46.5454      0.095
   46.5576          0   45.7254          0   46.5576      0.862   46.5576     -0.627
   46.5698          0   45.7376          0   46.5698      0.860   46.5698     -0.626
   46.5820          1   45.7498          0   46.5820      0.858   46.5820      0.099
   46.5942          2   45.7620          0   46.5942      0.857   46.5942      0.661
   46.6064          2   45.7742          0   46.6064      0.855   46.6064      0.662
   46.6187          0   45.7865          0   46.6187      0.853   46.6187     -0.620
   46.6309          3   45.7987          0   46.6309      0.851   46.6309      1.021
   46.6431          1   45.8109          0   46.6431      0.849   46.6431      0.105
   46.6553          1   45.8231          0   46.6553      0.847   46.6553      0.107
   46.6675          0   45.8353          0   46.6675      0.845   46.6675     -0.615
   46.6797          1   45.8475          0   46.6797      0.843   46.6797      0.109
   46.6919          1   45.8597          0   46.6919      0.842   46.6919      0.111
   46.7041          0   45.8719          0   46.7041      0.840   46.7041     -0.611
   46.7163          1   45.8841          0   46.7163      0.838   46.7163      0.113
   46.7285          1   45.8963          0   46.7285      0.836   46.7285      0.114
   46.7407          0   45.9085          0   46.7407      0.834   46.7407     -0.607
   46.7529          0   45.9207          0   46.7529      0.832   46.7529     -0.605
   46.7651          1   45.9329          0   46.7651      0.830   46.7651      0.118
   46.7773          2   45.9451          0   46.7773      0.829   46.7773      0.678
   46.7896          2   45.9574          0   46.7896      0.827   46.7896      0.679
   46.8018          1   45.9696          0   46.8018      0.825   46.8018      0.122
   46.8140          1   45.9818          0   46.8140      0.823   46.8140      0.123
   46.8262          1   45.9940          0   46.8262      0.821   46.8262      0.125
   46.8384          1   46.0062          0   46.8384      0.819   46.8384      0.126
   46.8506          0   46.0184          0   46.8506      0.818   46.8506     -0.595
   46.8628          2   46.0306          0   46.8628      0.816   46.8628      0.685
   46.8750          1   46.0428          0   46.8750      0.814   46.8750      0.130
   46.8872          1   46.0550          0   46.8872      0.812   46.8872      0.131
   46.8994          3   46.0672          0   46.8994      0.810   46.8994      1.040
   46.9116          1   46.0794          0   46.9116      0.809   46.9116      0.134
   46.9238          2   46.0916          0   46.9238      0.807   46.9238      0.690
   46.9360          2   46.1038          0   46.9360      0.805   46.9360      0.691
   46.9482          0   46.1160          0   46.9482      0.803   46.9482     -0.584
   46.9604          1   46.1283          0   46.9604      0.802   46.9604      0.138
   46.9727          1   46.1405          0   46.9727      0.800   46.9727      0.140
   46.9849          0   46.1527          0   46.9849      0.798   46.9849     -0.580
   46.9971          1   46.1649          0   46.9971      0.796   46.9971      0.142
   47.0093          2   46.1771          0   47.0093      0.794   47.0093      0.697
   47.0215          0   46.1893          0   47.0215      0.793   47.0215     -0.577
   47.0337          2   46.2015          0   47.0337      0.791   47.0337      0.699
   47.0459          1   46.2137          0   47.0459      0.789   47.0459      0.147
   47.0581          1   46.2259          0   47.0581      0.787   47.0581      0.148
   47.0703          0   46.2381          0   47.0703      0.786   47.0703     -0.571
   47.0825          2   46.2503          0   47.0825      0.784   47.0825      0.703
   47.0947          2   46.2625          0   47.0947      0.782   47.0947      0.704
   47.1069          1   46.2747          0   47.1069      0.781   47.1069      0.153
   47.1191          2   46.2869          0   47.1191      0.779   47.1191      0.706
   47.1313          1   46.2991          0   47.1313      0.777   47.1313      0.156
   47.1436          0   46.3114          0   47.1436      0.775   47.1436     -0.564
   47.1558          2   46.3236          0   47.1558      0.774   47.1558      0.709
   47.1680          2   46.3358          0   47.1680      0.772   47.1680      0.710
   47.1802          5   46.3480          0   47.1802      0.770   47.1802      1.605
   47.1924          1   46.3602          0   47.1924      0.769   47.1924      0.162
   47.2046          2   46.3724          0   47.2046      0.767   47.2046      0.713
   47.2168          1   46.3846          0   47.2168      0.765   47.2168      0.164
   47.2290          2   46.3968          0   47.2290      0.763   47.2290      0.715
   47.2412          2   46.4090          0   47.2412      0.762   47.2412      0.716
   47.2534          1   46.4212          0   47.2534      0.760   47.2534      0.167
   47.2656          1   46.4334          0   47.2656      0.758   47.2656      0.169
   47.2778          2   46.4456          1   47.2778      0.757   47.2778      0.719
   47.2900          1   46.4578          0   47.2900      0.755   47.2900      0.171
   47.3022          0   46.4700          0   47.3022      0.753   47.3022     -0.548
   47.3145          0   46.4823          0   47.3145      0.752   47.3145     -0.547
   47.3267          0   46.4945          0   47.3267      0.750   47.3267     -0.545
   47.3389          0   46.5067          0   47.3389      0.748   47.3389     -0.544
   47.3511          1   46.5189          0   47.3511      0.747   47.3511      0.177
   47.3633          1   46.5311          0   47.3633      0.745   47.3633      0.178
   47.3755          3   46.5433          0   47.3755      0.743   47.3755      1.072
   47.3877          0   46.5555          1   47.3877      0.742   47.3877     -0.539
   47.3999          0   46.5677          0   47.3999      0.740   47.3999     -0.538
   47.4121          3   46.5799          0   47.4121      0.739   47.4121      1.074
   47.4243          0   46.5921          0   47.4243      0.737   47.4243     -0.536
   47.4365          0   46.6043          0   47.4365      0.735   47.4365     -0.535
   47.4487          1   46.6165          2   47.4487      0.734   47.4487      0.186
   47.4609          2   46.6287          0   47.4609      0.732   47.4609      0.733
   47.4731          0   46.6409          0   47.4731      0.730   47.4731     -0.531
   47.4854          1   46.6532          0   47.4854      0.729   47.4854      0.189
   47.4976          0   46.6654          0   47.4976      0.727   47.4976     -0.529
   47.5098          1   46.6776          0   47.5098      0.726   47.5098      0.192
   47.5220          2   46.6898          0   47.5220      0.724   47.5220      0.738
   47.5342          2   46.7020          0   47.5342      0.722   47.5342      0.739
   47.5464          3   46.7142          0   47.5464      0.721   47.5464      1.083
   47.5586          1   46.7264          0   47.5586      0.719   47.5586      0.196
   47.5708          1   46.7386          0   47.5708      0.718   47.5708      0.197
   47.5830          1   46.7508          0   47.5830      0.716   47.5830      0.198
   47.5952          1   46.7630          0   47.5952      0.714   47.5952      0.199
   47.6074          3   46.7752          0   47.6074      0.713   47.6074      1.087
   47.6196          4   46.7874          0   47.6196      0.711   47.6196      1.365
   47.6318          6   46.7996          0   47.6318      0.710   47.6318      1.871
   47.6440          2   46.8118          0   47.6440      0.708   47.6440      0.747
   47.6563          2   46.8241          0   47.6563      0.707   47.6563      0.748
   47.6685          3   46.8363          0   47.6685      0.705   47.6685      1.090
   47.6807          0   46.8485          0   47.6807      0.703   47.6807     -0.512
   47.6929          1   46.8607          0   47.6929      0.702   47.6929      0.208
   47.7051          1   46.8729          0   47.7051      0.700   47.7051      0.209
   47.7173          1   46.8851          0   47.7173      0.699   47.7173      0.210
   47.7295          0   46.8973          0   47.7295      0.697   47.7295     -0.507
   47.7417          0   46.9095          0   47.7417      0.696   47.7417     -0.506
   47.7539          0   46.9217          0   47.7539      0.694   47.7539     -0.505
   47.7661          1   46.9339          0   47.7661      0.693   47.7661      0.215
   47.7783          2   46.9461          0   47.7783      0.691   47.7783      0.757
   47.7905          0   46.9583          0   47.7905      0.690   47.7905     -0.501
   47.8027          2   46.9705          0   47.8027      0.688   47.8027      0.759
   47.8149          2   46.9827          0   47.8149      0.686   47.8149      0.760
   47.8271          0   46.9950          0   47.8271      0.685   47.8271     -0.498
   47.8394          1   47.0072          0   47.8394      0.683   47.8394      0.221
   47.8516          1   47.0194          0   47.8516      0.682   47.8516      0.222
   47.8638          0   47.0316          0   47.8638      0.680   47.8638     -0.495
   47.8760          0   47.0438          0   47.8760      0.679   47.8760     -0.494
   47.8882          3   47.0560          0   47.8882      0.677   47.8882      1.103
   47.9004          1   47.0682          1   47.9004      0.676   47.9004      0.226
   47.9126          1   47.0804          0   47.9126      0.674   47.9126      0.227
   47.9248          0   47.0926          0   47.9248      0.673   47.9248     -0.489
   47.9370          0   47.1048          0   47.9370      0.671   47.9370     -0.488
   47.9492          2   47.1170          0   47.9492      0.670   47.9492      0.769
   47.9614          2   47.1292          0   47.9614      0.669   47.9614      0.770
   47.9736          1   47.1414          0   47.9736      0.667   47.9736      0.232
   47.9858          4   47.1536          0   47.9858      0.666   47.9858      1.384
   47.9980          1   47.1658          0   47.9980      0.664   47.9980      0.234
   48.0103          2   47.1781          0   48.0103      0.663   48.0103      0.774
   48.0225          1   47.1903          0   48.0225      0.661   48.0225      0.236
   48.0347          1   47.2025          0   48.0347      0.660   48.0347      0.237
   48.0469          1   47.2147          0   48.0469      0.658   48.0469      0.239
   48.0591          0   47.2269          0   48.0591      0.657   48.0591     -0.478
   48.0713          1   47.2391          0   48.0713      0.655   48.0713      0.241
   48.0835          5   47.2513          0   48.0835      0.654   48.0835      1.649
   48.0957          1   47.2635          1   48.0957      0.652   48.0957      0.243
   48.1079          2   47.2757          0   48.1079      0.651   48.1079      0.780
   48.1201          2   47.2879          0   48.1201      0.650   48.1201      0.781
   48.1323          3   47.3001          0   48.1323      0.648   48.1323      1.117
   48.1445          0   47.3123          0   48.1445      0.647   48.1445     -0.470
   48.1567          1   47.3245          0   48.1567      0.645   48.1567      0.248
   48.1689          0   47.3367          0   48.1689      0.644   48.1689     -0.468
   48.1812          1   47.3490          0   48.1812      0.642   48.1812      0.250
   48.1934          1   47.3612          0   48.1934      0.641   48.1934      0.251
   48.2056          3   47.3734          0   48.2056      0.640   48.2056      1.121
   48.2178          1   47.3856          0   48.2178      0.638   48.2178      0.253
   48.2300          0   47.3978          0   48.2300      0.637   48.2300     -0.463
   48.2422          1   47.4100          0   48.2422      0.635   48.2422      0.254
   48.2544          1   47.4222          0   48.2544      0.634   48.2544      0.255
   48.2666          2   47.4344          0   48.2666      0.633   48.2666      0.791
   48.2788          0   47.4466          1   48.2788      0.631   48.2788     -0.459
   48.2910          1   47.4588          0   48.2910      0.630   48.2910      0.258
   48.3032          1   47.4710          0   48.3032      0.628   48.3032      0.259
   48.3154          1   47.4832          1   48.3154      0.627   48.3154      0.260
   48.3276          2   47.4954          2   48.3276      0.626   48.3276      0.795
   48.3398          0   47.5076          0   48.3398      0.624   48.3398     -0.454
   48.3521          1   47.5199          0   48.3521      0.623   48.3521      0.263
   48.3643          0   47.5321          0   48.3643      0.621   48.3643     -0.452
   48.3765          1   47.5443          0   48.3765      0.620   48.3765      0.265
   48.3887          2   47.5565          0   48.3887      0.619   48.3887      0.799
   48.4009          2   47.5687          0   48.4009      0.617   48.4009      0.800
   48.4131          2   47.5809          0   48.4131      0.616   48.4131      0.800
   48.4253          0   47.5931          0   48.4253      0.615   48.4253     -0.447
   48.4375          0   47.6053          2   48.4375      0.613   48.4375     -0.446
   48.4497          0   47.6175          0   48.4497      0.612   48.4497     -0.445
   48.4619          0   47.6297          0   48.4619      0.611   48.4619     -0.444
   48.4741          1   47.6419          0   48.4741      0.609   48.4741      0.273
   48.4863          0   47.6541          0   48.4863      0.608   48.4863     -0.442
   48.4985          2   47.6663          0   48.4985      0.606   48.4985      0.806
   48.5107          0   47.6785          1   48.5107      0.605   48.5107     -0.440
   48.5229          1   47.6908          0   48.5229      0.604   48.5229      0.276
   48.5352          2   47.7030          0   48.5352      0.602   48.5352      0.808
   48.5474          0   47.7152          0   48.5474      0.601   48.5474     -0.437
   48.5596          2   47.7274          0   48.5596      0.600   48.5596      0.810
   48.5718          2   47.7396          0   48.5718      0.598   48.5718      0.811
   48.5840          2   47.7518          1   48.5840      0.597   48.5840      0.811
   48.5962          0   47.7640          0   48.5962      0.596   48.5962     -0.433
   48.6084          2   47.7762          0   48.6084      0.595   48.6084      0.813
   48.6206          2   47.7884          0   48.6206      0.593   48.6206      0.814
   48.6328          0   47.8006          0   48.6328      0.592   48.6328     -0.430
   48.6450          2   47.8128          0   48.6450      0.591   48.6450      0.815
   48.6572          1   47.8250          1   48.6572      0.589   48.6572      0.287
   48.6694          3   47.8372          0   48.6694      0.588   48.6694      1.146
   48.6816          4   47.8494          0   48.6816      0.587   48.6816      1.417
   48.6938          2   47.8616          1   48.6938      0.585   48.6938      0.818
   48.7061          3   47.8739          0   48.7061      0.584   48.7061      1.148
   48.7183          3   47.8861          0   48.7183      0.583   48.7183      1.148
   48.7305          0   47.8983          0   48.7305      0.581   48.7305     -0.423
   48.7427          0   47.9105          0   48.7427      0.580   48.7427     -0.422
   48.7549          0   47.9227          0   48.7549      0.579   48.7549     -0.421
   48.7671          1   47.9349          0   48.7671      0.578   48.7671      0.295
   48.7793          0   47.9471          0   48.7793      0.576   48.7793     -0.419
   48.7915          3   47.9593          1   48.7915      0.575   48.7915      1.152
   48.8037          2   47.9715          0   48.8037      0.574   48.8037      0.825
   48.8159          1   47.9837          0   48.8159      0.573   48.8159      0.298
   48.8281          2   47.9959          0   48.8281      0.571   48.8281      0.826
   48.8403          2   48.0081          0   48.8403      0.570   48.8403      0.827
   48.8525          0   48.0203          0   48.8525      0.569   48.8525     -0.414
   48.8647          2   48.0325          0   48.8647      0.568   48.8647      0.829
   48.8770          0   48.0448          0   48.8770      0.566   48.8770     -0.412
   48.8892          1   48.0570          1   48.8892      0.565   48.8892      0.304
   48.9014          0   48.0692          0   48.9014      0.564   48.9014     -0.410
   48.9136          0   48.0814          0   48.9136      0.563   48.9136     -0.409
   48.9258          0   48.0936          0   48.9258      0.561   48.9258     -0.408
   48.9380          0   48.1058          0   48.9380      0.560   48.9380     -0.407
   48.9502          0   48.1180          0   48.9502      0.559   48.9502     -0.406
   48.9624          0   48.1302          0   48.9624      0.558   48.9624     -0.405
   48.9746          0   48.1424          0   48.9746      0.556   48.9746     -0.405
   48.9868          3   48.1546          0   48.9868      0.555   48.9868      1.161
   48.9990          0   48.1668          0   48.9990      0.554   48.9990     -0.403
   49.0112          1   48.1790          0   49.0112      0.553   49.0112      0.312
   49.0234          2   48.1912          0   49.0234      0.551   49.0234      0.838
   49.0356          1   48.2034          0   49.0356      0.550   49.0356      0.314
   49.0479          2   48.2157          0   49.0479      0.549   49.0479      0.839
   49.0601          1   48.2279          0   49.0601      0.548   49.0601      0.316
   49.0723          2   48.2401          0   49.0723      0.547   49.0723      0.841
   49.0845          0   48.2523          0   49.0845      0.545   49.0845     -0.397
   49.0967          1   48.2645          0   49.0967      0.544   49.0967      0.318
   49.1089          2   48.2767          0   49.1089      0.543   49.1089      0.843
   49.1211          0   48.2889          0   49.1211      0.542   49.1211     -0.394
   49.1333          3   48.3011          0   49.1333      0.541   49.1333      1.168
   49.1455          3   48.3133          0   49.1455      0.539   49.1455      1.169
   49.1577          2   48.3255          0   49.1577      0.538   49.1577      0.845
   49.1699          0   48.3377          0   49.1699      0.537   49.1699     -0.391
   49.1821          0   48.3499          0   49.1821      0.536   49.1821     -0.390
   49.1943          0   48.3621          0   49.1943      0.535   49.1943     -0.389
   49.2065          1   48.3743          0   49.2065      0.533   49.2065      0.326
   49.2188          0   48.3866          0   49.2188      0.532   49.2188     -0.387
   49.2310          1   48.3988          0   49.2310      0.531   49.2310      0.327
   49.2432          1   48.4110          0   49.2432      0.530   49.2432      0.328
   49.2554          2   48.4232          0   49.2554      0.529   49.2554      0.851
   49.2676          1   48.4354          0   49.2676      0.528   49.2676      0.330
   49.2798          3   48.4476          0   49.2798      0.526   49.2798      1.175
   49.2920          2   48.4598          0   49.2920      0.525   49.2920      0.853
   49.3042          1   48.4720          0   49.3042      0.524   49.3042      0.332
   49.3164          0   48.4842          0   49.3164      0.523   49.3164     -0.380
   49.3286          1   48.4964          0   49.3286      0.522   49.3286      0.334
   49.3408          0   48.5086          1   49.3408      0.521   49.3408     -0.379
   49.3530          0   48.5208          0   49.3530      0.519   49.3530     -0.378
   49.3652          2   48.5330          0   49.3652      0.518   49.3652      0.857
   49.3774          0   48.5452          0   49.3774      0.517   49.3774     -0.376
   49.3896          0   48.5575          0   49.3896      0.516   49.3896     -0.375
   49.4019          1   48.5697          0   49.4019      0.515   49.4019      0.339
   49.4141          2   48.5819          0   49.4141      0.514   49.4141      0.860
   49.4263          2   48.5941          0   49.4263      0.513   49.4263      0.860
   49.4385          2   48.6063          0   49.4385      0.511   49.4385      0.861
   49.4507          0   48.6185          0   49.4507      0.510   49.4507     -0.371
   49.4629          0   48.6307          0   49.4629      0.509   49.4629     -0.370
   49.4751          1   48.6429          0   49.4751      0.508   49.4751      0.343
   49.4873          2   48.6551          0   49.4873      0.507   49.4873      0.864
   49.4995          2   48.6673          0   49.4995      0.506   49.4995      0.864
   49.5117          1   48.6795          1   49.5117      0.505   49.5117      0.346
   49.5239          0   48.6917          0   49.5239      0.504   49.5239     -0.366
   49.5361          0   48.7039          0   49.5361      0.502   49.5361     -0.365
   49.5483          1   48.7161          0   49.5483      0.501   49.5483      0.348
   49.5605          0   48.7283          1   49.5605      0.500   49.5605     -0.364
   49.5728          2   48.7406          0   49.5728      0.499   49.5728      0.868
   49.5850          2   48.7528          0   49.5850      0.498   49.5850      0.869
   49.5972          1   48.7650          0   49.5972      0.497   49.5972      0.351
   49.6094          1   48.7772          0   49.6094      0.496   49.6094      0.352
   49.6216          1   48.7894          0   49.6216      0.495   49.6216      0.353
   49.6338          0   48.8016          0   49.6338      0.494   49.6338     -0.359
   49.6460          0   48.8138          0   49.6460      0.493   49.6460     -0.358
   49.6582          0   48.8260          0   49.6582      0.491   49.6582     -0.357
   49.6704          0   48.8382          0   49.6704      0.490   49.6704     -0.357
   49.6826          0   48.8504          1   49.6826      0.489   49.6826     -0.356
   49.6948          1   48.8626          0   49.6948      0.488   49.6948      0.357
   49.7070          2   48.8748          0   49.7070      0.487   49.7070      0.875
   49.7192          0   48.8870          0   49.7192      0.486   49.7192     -0.353
   49.7314          1   48.8992          0   49.7314      0.485   49.7314      0.359
   49.7437          0   48.9115          0   49.7437      0.484   49.7437     -0.352
   49.7559          2   48.9237          0   49.7559      0.483   49.7559      0.877
   49.7681          0   48.9359          0   49.7681      0.482   49.7681     -0.350
   49.7803          1   48.9481          1   49.7803      0.481   49.7803      0.362
   49.7925          0   48.9603          0   49.7925      0.480   49.7925     -0.349
   49.8047          0   48.9725          0   49.8047      0.479   49.8047     -0.348
   49.8169          1   48.9847          0   49.8169      0.478   49.8169      0.365
   49.8291          0   48.9969          0   49.8291      0.476   49.8291     -0.347
   49.8413          0   49.0091          1   49.8413      0.475   49.8413     -0.346
   49.8535          3   49.0213          0   49.8535      0.474   49.8535      1.200
   49.8657          0   49.0335          0   49.8657      0.473   49.8657     -0.344
   49.8779          1   49.0457          0   49.8779      0.472   49.8779      0.368
   49.8901          0   49.0579          0   49.8901      0.471   49.8901     -0.343
   49.9023          2   49.0701          0   49.9023      0.470   49.9023      0.885
   49.9146          1   49.0824          0   49.9146      0.469   49.9146      0.370
   49.9268          0   49.0946          1   49.9268      0.468   49.9268     -0.340
   49.9390          1   49.1068          0   49.9390      0.467   49.9390      0.372
   49.9512          0   49.1190          1   49.9512      0.466   49.9512     -0.339
   49.9634          0   49.1312          0   49.9634      0.465   49.9634     -0.338
   49.9756          1   49.1434          0   49.9756      0.000   49.9756      0.000

Best Fit Parameters:

Data Set #0
A1           =   1650.9 +    16.9 -    16.9 Cnts
t1           =   5.5154 +  0.0413 -  0.0413 ns
Bkgr. Dec    =      0.0 Cnts
Bkgr. IRF    =      0.0 Cnts
Shift IRF    = -0.03874 + 0.00365 - 0.00365 ns


Average Lifetime:
tAv.1=5.5154 ns (intensity weighted)
tAv.2=5.5154 ns (amplitude weighted)

Fractional Intensities of the Positive Decay Components:
t1 (5.5154 ns): 100.00%

Fractional Amplitudes of the Positive Decay Components:
t1 (5.5154 ns): 100.00%

Fitted Decay and Exponential Components:
   Time[ns]    Amp(t0)       sum
     0.0000   1650.899     1650.9
     0.0552   1634.473     1634.5
     0.1103   1618.209     1618.2
     0.1655   1602.108     1602.1
     0.2206   1586.167     1586.2
     0.2758   1570.384     1570.4
     0.3309   1554.758     1554.8
     0.3861   1539.288     1539.3
     0.4412   1523.972     1524.0
     0.4964   1508.808     1508.8
     0.5515   1493.795     1493.8
     0.6067   1478.932     1478.9
     0.6618   1464.216     1464.2
     0.7170   1449.647     1449.6
     0.7722   1435.223     1435.2
     0.8273   1420.942     1420.9
     0.8825   1406.804     1406.8
     0.9376   1392.806     1392.8
     0.9928   1378.947     1378.9
     1.0479   1365.226     1365.2
     1.1031   1351.642     1351.6
     1.1582   1338.193     1338.2
     1.2134   1324.878     1324.9
     1.2685   1311.695     1311.7
     1.3237   1298.643     1298.6
     1.3788   1285.722     1285.7
     1.4340   1272.929     1272.9
     1.4891   1260.263     1260.3
     1.5443   1247.723     1247.7
     1.5995   1235.308     1235.3
     1.6546   1223.016     1223.0
     1.7098   1210.847     1210.8
     1.7649   1198.799     1198.8
     1.8201   1186.871     1186.9
     1.8752   1175.061     1175.1
     1.9304   1163.369     1163.4
     1.9855   1151.793     1151.8
     2.0407   1140.333     1140.3
     2.0958   1128.986     1129.0
     2.1510   1117.753     1117.8
     2.2061   1106.631     1106.6
     2.2613   1095.620     1095.6
     2.3165   1084.718     1084.7
     2.3716   1073.925     1073.9
     2.4268   1063.239     1063.2
     2.4819   1052.660     1052.7
     2.5371   1042.186     1042.2
     2.5922   1031.816     1031.8
     2.6474   1021.549     1021.5
     2.7025   1011.384     1011.4
     2.7577   1001.321     1001.3
     2.8128    991.358      991.4
     2.8680    981.494      981.5
     2.9231    971.728      971.7
     2.9783    962.059      962.1
     3.0335    952.486      952.5
     3.0886    943.009      943.0
     3.1438    933.626      933.6
     3.1989    924.336      924.3
     3.2541    915.139      915.1
     3.3092    906.033      906.0
     3.3644    897.018      897.0
     3.4195    888.092      888.1
     3.4747    879.255      879.3
     3.5298    870.507      870.5
     3.5850    861.845      861.8
     3.6401    853.270      853.3
     3.6953    844.779      844.8
     3.7504    836.374      836.4
     3.8056    828.052      828.1
     3.8608    819.812      819.8
     3.9159    811.655      811.7
     3.9711    803.579      803.6
     4.0262    795.583      795.6
     4.0814    787.667      787.7
     4.1365    779.830      779.8
     4.1917    772.070      772.1
     4.2468    764.388      764.4
     4.3020    756.782      756.8
     4.3571    749.252      749.3
     4.4123    741.797      741.8
     4.4674    734.416      734.4
     4.5226    727.108      727.1
     4.5778    719.873      719.9
     4.6329    712.711      712.7
     4.6881    705.619      705.6
     4.7432    698.598      698.6
     4.7984    691.647      691.6
     4.8535    684.765      684.8
     4.9087    677.951      678.0
     4.9638    671.206      671.2
     5.0190    664.527      664.5
     5.0741    657.915      657.9
     5.1293    651.368      651.4
     5.1844    644.887      644.9
     5.2396    638.470      638.5
     5.2947    632.118      632.1
     5.3499    625.828      625.8
     5.4051    619.601      619.6
     5.4602    613.436      613.4
     5.5154    607.332      607.3
     5.5705    601.289      601.3
     5.6257    595.306      595.3
     5.6808    589.383      589.4
     5.7360    583.518      583.5
     5.7911    577.712      577.7
     5.8463    571.964      572.0
     5.9014    566.273      566.3
     5.9566    560.638      560.6
     6.0117    555.060      555.1
     6.0669    549.537      549.5
     6.1221    544.069      544.1
     6.1772    538.655      538.7
     6.2324    533.295      533.3
     6.2875    527.989      528.0
     6.3427    522.735      522.7
     6.3978    517.534      517.5
     6.4530    512.385      512.4
     6.5081    507.286      507.3
     6.5633    502.239      502.2
     6.6184    497.241      497.2
     6.6736    492.294      492.3
     6.7287    487.395      487.4
     6.7839    482.546      482.5
     6.8391    477.744      477.7
     6.8942    472.991      473.0
     6.9494    468.284      468.3
     7.0045    463.625      463.6
     7.0597    459.012      459.0
     7.1148    454.444      454.4
     7.1700    449.923      449.9
     7.2251    445.446      445.4
     7.2803    441.013      441.0
     7.3354    436.625      436.6
     7.3906    432.281      432.3
     7.4457    427.980      428.0
     7.5009    423.721      423.7
     7.5560    419.505      419.5
     7.6112    415.331      415.3
     7.6664    411.198      411.2
     7.7215    407.107      407.1
     7.7767    403.056      403.1
     7.8318    399.045      399.0
     7.8870    395.075      395.1
     7.9421    391.144      391.1
     7.9973    387.252      387.3
     8.0524    383.399      383.4
     8.1076    379.584      379.6
     8.1627    375.807      375.8
     8.2179    372.068      372.1
     8.2730    368.365      368.4
     8.3282    364.700      364.7
     8.3834    361.071      361.1
     8.4385    357.479      357.5
     8.4937    353.922      353.9
     8.5488    350.400      350.4
     8.6040    346.913      346.9
     8.6591    343.462      343.5
     8.7143    340.044      340.0
     8.7694    336.661      336.7
     8.8246    333.311      333.3
     8.8797    329.994      330.0
     8.9349    326.711      326.7
     8.9900    323.460      323.5
     9.0452    320.242      320.2
     9.1004    317.055      317.1
     9.1555    313.900      313.9
     9.2107    310.777      310.8
     9.2658    307.685      307.7
     9.3210    304.623      304.6
     9.3761    301.592      301.6
     9.4313    298.591      298.6
     9.4864    295.620      295.6
     9.5416    292.679      292.7
     9.5967    289.767      289.8
     9.6519    286.883      286.9
     9.7070    284.029      284.0
     9.7622    281.203      281.2
     9.8173    278.405      278.4
     9.8725    275.634      275.6
     9.9277    272.892      272.9
     9.9828    270.176      270.2
    10.0380    267.488      267.5
    10.0931    264.827      264.8
    10.1483    262.192      262.2
    10.2034    259.583      259.6
    10.2586    257.000      257.0
    10.3137    254.443      254.4
    10.3689    251.911      251.9
    10.4240    249.404      249.4
    10.4792    246.923      246.9
    10.5343    244.466      244.5
    10.5895    242.033      242.0
    10.6447    239.625      239.6
    10.6998    237.241      237.2
    10.7550    234.880      234.9
    10.8101    232.543      232.5
    10.8653    230.229      230.2
    10.9204    227.938      227.9
    10.9756    225.670      225.7
    11.0307    223.425      223.4
    11.0859    221.202      221.2
    11.1410    219.001      219.0
    11.1962    216.822      216.8
    11.2513    214.664      214.7
    11.3065    212.528      212.5
    11.3617    210.414      210.4
    11.4168    208.320      208.3
    11.4720    206.247      206.2
    11.5271    204.195      204.2
    11.5823    202.163      202.2
    11.6374    200.152      200.2
    11.6926    198.160      198.2
    11.7477    196.188      196.2
    11.8029    194.236      194.2
    11.8580    192.304      192.3
    11.9132    190.390      190.4
    11.9683    188.496      188.5
    12.0235    186.620      186.6
    12.0786    184.763      184.8
    12.1338    182.925      182.9
    12.1890    181.105      181.1
    12.2441    179.303      179.3
    12.2993    177.519      177.5
    12.3544    175.752      175.8
    12.4096    174.004      174.0
    12.4647    172.272      172.3
    12.5199    170.558      170.6
    12.5750    168.861      168.9
    12.6302    167.181      167.2
    12.6853    165.517      165.5
    12.7405    163.870      163.9
    12.7956    162.240      162.2
    12.8508    160.625      160.6
    12.9060    159.027      159.0
    12.9611    157.445      157.4
    13.0163    155.878      155.9
    13.0714    154.327      154.3
    13.1266    152.792      152.8
    13.1817    151.271      151.3
    13.2369    149.766      149.8
    13.2920    148.276      148.3
    13.3472    146.801      146.8
    13.4023    145.340      145.3
    13.4575    143.894      143.9
    13.5126    142.462      142.5
    13.5678    141.045      141.0
    13.6229    139.641      139.6
    13.6781    138.252      138.3
    13.7333    136.876      136.9
    13.7884    135.514      135.5
    13.8436    134.166      134.2
    13.8987    132.831      132.8
    13.9539    131.509      131.5
    14.0090    130.200      130.2
    14.0642    128.905      128.9
    14.1193    127.622      127.6
    14.1745    126.352      126.4
    14.2296    125.095      125.1
    14.2848    123.851      123.9
    14.3399    122.618      122.6
    14.3951    121.398      121.4
    14.4503    120.190      120.2
    14.5054    118.994      119.0
    14.5606    117.810      117.8
    14.6157    116.638      116.6
    14.6709    115.477      115.5
    14.7260    114.328      114.3
    14.7812    113.191      113.2
    14.8363    112.065      112.1
    14.8915    110.950      110.9
    14.9466    109.846      109.8
    15.0018    108.753      108.8
    15.0569    107.670      107.7
    15.1121    106.599      106.6
    15.1673    105.538      105.5
    15.2224    104.488      104.5
    15.2776    103.449      103.4
    15.3327    102.419      102.4
    15.3879    101.400      101.4
    15.4430    100.391      100.4
    15.4982     99.392       99.4
    15.5533     98.403       98.4
    15.6085     97.424       97.4
    15.6636     96.455       96.5
    15.7188     95.495       95.5
    15.7739     94.545       94.5
    15.8291     93.604       93.6
    15.8842     92.673       92.7
    15.9394     91.751       91.8
    15.9946     90.838       90.8
    16.0497     89.934       89.9
    16.1049     89.039       89.0
    16.1600     88.153       88.2
    16.2152     87.276       87.3
    16.2703     86.408       86.4
    16.3255     85.548       85.5
    16.3806     84.697       84.7
    16.4358     83.854       83.9
    16.4909     83.019       83.0
    16.5461     82.193       82.2
    16.6012     81.376       81.4
    16.6564     80.566       80.6
    16.7116     79.764       79.8
    16.7667     78.971       79.0
    16.8219     78.185       78.2
    16.8770     77.407       77.4
    16.9322     76.637       76.6
    16.9873     75.874       75.9
    17.0425     75.119       75.1
    17.0976     74.372       74.4
    17.1528     73.632       73.6
    17.2079     72.899       72.9
    17.2631     72.174       72.2
    17.3182     71.456       71.5
    17.3734     70.745       70.7
    17.4286     70.041       70.0
    17.4837     69.344       69.3
    17.5389     68.654       68.7
    17.5940     67.971       68.0
    17.6492     67.294       67.3
    17.7043     66.625       66.6
    17.7595     65.962       66.0
    17.8146     65.305       65.3
    17.8698     64.656       64.7
    17.9249     64.012       64.0
    17.9801     63.375       63.4
    18.0352     62.745       62.7
    18.0904     62.120       62.1
    18.1455     61.502       61.5
    18.2007     60.890       60.9
    18.2559     60.285       60.3
    18.3110     59.685       59.7
    18.3662     59.091       59.1
    18.4213     58.503       58.5
    18.4765     57.921       57.9
    18.5316     57.344       57.3
    18.5868     56.774       56.8
    18.6419     56.209       56.2
    18.6971     55.650       55.6
    18.7522     55.096       55.1
    18.8074     54.548       54.5
    18.8625     54.005       54.0
    18.9177     53.468       53.5
    18.9729     52.936       52.9
    19.0280     52.409       52.4
    19.0832     51.887       51.9
    19.1383     51.371       51.4
    19.1935     50.860       50.9
    19.2486     50.354       50.4
    19.3038     49.853       49.9
    19.3589     49.357       49.4
    19.4141     48.866       48.9
    19.4692     48.379       48.4
    19.5244     47.898       47.9
    19.5795     47.421       47.4
    19.6347     46.950       46.9
    19.6899     46.482       46.5
    19.7450     46.020       46.0
    19.8002     45.562       45.6
    19.8553     45.109       45.1
    19.9105     44.660       44.7
    19.9656     44.216       44.2
    20.0208     43.776       43.8
    20.0759     43.340       43.3
    20.1311     42.909       42.9
    20.1862     42.482       42.5
    20.2414     42.059       42.1
    20.2965     41.641       41.6
    20.3517     41.226       41.2
    20.4068     40.816       40.8
    20.4620     40.410       40.4
    20.5172     40.008       40.0
    20.5723     39.610       39.6
    20.6275     39.216       39.2
    20.6826     38.825       38.8
    20.7378     38.439       38.4
    20.7929     38.057       38.1
    20.8481     37.678       37.7
    20.9032     37.303       37.3
    20.9584     36.932       36.9
    21.0135     36.564       36.6
    21.0687     36.201       36.2
    21.1238     35.840       35.8
    21.1790     35.484       35.5
    21.2342     35.131       35.1
    21.2893     34.781       34.8
    21.3445     34.435       34.4
    21.3996     34.092       34.1
    21.4548     33.753       33.8
    21.5099     33.417       33.4
    21.5651     33.085       33.1
    21.6202     32.756       32.8
    21.6754     32.430       32.4
    21.7305     32.107       32.1
    21.7857     31.788       31.8
    21.8408     31.471       31.5
    21.8960     31.158       31.2
    21.9511     30.848       30.8
    22.0063     30.541       30.5
    22.0615     30.237       30.2
    22.1166     29.936       29.9
    22.1718     29.639       29.6
    22.2269     29.344       29.3
    22.2821     29.052       29.1
    22.3372     28.763       28.8
    22.3924     28.476       28.5
    22.4475     28.193       28.2
    22.5027     27.913       27.9
    22.5578     27.635       27.6
    22.6130     27.360       27.4
    22.6681     27.088       27.1
    22.7233     26.818       26.8
    22.7785     26.551       26.6
    22.8336     26.287       26.3
    22.8888     26.025       26.0
    22.9439     25.767       25.8
    22.9991     25.510       25.5
    23.0542     25.256       25.3
    23.1094     25.005       25.0
    23.1645     24.756       24.8
    23.2197     24.510       24.5
    23.2748     24.266       24.3
    23.3300     24.025       24.0
    23.3851     23.785       23.8
    23.4403     23.549       23.5
    23.4955     23.314       23.3
    23.5506     23.083       23.1
    23.6058     22.853       22.9
    23.6609     22.625       22.6
    23.7161     22.400       22.4
    23.7712     22.177       22.2
    23.8264     21.957       22.0
    23.8815     21.738       21.7
    23.9367     21.522       21.5
    23.9918     21.308       21.3
    24.0470     21.096       21.1
    24.1021     20.886       20.9
    24.1573     20.678       20.7
    24.2124     20.472       20.5
    24.2676     20.269       20.3
    24.3228     20.067       20.1
    24.3779     19.867       19.9
    24.4331     19.670       19.7
    24.4882     19.474       19.5
    24.5434     19.280       19.3
    24.5985     19.088       19.1
    24.6537     18.898       18.9
    24.7088     18.710       18.7
    24.7640     18.524       18.5
    24.8191     18.340       18.3
    24.8743     18.157       18.2
    24.9294     17.977       18.0
    24.9846     17.798       17.8
    25.0398     17.621       17.6
    25.0949     17.445       17.4
    25.1501     17.272       17.3
    25.2052     17.100       17.1
    25.2604     16.930       16.9
    25.3155     16.761       16.8
    25.3707     16.595       16.6
    25.4258     16.429       16.4
    25.4810     16.266       16.3
    25.5361     16.104       16.1
    25.5913     15.944       15.9
    25.6464     15.785       15.8
    25.7016     15.628       15.6
    25.7568     15.473       15.5
    25.8119     15.319       15.3
    25.8671     15.166       15.2
    25.9222     15.015       15.0
    25.9774     14.866       14.9
    26.0325     14.718       14.7
    26.0877     14.572       14.6
    26.1428     14.427       14.4
    26.1980     14.283       14.3
    26.2531     14.141       14.1
    26.3083     14.000       14.0
    26.3634     13.861       13.9
    26.4186     13.723       13.7
    26.4737     13.586       13.6
    26.5289     13.451       13.5
    26.5841     13.317       13.3
    26.6392     13.185       13.2
    26.6944     13.054       13.1
    26.7495     12.924       12.9
    26.8047     12.795       12.8
    26.8598     12.668       12.7
    26.9150     12.542       12.5
    26.9701     12.417       12.4
    27.0253     12.294       12.3
    27.0804     12.171       12.2
    27.1356     12.050       12.1
    27.1907     11.930       11.9
    27.2459     11.812       11.8
    27.3011     11.694       11.7
    27.3562     11.578       11.6
    27.4114     11.462       11.5
    27.4665     11.348       11.3
    27.5217     11.235       11.2
    27.5768     11.124       11.1
    27.6320     11.013       11.0
    27.6871     10.903       10.9
    27.7423     10.795       10.8
    27.7974     10.688       10.7
    27.8526     10.581       10.6
    27.9077     10.476       10.5
    27.9629     10.372       10.4
    28.0180     10.268       10.3
    28.0732     10.166       10.2
    28.1284     10.065       10.1
    28.1835      9.965       10.0
    28.2387      9.866        9.9
    28.2938      9.768        9.8
    28.3490      9.670        9.7
    28.4041      9.574        9.6
    28.4593      9.479        9.5
    28.5144      9.385        9.4
    28.5696      9.291        9.3
    28.6247      9.199        9.2
    28.6799      9.107        9.1
    28.7350      9.017        9.0
    28.7902      8.927        8.9
    28.8454      8.838        8.8
    28.9005      8.750        8.8
    28.9557      8.663        8.7
    29.0108      8.577        8.6
    29.0660      8.492        8.5
    29.1211      8.407        8.4
    29.1763      8.323        8.3
    29.2314      8.241        8.2
    29.2866      8.159        8.2
    29.3417      8.077        8.1
    29.3969      7.997        8.0
    29.4520      7.917        7.9
    29.5072      7.839        7.8
    29.5624      7.761        7.8
    29.6175      7.684        7.7
    29.6727      7.607        7.6
    29.7278      7.531        7.5
    29.7830      7.456        7.5
    29.8381      7.382        7.4
    29.8933      7.309        7.3
    29.9484      7.236        7.2
    30.0036      7.164        7.2
    30.0587      7.093        7.1
    30.1139      7.022        7.0
    30.1690      6.952        7.0
    30.2242      6.883        6.9
    30.2793      6.815        6.8
    30.3345      6.747        6.7
    30.3897      6.680        6.7
    30.4448      6.613        6.6
    30.5000      6.547        6.5
    30.5551      6.482        6.5
    30.6103      6.418        6.4
    30.6654      6.354        6.4
    30.7206      6.291        6.3
    30.7757      6.228        6.2
    30.8309      6.166        6.2
    30.8860      6.105        6.1
    30.9412      6.044        6.0
    30.9963      5.984        6.0
    31.0515      5.924        5.9
    31.1067      5.865        5.9
    31.1618      5.807        5.8
    31.2170      5.749        5.7
    31.2721      5.692        5.7
    31.3273      5.635        5.6
    31.3824      5.579        5.6
    31.4376      5.524        5.5
    31.4927      5.469        5.5
    31.5479      5.414        5.4
    31.6030      5.361        5.4
    31.6582      5.307        5.3
    31.7133      5.254        5.3
    31.7685      5.202        5.2
    31.8237      5.150        5.2
    31.8788      5.099        5.1
    31.9340      5.048        5.0
    31.9891      4.998        5.0
    32.0443      4.948        4.9
    32.0994      4.899        4.9
    32.1546      4.850        4.9
    32.2097      4.802        4.8
    32.2649      4.754        4.8
    32.3200      4.707        4.7
    32.3752      4.660        4.7
    32.4303      4.614        4.6
    32.4855      4.568        4.6
    32.5406      4.523        4.5
    32.5958      4.478        4.5
    32.6510      4.433        4.4
    32.7061      4.389        4.4
    32.7613      4.345        4.3
    32.8164      4.302        4.3
    32.8716      4.259        4.3
    32.9267      4.217        4.2
    32.9819      4.175        4.2
    33.0370      4.133        4.1
    33.0922      4.092        4.1
    33.1473      4.051        4.1
    33.2025      4.011        4.0
    33.2576      3.971        4.0
    33.3128      3.932        3.9
    33.3680      3.893        3.9
    33.4231      3.854        3.9
    33.4783      3.816        3.8
    33.5334      3.778        3.8
    33.5886      3.740        3.7
    33.6437      3.703        3.7
    33.6989      3.666        3.7
    33.7540      3.629        3.6
    33.8092      3.593        3.6
    33.8643      3.558        3.6
    33.9195      3.522        3.5
    33.9746      3.487        3.5
    34.0298      3.452        3.5
    34.0850      3.418        3.4
    34.1401      3.384        3.4
    34.1953      3.350        3.4
    34.2504      3.317        3.3
    34.3056      3.284        3.3
    34.3607      3.251        3.3
    34.4159      3.219        3.2
    34.4710      3.187        3.2
    34.5262      3.155        3.2
    34.5813      3.124        3.1
    34.6365      3.093        3.1
    34.6916      3.062        3.1
    34.7468      3.032        3.0
    34.8019      3.001        3.0
    34.8571      2.972        3.0
    34.9123      2.942        2.9
    34.9674      2.913        2.9
    35.0226      2.884        2.9
    35.0777      2.855        2.9
    35.1329      2.827        2.8
    35.1880      2.798        2.8
    35.2432      2.771        2.8
    35.2983      2.743        2.7
    35.3535      2.716        2.7
    35.4086      2.689        2.7
    35.4638      2.662        2.7
    35.5189      2.636        2.6
    35.5741      2.609        2.6
    35.6293      2.583        2.6
    35.6844      2.558        2.6
    35.7396      2.532        2.5
    35.7947      2.507        2.5
    35.8499      2.482        2.5
    35.9050      2.457        2.5
    35.9602      2.433        2.4
    36.0153      2.409        2.4
    36.0705      2.385        2.4
    36.1256      2.361        2.4
    36.1808      2.337        2.3
    36.2359      2.314        2.3
    36.2911      2.291        2.3
    36.3462      2.268        2.3
    36.4014      2.246        2.2
    36.4566      2.223        2.2
    36.5117      2.201        2.2
    36.5669      2.179        2.2
    36.6220      2.158        2.2
    36.6772      2.136        2.1
    36.7323      2.115        2.1
    36.7875      2.094        2.1
    36.8426      2.073        2.1
    36.8978      2.053        2.1
    36.9529      2.032        2.0
    37.0081      2.012        2.0
    37.0632      1.992        2.0
    37.1184      1.972        2.0
    37.1736      1.952        2.0
    37.2287      1.933        1.9
    37.2839      1.914        1.9
    37.3390      1.895        1.9
    37.3942      1.876        1.9
    37.4493      1.857        1.9
    37.5045      1.839        1.8
    37.5596      1.820        1.8
    37.6148      1.802        1.8
    37.6699      1.784        1.8
    37.7251      1.767        1.8
    37.7802      1.749        1.7
    37.8354      1.732        1.7
    37.8906      1.714        1.7
    37.9457      1.697        1.7
    38.0009      1.680        1.7
    38.0560      1.664        1.7
    38.1112      1.647        1.6
    38.1663      1.631        1.6
    38.2215      1.615        1.6
    38.2766      1.599        1.6
    38.3318      1.583        1.6
    38.3869      1.567        1.6
    38.4421      1.551        1.6
    38.4972      1.536        1.5
    38.5524      1.521        1.5
    38.6075      1.505        1.5
    38.6627      1.490        1.5
    38.7179      1.476        1.5
    38.7730      1.461        1.5
    38.8282      1.446        1.4
    38.8833      1.432        1.4
    38.9385      1.418        1.4
    38.9936      1.404        1.4
    39.0488      1.390        1.4
    39.1039      1.376        1.4
    39.1591      1.362        1.4
    39.2142      1.349        1.3
    39.2694      1.335        1.3
    39.3245      1.322        1.3
    39.3797      1.309        1.3
    39.4349      1.296        1.3
    39.4900      1.283        1.3
    39.5452      1.270        1.3
    39.6003      1.257        1.3
    39.6555      1.245        1.2
    39.7106      1.233        1.2
    39.7658      1.220        1.2
    39.8209      1.208        1.2
    39.8761      1.196        1.2
    39.9312      1.184        1.2
    39.9864      1.172        1.2
    40.0415      1.161        1.2
    40.0967      1.149        1.1
    40.1519      1.138        1.1
    40.2070      1.126        1.1
    40.2622      1.115        1.1
    40.3173      1.104        1.1
    40.3725      1.093        1.1
    40.4276      1.082        1.1
    40.4828      1.072        1.1
    40.5379      1.061        1.1
    40.5931      1.050        1.1
    40.6482      1.040        1.0
    40.7034      1.030        1.0
    40.7585      1.019        1.0
    40.8137      1.009        1.0
    40.8688      0.999        1.0
    40.9240      0.989        1.0
    40.9792      0.979        1.0
    41.0343      0.970        1.0
    41.0895      0.960        1.0
    41.1446      0.950        1.0
    41.1998      0.941        0.9
    41.2549      0.932        0.9
    41.3101      0.922        0.9
    41.3652      0.913        0.9
    41.4204      0.904        0.9
    41.4755      0.895        0.9
    41.5307      0.886        0.9
    41.5858      0.877        0.9
    41.6410      0.869        0.9
    41.6962      0.860        0.9
    41.7513      0.851        0.9
    41.8065      0.843        0.8
    41.8616      0.834        0.8
    41.9168      0.826        0.8
    41.9719      0.818        0.8
    42.0271      0.810        0.8
    42.0822      0.802        0.8
    42.1374      0.794        0.8
    42.1925      0.786        0.8
    42.2477      0.778        0.8
    42.3028      0.770        0.8
    42.3580      0.763        0.8
    42.4132      0.755        0.8
    42.4683      0.748        0.7
    42.5235      0.740        0.7
    42.5786      0.733        0.7
    42.6338      0.725        0.7
    42.6889      0.718        0.7
    42.7441      0.711        0.7
    42.7992      0.704        0.7
    42.8544      0.697        0.7
    42.9095      0.690        0.7
    42.9647      0.683        0.7
    43.0198      0.676        0.7
    43.0750      0.670        0.7
    43.1301      0.663        0.7
    43.1853      0.656        0.7
    43.2405      0.650        0.6
    43.2956      0.643        0.6
    43.3508      0.637        0.6
    43.4059      0.631        0.6
    43.4611      0.624        0.6
    43.5162      0.618        0.6
    43.5714      0.612        0.6
    43.6265      0.606        0.6
    43.6817      0.600        0.6
    43.7368      0.594        0.6
    43.7920      0.588        0.6
    43.8471      0.582        0.6
    43.9023      0.576        0.6
    43.9575      0.571        0.6
    44.0126      0.565        0.6
    44.0678      0.559        0.6
    44.1229      0.554        0.6
    44.1781      0.548        0.5
    44.2332      0.543        0.5
    44.2884      0.537        0.5
    44.3435      0.532        0.5
    44.3987      0.527        0.5
    44.4538      0.522        0.5
    44.5090      0.516        0.5
    44.5641      0.511        0.5
    44.6193      0.506        0.5
    44.6744      0.501        0.5
    44.7296      0.496        0.5
    44.7848      0.491        0.5
    44.8399      0.486        0.5
    44.8951      0.481        0.5
    44.9502      0.477        0.5
    45.0054      0.472        0.5
    45.0605      0.467        0.5
    45.1157      0.463        0.5
    45.1708      0.458        0.5
    45.2260      0.453        0.5
    45.2811      0.449        0.4
    45.3363      0.444        0.4
    45.3914      0.440        0.4
    45.4466      0.436        0.4
    45.5018      0.431        0.4
    45.5569      0.427        0.4
    45.6121      0.423        0.4
    45.6672      0.419        0.4
    45.7224      0.414        0.4
    45.7775      0.410        0.4
    45.8327      0.406        0.4
    45.8878      0.402        0.4
    45.9430      0.398        0.4
    45.9981      0.394        0.4
    46.0533      0.390        0.4
    46.1084      0.386        0.4
    46.1636      0.383        0.4
    46.2188      0.379        0.4
    46.2739      0.375        0.4
    46.3291      0.371        0.4
    46.3842      0.368        0.4
    46.4394      0.364        0.4
    46.4945      0.360        0.4
    46.5497      0.357        0.4
    46.6048      0.353        0.4
    46.6600      0.350        0.3
    46.7151      0.346        0.3
    46.7703      0.343        0.3
    46.8254      0.339        0.3
    46.8806      0.336        0.3
    46.9357      0.333        0.3
    46.9909      0.329        0.3
    47.0461      0.326        0.3
    47.1012      0.323        0.3
    47.1564      0.320        0.3
    47.2115      0.316        0.3
    47.2667      0.313        0.3
    47.3218      0.310        0.3
    47.3770      0.307        0.3
    47.4321      0.304        0.3
    47.4873      0.301        0.3
    47.5424      0.298        0.3
    47.5976      0.295        0.3
    47.6527      0.292        0.3
    47.7079      0.289        0.3
    47.7631      0.286        0.3
    47.8182      0.283        0.3
    47.8734      0.281        0.3
    47.9285      0.278        0.3
    47.9837      0.275        0.3
    48.0388      0.272        0.3
    48.0940      0.270        0.3
    48.1491      0.267        0.3
    48.2043      0.264        0.3
    48.2594      0.262        0.3
    48.3146      0.259        0.3
    48.3697      0.256        0.3
    48.4249      0.254        0.3
    48.4801      0.251        0.3
    48.5352      0.249        0.2
    48.5904      0.246        0.2
    48.6455      0.244        0.2
    48.7007      0.241        0.2
    48.7558      0.239        0.2
    48.8110      0.237        0.2
    48.8661      0.234        0.2
    48.9213      0.232        0.2
    48.9764      0.230        0.2
    49.0316      0.227        0.2
    49.0867      0.225        0.2
    49.1419      0.223        0.2
    49.1970      0.221        0.2
    49.2522      0.219        0.2
    49.3074      0.216        0.2
    49.3625      0.214        0.2
    49.4177      0.212        0.2
    49.4728      0.210        0.2
    49.5280      0.208        0.2
    49.5831      0.206        0.2
    49.6383      0.204        0.2
    49.6934      0.202        0.2
    49.7486      0.200        0.2
    49.8037      0.198        0.2
    49.8589      0.196        0.2
    49.9140      0.194        0.2
    49.9692      0.192        0.2
    50.0244      0.190        0.2
    50.0795      0.188        0.2
    50.1347      0.186        0.2
    50.1898      0.184        0.2
    50.2450      0.183        0.2
    50.3001      0.181        0.2
    50.3553      0.179        0.2
    50.4104      0.177        0.2
    50.4656      0.175        0.2
    50.5207      0.174        0.2
    50.5759      0.172        0.2
    50.6310      0.170        0.2
    50.6862      0.168        0.2
    50.7414      0.167        0.2
    50.7965      0.165        0.2
    50.8517      0.164        0.2
    50.9068      0.162        0.2
    50.9620      0.160        0.2
    51.0171      0.159        0.2
    51.0723      0.157        0.2
    51.1274      0.156        0.2
    51.1826      0.154        0.2
    51.2377      0.152        0.2
    51.2929      0.151        0.2
    51.3480      0.149        0.1
    51.4032      0.148        0.1
    51.4583      0.146        0.1
    51.5135      0.145        0.1
    51.5687      0.144        0.1
    51.6238      0.142        0.1
    51.6790      0.141        0.1
    51.7341      0.139        0.1
    51.7893      0.138        0.1
    51.8444      0.137        0.1
    51.8996      0.135        0.1
    51.9547      0.134        0.1
    52.0099      0.133        0.1
    52.0650      0.131        0.1
    52.1202      0.130        0.1
    52.1753      0.129        0.1
    52.2305      0.127        0.1
    52.2857      0.126        0.1
    52.3408      0.125        0.1
    52.3960      0.124        0.1
    52.4511      0.122        0.1
    52.5063      0.121        0.1
    52.5614      0.120        0.1
    52.6166      0.119        0.1
    52.6717      0.118        0.1
    52.7269      0.116        0.1
    52.7820      0.115        0.1
    52.8372      0.114        0.1
    52.8923      0.113        0.1
    52.9475      0.112        0.1
    53.0026      0.111        0.1
    53.0578      0.110        0.1
    53.1130      0.109        0.1
    53.1681      0.107        0.1
    53.2233      0.106        0.1
    53.2784      0.105        0.1
    53.3336      0.104        0.1
    53.3887      0.103        0.1
    53.4439      0.102        0.1
    53.4990      0.101        0.1
    53.5542      0.100        0.1
    53.6093      0.099        0.1
    53.6645      0.098        0.1
    53.7196      0.097        0.1
    53.7748      0.096        0.1
    53.8300      0.095        0.1
    53.8851      0.094        0.1
    53.9403      0.093        0.1
    53.9954      0.092        0.1
    54.0506      0.092        0.1
    54.1057      0.091        0.1
    54.1609      0.090        0.1
    54.2160      0.089        0.1
    54.2712      0.088        0.1
    54.3263      0.087        0.1
    54.3815      0.086        0.1
    54.4366      0.085        0.1
    54.4918      0.085        0.1
    54.5470      0.084        0.1
    54.6021      0.083        0.1
    54.6573      0.082        0.1
    54.7124      0.081        0.1
    54.7676      0.080        0.1
    54.8227      0.080        0.1
    54.8779      0.079        0.1
    54.9330      0.078        0.1
    54.9882      0.077        0.1
    55.0433      0.076        0.1
    55.0985      0.076        0.1

Confidence Intervals:
A1 : [     1634.0 ;     1667.8] Cnts
t1 : [     5.4740 ;     5.5567] ns

