PicoQuant FluoFit-style Python Export
Saved : 06/18/2026 01:08:41 PM

Python single-exponential reconvolution fit

Model: Exp. [Reconv.] (Exponential)
Plotted Data Set #0 Decay:
"tryptamine_0p067odat261ex_350em_200uw_50ns_20mins_1938_may20_2025.sdt" (0)
Plotted Data Set #0 IRF:
"irf_261ex_261emt261ex_100uw_2143_nodblexc_05202025_correctcuvetteposition.sdt" (0)
X²(reduced): 7.4553 ; Fitted Data Points: 3642

Data Set #0
     Decay                 IRF                   Model Decay           Residuals
     t[ns]     Intens.     t[ns]     Intens.     t[ns]     Intens.     t[ns]       diff.
    0.000000           0    0.000000           0    0.000000      0.0000    0.000000     -0.0000
    0.012207           0    0.012207           0    0.012207      0.0000    0.012207     -0.0000
    0.024414           0    0.024414           0    0.024414      0.0000    0.024414     -0.0000
    0.036621           0    0.036621           0    0.036621      0.0000    0.036621     -0.0000
    0.048828           0    0.048828           0    0.048828      0.0000    0.048828     -0.0000
    0.061035           0    0.061035           0    0.061035      0.0000    0.061035     -0.0000
    0.073242           0    0.073242           0    0.073242      0.0000    0.073242     -0.0000
    0.085449           0    0.085449           0    0.085449      0.0000    0.085449     -0.0000
    0.097656           0    0.097656           0    0.097656      0.0000    0.097656     -0.0000
    0.109863           0    0.109863           0    0.109863      0.0000    0.109863     -0.0000
    0.122070           0    0.122070           0    0.122070      0.0000    0.122070     -0.0000
    0.134277           0    0.134277           0    0.134277      0.0000    0.134277     -0.0000
    0.146484           0    0.146484           0    0.146484      0.0000    0.146484     -0.0000
    0.158691           0    0.158691           0    0.158691      0.0000    0.158691     -0.0000
    0.170898           0    0.170898           0    0.170898      0.0000    0.170898     -0.0000
    0.183105           0    0.183105           0    0.183105      0.0000    0.183105     -0.0000
    0.195313           0    0.195313           0    0.195313      0.0000    0.195313     -0.0000
    0.207520           0    0.207520           0    0.207520      0.0000    0.207520     -0.0000
    0.219727           0    0.219727           0    0.219727      0.0000    0.219727     -0.0000
    0.231934           0    0.231934           0    0.231934      0.0000    0.231934     -0.0000
    0.244141           0    0.244141           0    0.244141      0.0000    0.244141     -0.0000
    0.256348           0    0.256348           0    0.256348      0.0000    0.256348     -0.0000
    0.268555           0    0.268555           0    0.268555      0.0000    0.268555     -0.0000
    0.280762           0    0.280762           0    0.280762      0.0000    0.280762     -0.0000
    0.292969           0    0.292969           0    0.292969      0.0000    0.292969     -0.0000
    0.305176           0    0.305176           0    0.305176      0.0000    0.305176     -0.0000
    0.317383           0    0.317383           0    0.317383      0.0000    0.317383     -0.0000
    0.329590           0    0.329590           0    0.329590      0.0000    0.329590     -0.0000
    0.341797           0    0.341797           0    0.341797      0.0000    0.341797     -0.0000
    0.354004           0    0.354004           0    0.354004      0.0000    0.354004     -0.0000
    0.366211           0    0.366211           0    0.366211      0.0000    0.366211     -0.0000
    0.378418           0    0.378418           0    0.378418      0.0000    0.378418     -0.0000
    0.390625           0    0.390625           0    0.390625      0.0000    0.390625     -0.0000
    0.402832           0    0.402832           0    0.402832      0.0000    0.402832     -0.0000
    0.415039           0    0.415039           0    0.415039      0.0000    0.415039     -0.0000
    0.427246           0    0.427246           0    0.427246      0.0000    0.427246     -0.0000
    0.439453           0    0.439453           0    0.439453      0.0000    0.439453     -0.0000
    0.451660           0    0.451660           0    0.451660      0.0000    0.451660     -0.0000
    0.463867           0    0.463867           0    0.463867      0.0000    0.463867     -0.0000
    0.476074           0    0.476074           0    0.476074      0.0000    0.476074     -0.0000
    0.488281           0    0.488281           0    0.488281      0.0000    0.488281     -0.0000
    0.500488           0    0.500488           0    0.500488      0.0000    0.500488     -0.0000
    0.512695           0    0.512695           0    0.512695      0.0000    0.512695     -0.0000
    0.524902           0    0.524902           0    0.524902      0.0000    0.524902     -0.0000
    0.537109           0    0.537109           0    0.537109      0.0000    0.537109     -0.0000
    0.549316           0    0.549316           0    0.549316      0.0000    0.549316     -0.0000
    0.561523           0    0.561523           0    0.561523      0.0000    0.561523     -0.0000
    0.573730           0    0.573730           0    0.573730      0.0000    0.573730     -0.0000
    0.585938           0    0.585938           0    0.585938      0.0000    0.585938     -0.0000
    0.598145           0    0.598145           0    0.598145      0.0000    0.598145     -0.0000
    0.610352           0    0.610352           0    0.610352      0.0000    0.610352     -0.0000
    0.622559           0    0.622559           0    0.622559      0.0000    0.622559     -0.0000
    0.634766           0    0.634766           0    0.634766      0.0000    0.634766     -0.0000
    0.646973           0    0.646973           0    0.646973      0.0000    0.646973     -0.0000
    0.659180           0    0.659180           0    0.659180      0.0000    0.659180     -0.0000
    0.671387           0    0.671387           0    0.671387      0.0000    0.671387     -0.0000
    0.683594           0    0.683594           0    0.683594      0.0000    0.683594     -0.0000
    0.695801           0    0.695801           0    0.695801      0.0000    0.695801     -0.0000
    0.708008           0    0.708008           0    0.708008      0.0000    0.708008     -0.0000
    0.720215           0    0.720215           0    0.720215      0.0000    0.720215     -0.0000
    0.732422           0    0.732422           0    0.732422      0.0000    0.732422     -0.0000
    0.744629           0    0.744629           0    0.744629      0.0000    0.744629     -0.0000
    0.756836           0    0.756836           0    0.756836      0.0000    0.756836     -0.0000
    0.769043           0    0.769043           0    0.769043      0.0000    0.769043     -0.0000
    0.781250           0    0.781250           0    0.781250      0.0000    0.781250     -0.0000
    0.793457           0    0.793457           0    0.793457      0.0000    0.793457     -0.0000
    0.805664           0    0.805664           0    0.805664      0.0000    0.805664     -0.0000
    0.817871           0    0.817871           0    0.817871      0.0000    0.817871     -0.0000
    0.830078           0    0.830078           0    0.830078      0.0000    0.830078     -0.0000
    0.842285           0    0.842285           0    0.842285      0.0000    0.842285     -0.0000
    0.854492           0    0.854492           0    0.854492      0.0000    0.854492     -0.0000
    0.866699           0    0.866699           0    0.866699      0.0000    0.866699     -0.0000
    0.878906           0    0.878906           0    0.878906      0.0000    0.878906     -0.0000
    0.891113           0    0.891113           0    0.891113      0.0000    0.891113     -0.0000
    0.903320           0    0.903320           0    0.903320      0.0000    0.903320     -0.0000
    0.915527           0    0.915527           0    0.915527      0.0000    0.915527     -0.0000
    0.927734           0    0.927734           0    0.927734      0.0000    0.927734     -0.0000
    0.939941           0    0.939941           0    0.939941      0.0000    0.939941     -0.0000
    0.952148           0    0.952148           0    0.952148      0.0000    0.952148     -0.0000
    0.964355           0    0.964355           0    0.964355      0.0000    0.964355     -0.0000
    0.976563           0    0.976563           0    0.976563      0.0000    0.976563     -0.0000
    0.988770           0    0.988770           0    0.988770      0.0000    0.988770     -0.0000
    1.000977           0    1.000977           0    1.000977      0.0000    1.000977     -0.0000
    1.013184           0    1.013184           0    1.013184      0.0000    1.013184     -0.0000
    1.025391           0    1.025391           0    1.025391      0.0000    1.025391     -0.0000
    1.037598           0    1.037598           0    1.037598      0.0000    1.037598     -0.0000
    1.049805           0    1.049805           0    1.049805      0.0000    1.049805     -0.0000
    1.062012           0    1.062012           0    1.062012      0.0000    1.062012     -0.0000
    1.074219           0    1.074219           0    1.074219      0.0000    1.074219     -0.0000
    1.086426           0    1.086426           0    1.086426      0.0000    1.086426     -0.0000
    1.098633           0    1.098633           0    1.098633      0.0000    1.098633     -0.0000
    1.110840           0    1.110840           0    1.110840      0.0000    1.110840     -0.0000
    1.123047           0    1.123047           0    1.123047      0.0000    1.123047     -0.0000
    1.135254           0    1.135254           0    1.135254      0.0000    1.135254     -0.0000
    1.147461           0    1.147461           0    1.147461      0.0000    1.147461     -0.0000
    1.159668           0    1.159668           0    1.159668      0.0000    1.159668     -0.0000
    1.171875           0    1.171875           0    1.171875      0.0000    1.171875     -0.0000
    1.184082           0    1.184082           0    1.184082      0.0000    1.184082     -0.0000
    1.196289           0    1.196289           0    1.196289      0.0000    1.196289     -0.0000
    1.208496           0    1.208496           0    1.208496      0.0000    1.208496     -0.0000
    1.220703           0    1.220703           0    1.220703      0.0000    1.220703     -0.0000
    1.232910           0    1.232910           0    1.232910      0.0000    1.232910     -0.0000
    1.245117           0    1.245117           0    1.245117      0.0000    1.245117     -0.0000
    1.257324           0    1.257324           0    1.257324      0.0000    1.257324     -0.0000
    1.269531           0    1.269531           0    1.269531      0.0000    1.269531     -0.0000
    1.281738           0    1.281738           0    1.281738      0.0000    1.281738     -0.0000
    1.293945           0    1.293945           0    1.293945      0.0000    1.293945     -0.0000
    1.306152           0    1.306152           0    1.306152      0.0000    1.306152     -0.0000
    1.318359           0    1.318359           0    1.318359      0.0000    1.318359     -0.0000
    1.330566           0    1.330566           0    1.330566      0.0000    1.330566     -0.0000
    1.342773           0    1.342773           0    1.342773      0.0000    1.342773     -0.0000
    1.354980           0    1.354980           0    1.354980      0.0000    1.354980     -0.0000
    1.367188           0    1.367188           0    1.367188      0.0000    1.367188     -0.0000
    1.379395           0    1.379395           0    1.379395      0.0000    1.379395     -0.0000
    1.391602           0    1.391602           0    1.391602      0.0000    1.391602     -0.0000
    1.403809           0    1.403809           0    1.403809      0.0000    1.403809     -0.0000
    1.416016           0    1.416016           5    1.416016      0.0000    1.416016     -0.0000
    1.428223           0    1.428223           0    1.428223      0.0000    1.428223     -0.0000
    1.440430           0    1.440430           0    1.440430      0.0000    1.440430     -0.0000
    1.452637           0    1.452637           0    1.452637      0.0000    1.452637     -0.0000
    1.464844           0    1.464844           0    1.464844      0.0000    1.464844     -0.0000
    1.477051           0    1.477051           0    1.477051      0.0000    1.477051     -0.0000
    1.489258           0    1.489258           0    1.489258      0.0000    1.489258     -0.0000
    1.501465           0    1.501465           0    1.501465      0.0000    1.501465     -0.0000
    1.513672           0    1.513672           0    1.513672      0.0000    1.513672     -0.0000
    1.525879           0    1.525879           0    1.525879      0.0000    1.525879     -0.0000
    1.538086           0    1.538086           0    1.538086      0.0000    1.538086     -0.0000
    1.550293           0    1.550293           0    1.550293      0.0000    1.550293     -0.0000
    1.562500           0    1.562500           0    1.562500      0.0000    1.562500     -0.0000
    1.574707           0    1.574707           0    1.574707      0.0000    1.574707     -0.0000
    1.586914           0    1.586914           0    1.586914      0.0000    1.586914     -0.0000
    1.599121           0    1.599121           0    1.599121      0.0000    1.599121     -0.0000
    1.611328           0    1.611328           0    1.611328      0.0000    1.611328     -0.0000
    1.623535           0    1.623535           0    1.623535      0.0000    1.623535     -0.0000
    1.635742           0    1.635742           0    1.635742      0.0000    1.635742     -0.0000
    1.647949           0    1.647949           0    1.647949      0.0000    1.647949     -0.0000
    1.660156           0    1.660156           0    1.660156      0.0000    1.660156     -0.0000
    1.672363           0    1.672363           0    1.672363      0.0000    1.672363     -0.0000
    1.684570           0    1.684570           0    1.684570      0.0000    1.684570     -0.0000
    1.696777           0    1.696777           0    1.696777      0.0000    1.696777     -0.0000
    1.708984           0    1.708984           0    1.708984      0.0000    1.708984     -0.0000
    1.721191           0    1.721191           0    1.721191      0.0000    1.721191     -0.0000
    1.733398           0    1.733398           0    1.733398      0.0000    1.733398     -0.0000
    1.745605           0    1.745605           0    1.745605      0.0000    1.745605     -0.0000
    1.757813           0    1.757813           0    1.757813      0.0000    1.757813     -0.0000
    1.770020           0    1.770020           0    1.770020      0.0000    1.770020     -0.0000
    1.782227           0    1.782227           0    1.782227      0.0007    1.782227     -0.0007
    1.794434           0    1.794434           0    1.794434      0.0965    1.794434     -0.0965
    1.806641           0    1.806641           0    1.806641      0.0963    1.806641     -0.0963
    1.818848           0    1.818848           0    1.818848      0.0961    1.818848     -0.0961
    1.831055           0    1.831055           0    1.831055      0.0959    1.831055     -0.0959
    1.843262           0    1.843262           0    1.843262      0.0957    1.843262     -0.0957
    1.855469           0    1.855469           0    1.855469      0.0955    1.855469     -0.0955
    1.867676           0    1.867676           0    1.867676      0.0952    1.867676     -0.0952
    1.879883           0    1.879883           0    1.879883      0.0950    1.879883     -0.0950
    1.892090           0    1.892090           0    1.892090      0.0948    1.892090     -0.0948
    1.904297           0    1.904297           0    1.904297      0.0946    1.904297     -0.0946
    1.916504           0    1.916504           0    1.916504      0.0944    1.916504     -0.0944
    1.928711           0    1.928711           0    1.928711      0.0942    1.928711     -0.0942
    1.940918           0    1.940918           0    1.940918      0.0940    1.940918     -0.0940
    1.953125           0    1.953125           0    1.953125      0.0937    1.953125     -0.0937
    1.965332           0    1.965332           0    1.965332      0.0935    1.965332     -0.0935
    1.977539           0    1.977539           0    1.977539      0.0933    1.977539     -0.0933
    1.989746           0    1.989746           0    1.989746      0.0931    1.989746     -0.0931
    2.001953           0    2.001953           0    2.001953      0.0929    2.001953     -0.0929
    2.014160           0    2.014160           0    2.014160      0.0927    2.014160     -0.0927
    2.026367           0    2.026367           0    2.026367      0.0925    2.026367     -0.0925
    2.038574           0    2.038574           0    2.038574      0.0923    2.038574     -0.0923
    2.050781           0    2.050781           0    2.050781      0.0921    2.050781     -0.0921
    2.062988           0    2.062988           0    2.062988      0.0919    2.062988     -0.0919
    2.075195           0    2.075195           0    2.075195      0.0917    2.075195     -0.0917
    2.087402           0    2.087402           0    2.087402      0.0914    2.087402     -0.0914
    2.099609           0    2.099609           0    2.099609      0.0912    2.099609     -0.0912
    2.111816           0    2.111816           0    2.111816      0.0910    2.111816     -0.0910
    2.124023           0    2.124023           0    2.124023      0.0908    2.124023     -0.0908
    2.136230           0    2.136230           0    2.136230      0.0906    2.136230     -0.0906
    2.148438           0    2.148438           0    2.148438      0.0904    2.148438     -0.0904
    2.160645           0    2.160645           0    2.160645      0.0902    2.160645     -0.0902
    2.172852           0    2.172852           0    2.172852      0.0900    2.172852     -0.0900
    2.185059           0    2.185059           0    2.185059      0.0898    2.185059     -0.0898
    2.197266           0    2.197266           0    2.197266      0.0896    2.197266     -0.0896
    2.209473           5    2.209473           0    2.209473      0.0894    2.209473      2.1961
    2.221680           0    2.221680           0    2.221680      0.0892    2.221680     -0.0892
    2.233887           0    2.233887           0    2.233887      0.0890    2.233887     -0.0890
    2.246094           0    2.246094           0    2.246094      0.0888    2.246094     -0.0888
    2.258301           0    2.258301           0    2.258301      0.0886    2.258301     -0.0886
    2.270508           0    2.270508           0    2.270508      0.0884    2.270508     -0.0884
    2.282715           0    2.282715           0    2.282715      0.0882    2.282715     -0.0882
    2.294922           0    2.294922           0    2.294922      0.0880    2.294922     -0.0880
    2.307129           0    2.307129           0    2.307129      0.0878    2.307129     -0.0878
    2.319336           0    2.319336           5    2.319336      0.0876    2.319336     -0.0876
    2.331543           0    2.331543           0    2.331543      0.0874    2.331543     -0.0874
    2.343750           0    2.343750           5    2.343750      0.0872    2.343750     -0.0872
    2.355957           0    2.355957           0    2.355957      0.0870    2.355957     -0.0870
    2.368164           0    2.368164           0    2.368164      0.0868    2.368164     -0.0868
    2.380371           0    2.380371           0    2.380371      0.0866    2.380371     -0.0866
    2.392578           0    2.392578           0    2.392578      0.0864    2.392578     -0.0864
    2.404785           0    2.404785           0    2.404785      0.0862    2.404785     -0.0862
    2.416992           0    2.416992           0    2.416992      0.0860    2.416992     -0.0860
    2.429199           0    2.429199           0    2.429199      0.0858    2.429199     -0.0858
    2.441406           0    2.441406           0    2.441406      0.0856    2.441406     -0.0856
    2.453613           0    2.453613           0    2.453613      0.0854    2.453613     -0.0854
    2.465820           0    2.465820           0    2.465820      0.0853    2.465820     -0.0853
    2.478027           0    2.478027           0    2.478027      0.0851    2.478027     -0.0851
    2.490234           0    2.490234           0    2.490234      0.0849    2.490234     -0.0849
    2.502441           0    2.502441           0    2.502441      0.0847    2.502441     -0.0847
    2.514648           0    2.514648           0    2.514648      0.0845    2.514648     -0.0845
    2.526855           0    2.526855           0    2.526855      0.0843    2.526855     -0.0843
    2.539063           0    2.539063           0    2.539063      0.0841    2.539063     -0.0841
    2.551270           0    2.551270           0    2.551270      0.0839    2.551270     -0.0839
    2.563477           5    2.563477           0    2.563477      0.0837    2.563477      2.1986
    2.575684           0    2.575684           0    2.575684      0.0835    2.575684     -0.0835
    2.587891           0    2.587891           0    2.587891      0.0833    2.587891     -0.0833
    2.600098           0    2.600098           0    2.600098      0.0832    2.600098     -0.0832
    2.612305           0    2.612305           0    2.612305      0.0830    2.612305     -0.0830
    2.624512           0    2.624512           0    2.624512      0.0828    2.624512     -0.0828
    2.636719           0    2.636719           0    2.636719      0.0826    2.636719     -0.0826
    2.648926           0    2.648926           0    2.648926      0.0824    2.648926     -0.0824
    2.661133           0    2.661133           0    2.661133      0.0822    2.661133     -0.0822
    2.673340           0    2.673340           0    2.673340      0.0820    2.673340     -0.0820
    2.685547           0    2.685547           0    2.685547      0.0825    2.685547     -0.0825
    2.697754           0    2.697754           0    2.697754      0.1782    2.697754     -0.1782
    2.709961           0    2.709961           0    2.709961      0.1785    2.709961     -0.1785
    2.722168           0    2.722168           0    2.722168      0.2740    2.722168     -0.2740
    2.734375           0    2.734375           0    2.734375      0.2733    2.734375     -0.2733
    2.746582           0    2.746582           0    2.746582      0.2727    2.746582     -0.2727
    2.758789           0    2.758789           0    2.758789      0.2721    2.758789     -0.2721
    2.770996           0    2.770996           0    2.770996      0.2715    2.770996     -0.2715
    2.783203           0    2.783203           0    2.783203      0.2709    2.783203     -0.2709
    2.795410           0    2.795410           0    2.795410      0.2703    2.795410     -0.2703
    2.807617           0    2.807617           0    2.807617      0.2697    2.807617     -0.2697
    2.819824           0    2.819824           0    2.819824      0.2690    2.819824     -0.2690
    2.832031           0    2.832031           0    2.832031      0.2684    2.832031     -0.2684
    2.844238           0    2.844238           0    2.844238      0.2678    2.844238     -0.2678
    2.856445           5    2.856445           0    2.856445      0.2672    2.856445      2.1166
    2.868652           0    2.868652           0    2.868652      0.2666    2.868652     -0.2666
    2.880859           5    2.880859           5    2.880859      0.2660    2.880859      2.1171
    2.893066           0    2.893066           0    2.893066      0.2654    2.893066     -0.2654
    2.905273           0    2.905273           0    2.905273      0.2648    2.905273     -0.2648
    2.917481           0    2.917481           0    2.917481      0.2642    2.917481     -0.2642
    2.929688           0    2.929688           0    2.929688      0.2636    2.929688     -0.2636
    2.941895           0    2.941895           0    2.941895      0.2630    2.941895     -0.2630
    2.954102           0    2.954102           0    2.954102      0.2624    2.954102     -0.2624
    2.966309           0    2.966309           0    2.966309      0.2618    2.966309     -0.2618
    2.978516           0    2.978516           0    2.978516      0.2613    2.978516     -0.2613
    2.990723           0    2.990723           0    2.990723      0.2607    2.990723     -0.2607
    3.002930           0    3.002930           0    3.002930      0.2601    3.002930     -0.2601
    3.015137           0    3.015137           0    3.015137      0.2595    3.015137     -0.2595
    3.027344           0    3.027344           0    3.027344      0.2589    3.027344     -0.2589
    3.039551           0    3.039551           0    3.039551      0.2583    3.039551     -0.2583
    3.051758           0    3.051758           0    3.051758      0.2577    3.051758     -0.2577
    3.063965           0    3.063965           0    3.063965      0.2572    3.063965     -0.2572
    3.076172           0    3.076172           0    3.076172      0.2566    3.076172     -0.2566
    3.088379           0    3.088379           0    3.088379      0.2560    3.088379     -0.2560
    3.100586           0    3.100586           0    3.100586      0.2554    3.100586     -0.2554
    3.112793           0    3.112793           0    3.112793      0.2548    3.112793     -0.2548
    3.125000           0    3.125000           0    3.125000      0.2543    3.125000     -0.2543
    3.137207           5    3.137207           0    3.137207      0.2537    3.137207      2.1226
    3.149414           0    3.149414           0    3.149414      0.2531    3.149414     -0.2531
    3.161621           0    3.161621           0    3.161621      0.2525    3.161621     -0.2525
    3.173828           0    3.173828           0    3.173828      0.2520    3.173828     -0.2520
    3.186035           0    3.186035           0    3.186035      0.2514    3.186035     -0.2514
    3.198242           0    3.198242           0    3.198242      0.2508    3.198242     -0.2508
    3.210449           0    3.210449           0    3.210449      0.2503    3.210449     -0.2503
    3.222656           0    3.222656           0    3.222656      0.2497    3.222656     -0.2497
    3.234863           5    3.234863           0    3.234863      0.2491    3.234863      2.1247
    3.247070           0    3.247070           0    3.247070      0.2493    3.247070     -0.2493
    3.259277           0    3.259277           0    3.259277      0.3446    3.259277     -0.3446
    3.271484           0    3.271484           0    3.271484      0.3438    3.271484     -0.3438
    3.283691           0    3.283691           0    3.283691      0.3430    3.283691     -0.3430
    3.295898           5    3.295898           0    3.295898      0.3422    3.295898      2.0830
    3.308106           0    3.308106           0    3.308106      0.3415    3.308106     -0.3415
    3.320313           0    3.320313           0    3.320313      0.3407    3.320313     -0.3407
    3.332520           0    3.332520           0    3.332520      0.3399    3.332520     -0.3399
    3.344727           0    3.344727           0    3.344727      0.3391    3.344727     -0.3391
    3.356934           0    3.356934           0    3.356934      0.3384    3.356934     -0.3384
    3.369141           0    3.369141           0    3.369141      0.3376    3.369141     -0.3376
    3.381348           0    3.381348           0    3.381348      0.3369    3.381348     -0.3369
    3.393555           0    3.393555           0    3.393555      0.3361    3.393555     -0.3361
    3.405762           0    3.405762           0    3.405762      0.3353    3.405762     -0.3353
    3.417969           0    3.417969           0    3.417969      0.3346    3.417969     -0.3346
    3.430176           0    3.430176           0    3.430176      0.3338    3.430176     -0.3338
    3.442383           0    3.442383           0    3.442383      0.3331    3.442383     -0.3331
    3.454590           0    3.454590           0    3.454590      0.3323    3.454590     -0.3323
    3.466797           0    3.466797           0    3.466797      0.3316    3.466797     -0.3316
    3.479004           0    3.479004           0    3.479004      0.3308    3.479004     -0.3308
    3.491211           0    3.491211           0    3.491211      0.3301    3.491211     -0.3301
    3.503418           0    3.503418           0    3.503418      0.3293    3.503418     -0.3293
    3.515625           0    3.515625           0    3.515625      0.3286    3.515625     -0.3286
    3.527832           0    3.527832           0    3.527832      0.3278    3.527832     -0.3278
    3.540039           0    3.540039           0    3.540039      0.3271    3.540039     -0.3271
    3.552246           0    3.552246           0    3.552246      0.3264    3.552246     -0.3264
    3.564453           0    3.564453           0    3.564453      0.3256    3.564453     -0.3256
    3.576660           0    3.576660           0    3.576660      0.3249    3.576660     -0.3249
    3.588867           0    3.588867           0    3.588867      0.3242    3.588867     -0.3242
    3.601074           0    3.601074           0    3.601074      0.3234    3.601074     -0.3234
    3.613281           0    3.613281           0    3.613281      0.3227    3.613281     -0.3227
    3.625488           0    3.625488           0    3.625488      0.3220    3.625488     -0.3220
    3.637695           0    3.637695           0    3.637695      0.3212    3.637695     -0.3212
    3.649902           0    3.649902           0    3.649902      0.3205    3.649902     -0.3205
    3.662109           0    3.662109           5    3.662109      0.3198    3.662109     -0.3198
    3.674316           0    3.674316           0    3.674316      0.3191    3.674316     -0.3191
    3.686523           0    3.686523           0    3.686523      0.3183    3.686523     -0.3183
    3.698731           0    3.698731           0    3.698731      0.3176    3.698731     -0.3176
    3.710938           0    3.710938           0    3.710938      0.3169    3.710938     -0.3169
    3.723145           0    3.723145           0    3.723145      0.3162    3.723145     -0.3162
    3.735352           0    3.735352           0    3.735352      0.3155    3.735352     -0.3155
    3.747559           0    3.747559           0    3.747559      0.3148    3.747559     -0.3148
    3.759766           0    3.759766           0    3.759766      0.3141    3.759766     -0.3141
    3.771973           0    3.771973           0    3.771973      0.3133    3.771973     -0.3133
    3.784180           0    3.784180           0    3.784180      0.3126    3.784180     -0.3126
    3.796387           0    3.796387           0    3.796387      0.3119    3.796387     -0.3119
    3.808594           0    3.808594           0    3.808594      0.3112    3.808594     -0.3112
    3.820801           0    3.820801           0    3.820801      0.3105    3.820801     -0.3105
    3.833008           0    3.833008           0    3.833008      0.3098    3.833008     -0.3098
    3.845215           0    3.845215           0    3.845215      0.3091    3.845215     -0.3091
    3.857422           0    3.857422           0    3.857422      0.3084    3.857422     -0.3084
    3.869629           0    3.869629           0    3.869629      0.3077    3.869629     -0.3077
    3.881836           0    3.881836           0    3.881836      0.3070    3.881836     -0.3070
    3.894043           0    3.894043           0    3.894043      0.3063    3.894043     -0.3063
    3.906250           5    3.906250           0    3.906250      0.3056    3.906250      2.0994
    3.918457           0    3.918457           0    3.918457      0.3050    3.918457     -0.3050
    3.930664           0    3.930664           5    3.930664      0.3043    3.930664     -0.3043
    3.942871           0    3.942871           0    3.942871      0.3036    3.942871     -0.3036
    3.955078           0    3.955078           0    3.955078      0.3029    3.955078     -0.3029
    3.967285           0    3.967285           0    3.967285      0.3022    3.967285     -0.3022
    3.979492           0    3.979492           0    3.979492      0.3015    3.979492     -0.3015
    3.991699           0    3.991699           0    3.991699      0.3008    3.991699     -0.3008
    4.003906           0    4.003906           0    4.003906      0.3002    4.003906     -0.3002
    4.016113           0    4.016113           0    4.016113      0.2995    4.016113     -0.2995
    4.028320           0    4.028320           0    4.028320      0.2995    4.028320     -0.2995
    4.040527           0    4.040527           0    4.040527      0.3947    4.040527     -0.3947
    4.052734           0    4.052734           0    4.052734      0.3938    4.052734     -0.3938
    4.064941           0    4.064941           0    4.064941      0.3929    4.064941     -0.3929
    4.077148           0    4.077148           0    4.077148      0.3920    4.077148     -0.3920
    4.089356           0    4.089356           0    4.089356      0.3911    4.089356     -0.3911
    4.101563           0    4.101563           0    4.101563      0.3902    4.101563     -0.3902
    4.113770           0    4.113770           0    4.113770      0.3894    4.113770     -0.3894
    4.125977           0    4.125977           0    4.125977      0.3885    4.125977     -0.3885
    4.138184           0    4.138184           0    4.138184      0.3876    4.138184     -0.3876
    4.150391           0    4.150391           0    4.150391      0.3867    4.150391     -0.3867
    4.162598           0    4.162598           0    4.162598      0.3859    4.162598     -0.3859
    4.174805           0    4.174805           0    4.174805      0.3850    4.174805     -0.3850
    4.187012           0    4.187012           0    4.187012      0.3841    4.187012     -0.3841
    4.199219           0    4.199219           0    4.199219      0.3833    4.199219     -0.3833
    4.211426           0    4.211426           0    4.211426      0.3824    4.211426     -0.3824
    4.223633           0    4.223633           0    4.223633      0.3815    4.223633     -0.3815
    4.235840           0    4.235840           0    4.235840      0.3807    4.235840     -0.3807
    4.248047           5    4.248047           0    4.248047      0.3798    4.248047      2.0662
    4.260254           0    4.260254           0    4.260254      0.3789    4.260254     -0.3789
    4.272461           0    4.272461           0    4.272461      0.3781    4.272461     -0.3781
    4.284668           0    4.284668           0    4.284668      0.3772    4.284668     -0.3772
    4.296875           5    4.296875           0    4.296875      0.3771    4.296875      2.0674
    4.309082           0    4.309082           0    4.309082      0.4721    4.309082     -0.4721
    4.321289           0    4.321289           5    4.321289      0.4710    4.321289     -0.4710
    4.333496           0    4.333496           0    4.333496      0.4699    4.333496     -0.4699
    4.345703           0    4.345703           0    4.345703      0.4689    4.345703     -0.4689
    4.357910           0    4.357910           0    4.357910      0.4678    4.357910     -0.4678
    4.370117           0    4.370117           0    4.370117      0.4668    4.370117     -0.4668
    4.382324           0    4.382324           0    4.382324      0.4657    4.382324     -0.4657
    4.394531           0    4.394531           0    4.394531      0.4647    4.394531     -0.4647
    4.406738           0    4.406738           0    4.406738      0.4636    4.406738     -0.4636
    4.418945           0    4.418945           0    4.418945      0.4626    4.418945     -0.4626
    4.431152           0    4.431152           5    4.431152      0.4615    4.431152     -0.4615
    4.443359           0    4.443359           0    4.443359      0.4605    4.443359     -0.4605
    4.455566           0    4.455566           0    4.455566      0.4594    4.455566     -0.4594
    4.467773           0    4.467773           0    4.467773      0.4584    4.467773     -0.4584
    4.479981           0    4.479981           0    4.479981      0.4574    4.479981     -0.4574
    4.492188           0    4.492188           0    4.492188      0.4563    4.492188     -0.4563
    4.504395           0    4.504395           0    4.504395      0.4553    4.504395     -0.4553
    4.516602           0    4.516602           0    4.516602      0.4543    4.516602     -0.4543
    4.528809           0    4.528809           0    4.528809      0.4533    4.528809     -0.4533
    4.541016           0    4.541016           0    4.541016      0.4522    4.541016     -0.4522
    4.553223           0    4.553223           0    4.553223      0.4512    4.553223     -0.4512
    4.565430           0    4.565430           0    4.565430      0.4502    4.565430     -0.4502
    4.577637           0    4.577637           0    4.577637      0.4492    4.577637     -0.4492
    4.589844           0    4.589844           0    4.589844      0.4482    4.589844     -0.4482
    4.602051           0    4.602051           0    4.602051      0.4471    4.602051     -0.4471
    4.614258           0    4.614258           0    4.614258      0.4461    4.614258     -0.4461
    4.626465           0    4.626465           0    4.626465      0.4451    4.626465     -0.4451
    4.638672           0    4.638672           0    4.638672      0.4441    4.638672     -0.4441
    4.650879           0    4.650879           5    4.650879      0.4431    4.650879     -0.4431
    4.663086           0    4.663086          10    4.663086      0.4421    4.663086     -0.4421
    4.675293           0    4.675293          30    4.675293      0.4411    4.675293     -0.4411
    4.687500           0    4.687500          20    4.687500      0.4408    4.687500     -0.4408
    4.699707           0    4.699707          10    4.699707      0.5357    4.699707     -0.5357
    4.711914           0    4.711914          10    4.711914      0.5345    4.711914     -0.5345
    4.724121           0    4.724121           0    4.724121      0.5333    4.724121     -0.5333
    4.736328           0    4.736328           0    4.736328      0.5321    4.736328     -0.5321
    4.748535           0    4.748535           0    4.748535      0.5309    4.748535     -0.5309
    4.760742           0    4.760742           0    4.760742      0.5297    4.760742     -0.5297
    4.772949           0    4.772949           5    4.772949      0.5285    4.772949     -0.5285
    4.785156          10    4.785156          15    4.785156      0.5273    4.785156      2.9955
    4.797363         115    4.797363          20    4.797363      0.5268    4.797363     10.6747
    4.809570         540    4.809570         140    4.809570      0.6214    4.809570     23.2112
    4.821777        1415    4.821777         980    4.821777      0.6200    4.821777     37.6000
    4.833984        2755    4.833984        4195    4.833984      0.6186    4.833984     52.4763
    4.846191        4180    4.846191       14790    4.846191      0.6172    4.846191     64.6434
    4.858398        5015    4.858398       35600    4.858398      0.6158    4.858398     70.8080
    4.870606        5825    4.870606       58175    4.870606      0.6144    4.870606     76.3136
    4.882813        6310    4.882813       65535    4.882813      0.6131    4.882813     79.4278
    4.895020        6405    4.895020       53845    4.895020      0.6117    4.895020     80.0236
    4.907227        6890    4.907227       36200    4.907227      0.6103    4.907227     82.9987
    4.919434        6715    4.919434       23475    4.919434      0.6089    4.919434     81.9377
    4.931641        6850    4.931641       16195    4.931641      0.6075    4.931641     82.7574
    4.943848        6980    4.943848       12235    4.943848      0.6062    4.943848     83.5391
    4.956055        7035    4.956055        8395    4.956055      0.6048    4.956055     83.8677
    4.968262        7115    4.968262        5640    4.968262      0.6034    4.968262     84.3433
    4.980469        6850    4.980469        4490    4.980469      0.6021    4.980469     82.7575
    4.992676        7105    4.992676        3210    4.992676      0.6007    4.992676     84.2840
    5.004883        7060    5.004883        2890    5.004883      0.5994    5.004883     84.0167
    5.017090        6990    5.017090        2505    5.017090      0.5987    5.017090     83.5991
    5.029297        7200    5.029297        2005    5.029297      0.6946    5.029297     84.8446
    5.041504        6920    5.041504        1680    5.041504      0.8888    5.041504     83.1759
    5.053711        7175    5.053711        1655    5.053711      1.4647    5.053711     84.6881
    5.065918        7095    5.065918        1590    5.065918      1.8462    5.065918     84.2099
    5.078125        6910    5.078125        1485    5.078125      2.0352    5.078125     83.1019
    5.090332        7185    5.090332        1720    5.090332      2.2223    5.090332     84.7382
    5.102539        7110    5.102539        1505    5.102539      2.2173    5.102539     84.2945
    5.114746        7115    5.114746        1490    5.114746      2.2122    5.114746     84.3242
    5.126953        7385    5.126953        1670    5.126953      2.2073    5.126953     85.9103
    5.139160        7435    5.139160        1805    5.139160      2.2030    5.139160     86.2009
    5.151367        7225    5.151367        1855    5.151367      2.2959    5.151367     84.9730
    5.163574        6785    5.163574        2010    5.163574      2.5810    5.163574     82.3398
    5.175781        7235    5.175781        1960    5.175781      2.9779    5.175781     85.0238
    5.187988        7185    5.187988        1855    5.187988      5.7903    5.187988     84.6961
    5.200195        7320    5.200195        1880    5.200195     25.1435    5.200195     85.2631
    5.212402        7300    5.212402        1840    5.212402    107.5493    5.212402     84.1813
    5.224609        7615    5.224609        1835    5.224609    395.7582    5.224609     82.7288
    5.236816        7545    5.236816        1940    5.236816   1085.3835    5.236816     74.3665
    5.249023        7445    5.249023        1805    5.249023   2207.2586    5.249023     60.7032
    5.261231        7365    5.261231        1665    5.261231   3466.0894    5.261231     45.4315
    5.273438        7425    5.273438        1615    5.273438   4495.5320    5.273438     33.9970
    5.285645        7525    5.285645        1480    5.285645   5182.6175    5.285645     27.0025
    5.297852        7570    5.297852        1360    5.297852   5623.1927    5.297852     22.3756
    5.310059        7375    5.310059        1505    5.310059   5922.6598    5.310059     16.9117
    5.322266        7190    5.322266        1260    5.322266   6145.0028    5.322266     12.3240
    5.334473        7515    5.334473        1275    5.334473   6292.8459    5.334473     14.0981
    5.346680        7415    5.346680         985    5.346680   6387.3797    5.346680     11.9338
    5.358887        7355    5.358887         830    5.358887   6459.4765    5.358887     10.4420
    5.371094        7540    5.371094         550    5.371094   6506.8270    5.371094     11.8984
    5.383301        7600    5.383301         455    5.383301   6547.8828    5.383301     12.0686
    5.395508        7485    5.395508         370    5.395508   6581.3959    5.395508     10.4444
    5.407715        7545    5.407715         375    5.407715   6605.2029    5.407715     10.8194
    5.419922        7520    5.419922         345    5.419922   6622.7219    5.419922     10.3471
    5.432129        7195    5.432129         370    5.432129   6639.7132    5.432129      6.5464
    5.444336        7160    5.444336         320    5.444336   6655.4055    5.444336      5.9633
    5.456543        7490    5.456543         235    5.456543   6669.0817    5.456543      9.4855
    5.468750        7310    5.468750         250    5.468750   6687.2027    5.468750      7.2843
    5.480957        7250    5.480957         280    5.480957   6701.1589    5.480957      6.4458
    5.493164        7340    5.493164         185    5.493164   6714.8208    5.493164      7.2972
    5.505371        7265    5.505371         190    5.505371   6731.9213    5.505371      6.2542
    5.517578        7355    5.517578         250    5.517578   6751.5782    5.517578      7.0361
    5.529785        7330    5.529785         200    5.529785   6772.1706    5.529785      6.5155
    5.541992        7835    5.541992         155    5.541992   6795.6812    5.541992     11.7417
    5.554199        7130    5.554199         140    5.554199   6818.1656    5.554199      3.6930
    5.566406        7350    5.566406         130    5.566406   6838.5898    5.566406      5.9652
    5.578613        7040    5.578613         110    5.578613   6859.4416    5.578613      2.1519
    5.590820        6825    5.590820         170    5.590820   6879.4787    5.590820     -0.6594
    5.603027        7135    5.603027         100    5.603027   6899.3892    5.603027      2.7893
    5.615234        6815    5.615234         165    5.615234   6921.2491    5.615234     -1.2870
    5.627441        6945    5.627441         170    5.627441   6940.4523    5.627441      0.0546
    5.639649        7055    5.639649         100    5.639649   6956.9211    5.639649      1.1677
    5.651856        6895    5.651856         130    5.651856   6972.3757    5.651856     -0.9318
    5.664063        6810    5.664063         115    5.664063   6985.1906    5.664063     -2.1229
    5.676270        7255    5.676270         140    5.676270   6995.6960    5.676270      3.0443
    5.688477        7140    5.688477         115    5.688477   7008.9238    5.688477      1.5512
    5.700684        6990    5.700684          90    5.700684   7017.4268    5.700684     -0.3280
    5.712891        7215    5.712891          80    5.712891   7026.1582    5.712891      2.2232
    5.725098        6745    5.725098          65    5.725098   7029.2888    5.725098     -3.4615
    5.737305        6810    5.737305          95    5.737305   7029.4022    5.737305     -2.6587
    5.749512        7025    5.749512          55    5.749512   7024.1342    5.749512      0.0103
    5.761719        6880    5.761719          85    5.761719   7017.0452    5.761719     -1.6522
    5.773926        7265    5.773926          55    5.773926   7008.3433    5.773926      3.0112
    5.786133        7005    5.786133          40    5.786133   6999.7528    5.786133      0.0627
    5.798340        7210    5.798340          60    5.798340   6990.6099    5.798340      2.5837
    5.810547        7030    5.810547          55    5.810547   6981.9602    5.810547      0.5730
    5.822754        6950    5.822754          50    5.822754   6972.3596    5.822754     -0.2682
    5.834961        7075    5.834961          35    5.834961   6961.1533    5.834961      1.3535
    5.847168        6735    5.847168          30    5.847168   6950.2639    5.847168     -2.6230
    5.859375        6890    5.859375          25    5.859375   6939.9613    5.859375     -0.6019
    5.871582        7010    5.871582          35    5.871582   6927.8612    5.871582      0.9810
    5.883789        7260    5.883789          25    5.883789   6915.8927    5.883789      4.0386
    5.895996        6960    5.895996          40    5.895996   6905.0945    5.895996      0.6581
    5.908203        6900    5.908203          20    5.908203   6893.3560    5.908203      0.0800
    5.920410        6665    5.920410          30    5.920410   6880.7792    5.920410     -2.6431
    5.932617        7035    5.932617          25    5.932617   6867.9419    5.932617      1.9918
    5.944824        6945    5.944824          10    5.944824   6854.9390    5.944824      1.0807
    5.957031        6990    5.957031          10    5.957031   6841.5904    5.957031      1.7751
    5.969238        7135    5.969238          10    5.969238   6829.4126    5.969238      3.6177
    5.981445        6940    5.981445          35    5.981445   6815.9292    5.981445      1.4893
    5.993652        6720    5.993652          25    5.993652   6803.7231    5.993652     -1.0213
    6.005859        6955    6.005859          15    6.005859   6791.6308    6.005859      1.9589
    6.018066        6410    6.018066          15    6.018066   6778.2280    6.018066     -4.5993
    6.030274        6880    6.030274          30    6.030274   6765.4284    6.030274      1.3813
    6.042481        6490    6.042481          20    6.042481   6752.3737    6.042481     -3.2569
    6.054688        6705    6.054688          10    6.054688   6739.8243    6.054688     -0.4253
    6.066895        6620    6.066895          10    6.066895   6726.8205    6.066895     -1.3129
    6.079102        6585    6.079102          25    6.079102   6713.3653    6.079102     -1.5819
    6.091309        6725    6.091309           5    6.091309   6699.7468    6.091309      0.3079
    6.103516        6700    6.103516          15    6.103516   6685.8757    6.103516      0.1726
    6.115723        6795    6.115723           5    6.115723   6672.6054    6.115723      1.4848
    6.127930        6500    6.127930          20    6.127930   6658.6025    6.127930     -1.9672
    6.140137        6410    6.140137          15    6.140137   6645.2021    6.140137     -2.9377
    6.152344        6580    6.152344           5    6.152344   6631.2548    6.152344     -0.6319
    6.164551        6680    6.164551           0    6.164551   6617.0542    6.164551      0.7702
    6.176758        6295    6.176758          10    6.176758   6603.2684    6.176758     -3.8854
    6.188965        6350    6.188965           5    6.188965   6589.4172    6.188965     -3.0045
    6.201172        6390    6.201172           5    6.201172   6575.4993    6.201172     -2.3206
    6.213379        6465    6.213379           5    6.213379   6561.3246    6.213379     -1.1980
    6.225586        6725    6.225586           5    6.225586   6547.0854    6.225586      2.1695
    6.237793        6530    6.237793          15    6.237793   6532.7839    6.237793     -0.0345
    6.250000        6470    6.250000          10    6.250000   6518.7050    6.250000     -0.6055
    6.262207        6520    6.262207          15    6.262207   6504.4682    6.262207      0.1924
    6.274414        6365    6.274414           5    6.274414   6490.5484    6.274414     -1.5737
    6.286621        6515    6.286621           5    6.286621   6476.2780    6.286621      0.4797
    6.298828        6500    6.298828           5    6.298828   6462.2309    6.298828      0.4685
    6.311035        6565    6.311035          20    6.311035   6448.1175    6.311035      1.4426
    6.323242        6340    6.323242          10    6.323242   6433.7484    6.323242     -1.1774
    6.335449        6630    6.335449          15    6.335449   6419.4118    6.335449      2.5863
    6.347656        6180    6.347656           5    6.347656   6405.1111    6.347656     -2.8635
    6.359863        6435    6.359863          10    6.359863   6391.3205    6.359863      0.5445
    6.372070        6555    6.372070           0    6.372070   6377.3680    6.372070      2.1940
    6.384277        5965    6.384277          15    6.384277   6363.2552    6.384277     -5.1565
    6.396484        6270    6.396484           0    6.396484   6349.1764    6.396484     -0.9999
    6.408691        6285    6.408691           5    6.408691   6335.4156    6.408691     -0.6359
    6.420899        6165    6.420899          10    6.420899   6321.4928    6.420899     -1.9931
    6.433106        6260    6.433106          10    6.433106   6307.4097    6.433106     -0.5992
    6.445313        6135    6.445313           0    6.445313   6293.3605    6.445313     -2.0218
    6.457520        5845    6.457520           0    6.457520   6279.6278    6.457520     -5.6849
    6.469727        6275    6.469727           0    6.469727   6265.5441    6.469727      0.1194
    6.481934        6140    6.481934           0    6.481934   6251.6826    6.481934     -1.4253
    6.494141        6205    6.494141           0    6.494141   6237.6627    6.494141     -0.4146
    6.506348        6055    6.506348          10    6.506348   6223.9613    6.506348     -2.1714
    6.518555        6070    6.518555           0    6.518555   6210.1936    6.518555     -1.7994
    6.530762        5790    6.530762           0    6.530762   6196.2647    6.530762     -5.3391
    6.542969        6240    6.542969           0    6.542969   6182.2727    6.542969      0.7308
    6.555176        6140    6.555176           0    6.555176   6168.5033    6.555176     -0.3638
    6.567383        5875    6.567383           0    6.567383   6154.6692    6.567383     -3.6487
    6.579590        6405    6.579590           0    6.579590   6140.8663    6.579590      3.3004
    6.591797        6045    6.591797           5    6.591797   6127.0946    6.591797     -1.0559
    6.604004        5870    6.604004           0    6.604004   6113.3553    6.604004     -3.1763
    6.616211        6180    6.616211           0    6.616211   6099.8381    6.616211      1.0197
    6.628418        6040    6.628418           0    6.628418   6086.2563    6.628418     -0.5952
    6.640625        6195    6.640625           0    6.640625   6072.7996    6.640625      1.5526
    6.652832        5690    6.652832           0    6.652832   6059.1816    6.652832     -4.8942
    6.665039        6185    6.665039           0    6.665039   6045.5944    6.665039      1.7726
    6.677246        6125    6.677246           0    6.677246   6032.0399    6.677246      1.1878
    6.689453        5815    6.689453           0    6.689453   6018.8022    6.689453     -2.6726
    6.701660        5980    6.701660           0    6.701660   6005.4034    6.701660     -0.3285
    6.713867        6105    6.713867           0    6.713867   5992.1293    6.713867      1.4446
    6.726074        5650    6.726074           0    6.726074   5978.6942    6.726074     -4.3729
    6.738281        6000    6.738281           5    6.738281   5965.3839    6.738281      0.4469
    6.750488        6150    6.750488           5    6.750488   5951.9140    6.750488      2.5259
    6.762695        6245    6.762695           0    6.762695   5938.7600    6.762695      3.8752
    6.774902        5840    6.774902           0    6.774902   5925.3489    6.774902     -1.1168
    6.787109        6010    6.787109           0    6.787109   5912.0646    6.787109      1.2633
    6.799316        5680    6.799316           0    6.799316   5898.9061    6.799316     -2.9046
    6.811524        5660    6.811524           0    6.811524   5885.7760    6.811524     -3.0010
    6.823731        5805    6.823731           0    6.823731   5872.4838    6.823731     -0.8857
    6.835938        5615    6.835938           0    6.835938   5859.2217    6.835938     -3.2592
    6.848145        5695    6.848145           0    6.848145   5845.9895    6.848145     -2.0008
    6.860352        5850    6.860352           0    6.860352   5832.7871    6.860352      0.2250
    6.872559        5930    6.872559           0    6.872559   5819.6160    6.872559      1.4334
    6.884766        5765    6.884766           0    6.884766   5806.6650    6.884766     -0.5487
    6.896973        5705    6.896973           5    6.896973   5793.5514    6.896973     -1.1724
    6.909180        5905    6.909180           0    6.909180   5780.4675    6.909180      1.6206
    6.921387        5985    6.921387           0    6.921387   5767.4132    6.921387      2.8126
    6.933594        5625    6.933594           0    6.933594   5754.3883    6.933594     -1.7252
    6.945801        5860    6.945801           0    6.945801   5741.3929    6.945801      1.5494
    6.958008        5785    6.958008           0    6.958008   5728.4274    6.958008      0.7438
    6.970215        5565    6.970215           0    6.970215   5715.5865    6.970215     -2.0186
    6.982422        5365    6.982422           0    6.982422   5702.6786    6.982422     -4.6102
    6.994629        5595    6.994629           5    6.994629   5689.8000    6.994629     -1.2674
    7.006836        5725    7.006836           0    7.006836   5676.9504    7.006836      0.6350
    7.019043        5470    7.019043           0    7.019043   5664.1298    7.019043     -2.6248
    7.031250        5415    7.031250           5    7.031250   5651.3382    7.031250     -3.2117
    7.043457        5775    7.043457           0    7.043457   5638.5754    7.043457      1.7952
    7.055664        5810    7.055664           0    7.055664   5625.8415    7.055664      2.4160
    7.067871        5340    7.067871           0    7.067871   5613.1364    7.067871     -3.7377
    7.080078        5580    7.080078           0    7.080078   5600.4599    7.080078     -0.2739
    7.092285        5455    7.092285           0    7.092285   5587.8121    7.092285     -1.7982
    7.104492        5425    7.104492           0    7.104492   5575.1935    7.104492     -2.0392
    7.116699        5400    7.116699           0    7.116699   5562.6993    7.116699     -2.2141
    7.128906        5395    7.128906           0    7.128906   5550.2326    7.128906     -2.1134
    7.141113        5560    7.141113           0    7.141113   5537.6982    7.141113      0.2991
    7.153320        5295    7.153320           0    7.153320   5525.1921    7.153320     -3.1634
    7.165527        5460    7.165527           0    7.165527   5512.7142    7.165527     -0.7134
    7.177734        5720    7.177734           0    7.177734   5500.2646    7.177734      2.9054
    7.189941        5495    7.189941           0    7.189941   5487.8430    7.189941      0.0965
    7.202149        5220    7.202149           0    7.202149   5475.4495    7.202149     -3.5357
    7.214356        5530    7.214356           0    7.214356   5463.0840    7.214356      0.8998
    7.226563        5665    7.226563           0    7.226563   5450.7464    7.226563      2.8466
    7.238770        5445    7.238770           0    7.238770   5438.4367    7.238770      0.0889
    7.250977        5415    7.250977           0    7.250977   5426.1548    7.250977     -0.1516
    7.263184        5150    7.263184           5    7.263184   5413.9013    7.263184     -3.6774
    7.275391        5410    7.275391           5    7.275391   5401.7706    7.275391      0.1119
    7.287598        5325    7.287598           0    7.287598   5389.5715    7.287598     -0.8849
    7.299805        5250    7.299805           0    7.299805   5377.3999    7.299805     -1.7583
    7.312012        5465    7.312012           0    7.312012   5365.2558    7.312012      1.3493
    7.324219        5255    7.324219           0    7.324219   5353.1392    7.324219     -1.3538
    7.336426        5550    7.336426           0    7.336426   5341.0499    7.336426      2.8048
    7.348633        5195    7.348633           0    7.348633   5328.9879    7.348633     -1.8590
    7.360840        5065    7.360840           0    7.360840   5316.9538    7.360840     -3.5402
    7.373047        5260    7.373047           0    7.373047   5305.0421    7.373047     -0.6210
    7.385254        5075    7.385254           0    7.385254   5293.0614    7.385254     -3.0610
    7.397461        5150    7.397461           0    7.397461   5281.1085    7.397461     -1.8270
    7.409668        5135    7.409668           0    7.409668   5269.2777    7.409668     -1.8738
    7.421875        5145    7.421875           0    7.421875   5257.3778    7.421875     -1.5667
    7.434082        4925    7.434082           0    7.434082   5245.5048    7.434082     -4.5670
    7.446289        5005    7.446289           0    7.446289   5233.6586    7.446289     -3.2321
    7.458496        5355    7.458496           0    7.458496   5221.8391    7.458496      1.8197
    7.470703        5220    7.470703           0    7.470703   5210.0463    7.470703      0.1378
    7.482910        5265    7.482910           0    7.482910   5198.2802    7.482910      0.9195
    7.495117        5210    7.495117           0    7.495117   5186.5406    7.495117      0.3250
    7.507324        5305    7.507324           5    7.507324   5174.8276    7.507324      1.7872
    7.519531        5170    7.519531           0    7.519531   5163.1410    7.519531      0.0954
    7.531738        5010    7.531738           0    7.531738   5151.4808    7.531738     -1.9988
    7.543945        5065    7.543945           0    7.543945   5139.8469    7.543945     -1.0517
    7.556152        5270    7.556152           0    7.556152   5128.2393    7.556152      1.9528
    7.568359        4645    7.568359           0    7.568359   5116.6579    7.568359     -6.9204
    7.580566        4880    7.580566           0    7.580566   5105.1027    7.580566     -3.2223
    7.592774        4725    7.592774           0    7.592774   5093.5735    7.592774     -5.3620
    7.604981        4840    7.604981           0    7.604981   5082.0704    7.604981     -3.4795
    7.617188        4760    7.617188           0    7.617188   5070.5933    7.617188     -4.5018
    7.629395        5250    7.629395           0    7.629395   5059.1428    7.629395      2.6341
    7.641602        4940    7.641602           0    7.641602   5047.8140    7.641602     -1.5340
    7.653809        5030    7.653809           0    7.653809   5036.5101    7.653809     -0.0918
    7.666016        5080    7.666016           0    7.666016   5025.1358    7.666016      0.7698
    7.678223        4925    7.678223           0    7.678223   5013.7873    7.678223     -1.2652
    7.690430        5050    7.690430           0    7.690430   5002.4644    7.690430      0.6689
    7.702637        4970    7.702637           0    7.702637   4991.1670    7.702637     -0.3002
    7.714844        5030    7.714844           0    7.714844   4979.8952    7.714844      0.7065
    7.727051        4750    7.727051           0    7.727051   4968.6488    7.727051     -3.1725
    7.739258        5030    7.739258           0    7.739258   4957.4279    7.739258      1.0233
    7.751465        4885    7.751465           0    7.751465   4946.2322    7.751465     -0.8761
    7.763672        4590    7.763672           0    7.763672   4935.0619    7.763672     -5.0932
    7.775879        4875    7.775879           0    7.775879   4923.9167    7.775879     -0.7006
    7.788086        4585    7.788086           0    7.788086   4912.7968    7.788086     -4.8410
    7.800293        4875    7.800293           0    7.800293   4901.7019    7.800293     -0.3824
    7.812500        4820    7.812500           0    7.812500   4890.6322    7.812500     -1.0174
    7.824707        4810    7.824707           0    7.824707   4879.5874    7.824707     -1.0034
    7.836914        4520    7.836914           0    7.836914   4868.5675    7.836914     -5.1846
    7.849121        4770    7.849121           0    7.849121   4857.5726    7.849121     -1.2680
    7.861328        4795    7.861328           0    7.861328   4846.6024    7.861328     -0.7452
    7.873535        4650    7.873535           0    7.873535   4835.6578    7.873535     -2.7226
    7.885742        4610    7.885742           5    7.885742   4824.8330    7.885742     -3.1641
    7.897949        4855    7.897949           0    7.897949   4813.9368    7.897949      0.5893
    7.910156        4785    7.910156           0    7.910156   4803.0652    7.910156     -0.2612
    7.922363        4535    7.922363           0    7.922363   4792.2182    7.922363     -3.8196
    7.934570        4690    7.934570           0    7.934570   4781.3957    7.934570     -1.3346
    7.946777        4660    7.946777           0    7.946777   4770.5976    7.946777     -1.6201
    7.958984        4665    7.958984           0    7.958984   4759.8238    7.958984     -1.3883
    7.971191        4870    7.971191           5    7.971191   4749.0745    7.971191      1.7328
    7.983399        4760    7.983399           0    7.983399   4738.3494    7.983399      0.3138
    7.995606        4880    7.995606           0    7.995606   4727.6485    7.995606      2.1809
    8.007813        4725    8.007813           0    8.007813   4716.9718    8.007813      0.1168
    8.020020        4595    8.020020           0    8.020020   4706.3192    8.020020     -1.6422
    8.032227        4460    8.032227           0    8.032227   4695.6906    8.032227     -3.5292
    8.044434        4555    8.044434           0    8.044434   4685.0861    8.044434     -1.9275
    8.056641        4765    8.056641           0    8.056641   4674.5055    8.056641      1.3110
    8.068848        4525    8.068848           0    8.068848   4663.9488    8.068848     -2.0656
    8.081055        4800    8.081055           0    8.081055   4653.4159    8.081055      2.1158
    8.093262        4540    8.093262           0    8.093262   4642.9069    8.093262     -1.5273
    8.105469        4895    8.105469           0    8.105469   4632.4215    8.105469      3.7530
    8.117676        4470    8.117676           0    8.117676   4621.9599    8.117676     -2.2729
    8.129883        4750    8.129883           0    8.129883   4611.5219    8.129883      2.0093
    8.142090        4585    8.142090           0    8.142090   4601.1074    8.142090     -0.2379
    8.154297        4115    8.154297           0    8.154297   4590.7165    8.154297     -7.4159
    8.166504        4395    8.166504           0    8.166504   4580.3490    8.166504     -2.7958
    8.178711        4455    8.178711          10    8.178711   4570.0049    8.178711     -1.7230
    8.190918        4400    8.190918           0    8.190918   4559.6842    8.190918     -2.4073
    8.203125        4740    8.203125           5    8.203125   4549.3868    8.203125      2.7686
    8.215332        4510    8.215332           0    8.215332   4539.1127    8.215332     -0.4335
    8.227539        4320    8.227539           0    8.227539   4528.8618    8.227539     -3.1777
    8.239746        4425    8.239746           0    8.239746   4518.6340    8.239746     -1.4076
    8.251953        4620    8.251953           0    8.251953   4508.4300    8.251953      1.6414
    8.264160        4295    8.264160           0    8.264160   4498.3442    8.264160     -3.1028
    8.276367        4460    8.276367           0    8.276367   4488.1854    8.276367     -0.4220
    8.288574        4720    8.288574           0    8.288574   4478.0494    8.288574      3.5217
    8.300781        4485    8.300781           0    8.300781   4467.9364    8.300781      0.2548
    8.312988        4505    8.312988           0    8.312988   4457.8462    8.312988      0.7025
    8.325195        4320    8.325195           0    8.325195   4447.7788    8.325195     -1.9441
    8.337402        4560    8.337402           0    8.337402   4437.7348    8.337402      1.8106
    8.349609        4280    8.349609           0    8.349609   4427.8087    8.349609     -2.2593
    8.361817        4575    8.361817           0    8.361817   4417.8091    8.361817      2.3240
    8.374024        4465    8.374024           0    8.374024   4407.8322    8.374024      0.8555
    8.386231        4600    8.386231           0    8.386231   4397.8777    8.386231      2.9801
    8.398438        4515    8.398438           0    8.398438   4387.9457    8.398438      1.8909
    8.410645        4375    8.410645           0    8.410645   4378.0362    8.410645     -0.0459
    8.422852        4320    8.422852           0    8.422852   4368.1490    8.422852     -0.7326
    8.435059        4215    8.435059           0    8.435059   4358.2842    8.435059     -2.2070
    8.447266        4445    8.447266           0    8.447266   4348.4416    8.447266      1.4483
    8.459473        4185    8.459473           0    8.459473   4338.6213    8.459473     -2.3747
    8.471680        4220    8.471680           0    8.471680   4328.8231    8.471680     -1.6752
    8.483887        4465    8.483887           0    8.483887   4319.0471    8.483887      2.1842
    8.496094        4250    8.496094           0    8.496094   4309.2932    8.496094     -0.9095
    8.508301        3975    8.508301           0    8.508301   4299.5613    8.508301     -5.1479
    8.520508        4265    8.520508           0    8.520508   4289.8513    8.520508     -0.3805
    8.532715        4195    8.532715           0    8.532715   4280.1633    8.532715     -1.3149
    8.544922        4265    8.544922           0    8.544922   4270.4986    8.544922     -0.0842
    8.557129        4185    8.557129           0    8.557129   4261.0460    8.557129     -1.1755
    8.569336        3815    8.569336           0    8.569336   4251.4237    8.569336     -7.0658
    8.581543        4350    8.581543           0    8.581543   4241.9183    8.581543      1.6387
    8.593750        3990    8.593750           0    8.593750   4232.3386    8.593750     -3.8365
    8.605957        4220    8.605957           0    8.605957   4222.7804    8.605957     -0.0428
    8.618164        4120    8.618164           0    8.618164   4213.2439    8.618164     -1.4527
    8.630371        4380    8.630371           0    8.630371   4203.7289    8.630371      2.6634
    8.642578        3925    8.642578           0    8.642578   4194.2354    8.642578     -4.2975
    8.654785        4105    8.654785           0    8.654785   4184.7633    8.654785     -1.2449
    8.666992        4080    8.666992           0    8.666992   4175.3126    8.666992     -1.4922
    8.679199        3710    8.679199           0    8.679199   4165.8833    8.679199     -7.4846
    8.691406        4045    8.691406           0    8.691406   4156.4752    8.691406     -1.7527
    8.703613        3990    8.703613           0    8.703613   4147.0884    8.703613     -2.4869
    8.715820        3980    8.715820           0    8.715820   4137.7228    8.715820     -2.5001
    8.728027        3825    8.728027           0    8.728027   4128.3784    8.728027     -4.9053
    8.740234        4025    8.740234           0    8.740234   4119.0550    8.740234     -1.4825
    8.752442        4160    8.752442           0    8.752442   4109.7527    8.752442      0.7791
    8.764649        4045    8.764649           0    8.764649   4100.4714    8.764649     -0.8722
    8.776856        4205    8.776856           0    8.776856   4091.2111    8.776856      1.7548
    8.789063        3980    8.789063           0    8.789063   4081.9717    8.789063     -1.6164
    8.801270        4095    8.801270           0    8.801270   4072.7532    8.801270      0.3476
    8.813477        3860    8.813477           0    8.813477   4063.5554    8.813477     -3.2763
    8.825684        4015    8.825684           0    8.825684   4054.3785    8.825684     -0.6215
    8.837891        3985    8.837891           0    8.837891   4045.2223    8.837891     -0.9540
    8.850098        3815    8.850098           0    8.850098   4036.0867    8.850098     -3.5794
    8.862305        3795    8.862305           0    8.862305   4026.9718    8.862305     -3.7656
    8.874512        3840    8.874512           0    8.874512   4017.8774    8.874512     -2.8705
    8.886719        3990    8.886719           0    8.886719   4008.8036    8.886719     -0.2977
    8.898926        3875    8.898926           0    8.898926   3999.7503    8.898926     -2.0040
    8.911133        4000    8.911133           0    8.911133   3990.7175    8.911133      0.1468
    8.923340        3930    8.923340           0    8.923340   3981.7050    8.923340     -0.8248
    8.935547        3940    8.935547           0    8.935547   3972.7129    8.935547     -0.5212
    8.947754        3960    8.947754           0    8.947754   3963.7411    8.947754     -0.0595
    8.959961        3720    8.959961           0    8.959961   3954.7896    8.959961     -3.8495
    8.972168        3715    8.972168           0    8.972168   3945.8583    8.972168     -3.7876
    8.984375        4085    8.984375           5    8.984375   3936.9471    8.984375      2.3164
    8.996582        3915    8.996582           0    8.996582   3928.0561    8.996582     -0.2087
    9.008789        3775    9.008789           0    9.008789   3919.1851    9.008789     -2.3467
    9.020996        3885    9.020996           0    9.020996   3910.3342    9.020996     -0.4065
    9.033203        4040    9.033203           0    9.033203   3901.5033    9.033203      2.1790
    9.045410        3995    9.045410           0    9.045410   3892.6923    9.045410      1.6186
    9.057617        3755    9.057617           0    9.057617   3883.9012    9.057617     -2.1035
    9.069824        3950    9.069824           0    9.069824   3875.1300    9.069824      1.1913
    9.082031        3830    9.082031           0    9.082031   3866.3786    9.082031     -0.5878
    9.094238        3750    9.094238           0    9.094238   3857.6469    9.094238     -1.7579
    9.106445        3725    9.106445           0    9.106445   3848.9350    9.106445     -2.0306
    9.118652        3785    9.118652           0    9.118652   3840.2427    9.118652     -0.8979
    9.130859        4070    9.130859           0    9.130859   3831.5701    9.130859      3.7373
    9.143067        3745    9.143067           0    9.143067   3822.9170    9.143067     -1.2732
    9.155274        3965    9.155274           0    9.155274   3814.2835    9.155274      2.3935
    9.167481        3685    9.167481           0    9.167481   3805.6695    9.167481     -1.9878
    9.179688        3705    9.179688           5    9.179688   3797.0749    9.179688     -1.5127
    9.191895        3795    9.191895           0    9.191895   3788.4998    9.191895      0.1055
    9.204102        3845    9.204102           5    9.204102   3779.9440    9.204102      1.0492
    9.216309        3700    9.216309           0    9.216309   3771.4076    9.216309     -1.1739
    9.228516        3735    9.228516           0    9.228516   3762.8904    9.228516     -0.4564
    9.240723        3805    9.240723           0    9.240723   3754.3924    9.240723      0.8204
    9.252930        3720    9.252930           0    9.252930   3745.9137    9.252930     -0.4249
    9.265137        3760    9.265137           0    9.265137   3737.4541    9.265137      0.3677
    9.277344        3930    9.277344           0    9.277344   3729.0136    9.277344      3.2061
    9.289551        3780    9.289551           0    9.289551   3720.5921    9.289551      0.9663
    9.301758        3685    9.301758           0    9.301758   3712.1897    9.301758     -0.4479
    9.313965        3685    9.313965           0    9.313965   3703.8063    9.313965     -0.3098
    9.326172        3575    9.326172           0    9.326172   3695.4417    9.326172     -2.0144
    9.338379        3620    9.338379           0    9.338379   3687.0961    9.338379     -1.1152
    9.350586        3740    9.350586           0    9.350586   3678.7700    9.350586      1.0012
    9.362793        3705    9.362793           5    9.362793   3670.5579    9.362793      0.5658
    9.375000        3500    9.375000           0    9.375000   3662.2685    9.375000     -2.7428
    9.387207        3620    9.387207           0    9.387207   3653.9978    9.387207     -0.5651
    9.399414        3615    9.399414           0    9.399414   3645.7458    9.399414     -0.5114
    9.411621        3550    9.411621           0    9.411621   3637.5124    9.411621     -1.4688
    9.423828        3625    9.423828           0    9.423828   3629.2976    9.423828     -0.0714
    9.436035        3615    9.436035           0    9.436035   3621.1013    9.436035     -0.1015
    9.448242        3645    9.448242           0    9.448242   3612.9236    9.448242      0.5313
    9.460449        3520    9.460449           0    9.460449   3604.7643    9.460449     -1.4287
    9.472656        3595    9.472656           0    9.472656   3596.6235    9.472656     -0.0271
    9.484863        3355    9.484863           0    9.484863   3588.5010    9.484863     -4.0313
    9.497070        3650    9.497070           5    9.497070   3580.3969    9.497070      1.1521
    9.509277        3625    9.509277           0    9.509277   3572.3111    9.509277      0.8751
    9.521484        3360    9.521484           0    9.521484   3564.2436    9.521484     -3.5235
    9.533692        3670    9.533692           0    9.533692   3556.1942    9.533692      1.8786
    9.545899        3505    9.545899           0    9.545899   3548.1638    9.545899     -0.7291
    9.558106        3435    9.558106           0    9.558106   3540.2466    9.558106     -1.7957
    9.570313        3450    9.570313           0    9.570313   3532.2522    9.570313     -1.4004
    9.582520        3815    9.582520           0    9.582520   3524.3709    9.582520      4.7053
    9.594727        3705    9.594727           0    9.594727   3516.4116    9.594727      3.0983
    9.606934        3285    9.606934           0    9.606934   3508.4703    9.606934     -3.8990
    9.619141        3340    9.619141           0    9.619141   3500.5470    9.619141     -2.7780
    9.631348        3400    9.631348           0    9.631348   3492.6415    9.631348     -1.5888
    9.643555        3605    9.643555           5    9.643555   3484.7538    9.643555      2.0027
    9.655762        3365    9.655762           0    9.655762   3476.8840    9.655762     -1.9287
    9.667969        3520    9.667969           0    9.667969   3469.0320    9.667969      0.8591
    9.680176        3460    9.680176           0    9.680176   3461.1977    9.680176     -0.0204
    9.692383        3445    9.692383           0    9.692383   3453.3811    9.692383     -0.1428
    9.704590        3390    9.704590           0    9.704590   3445.5821    9.704590     -0.9546
    9.716797        3675    9.716797           0    9.716797   3437.8008    9.716797      3.9128
    9.729004        3435    9.729004           0    9.729004   3430.0377    9.729004      0.0847
    9.741211        3385    9.741211           5    9.741211   3422.3873    9.741211     -0.6426
    9.753418        3410    9.753418           0    9.753418   3414.6583    9.753418     -0.0798
    9.765625        3585    9.765625           0    9.765625   3406.9468    9.765625      2.9738
    9.777832        3380    9.777832           0    9.777832   3399.2527    9.777832     -0.3312
    9.790039        3275    9.790039           0    9.790039   3391.5760    9.790039     -2.0371
    9.802246        3255    9.802246           0    9.802246   3383.9166    9.802246     -2.2596
    9.814453        3380    9.814453           0    9.814453   3376.2745    9.814453      0.0641
    9.826660        3140    9.826660           0    9.826660   3368.6497    9.826660     -4.0804
    9.838867        3400    9.838867           0    9.838867   3361.0421    9.838867      0.6681
    9.851074        3510    9.851074           0    9.851074   3353.4516    9.851074      2.6424
    9.863281        3390    9.863281           0    9.863281   3345.8790    9.863281      0.7578
    9.875488        3290    9.875488           0    9.875488   3338.4187    9.875488     -0.8441
    9.887695        3225    9.887695           0    9.887695   3330.8794    9.887695     -1.8644
    9.899902        3355    9.899902           0    9.899902   3323.3571    9.899902      0.5463
    9.912109        3195    9.912109           5    9.912109   3315.8517    9.912109     -2.1380
    9.924317        3055    9.924317           0    9.924317   3308.3634    9.924317     -4.5839
    9.936524        3270    9.936524           0    9.936524   3300.8919    9.936524     -0.5402
    9.948731        3100    9.948731           0    9.948731   3293.4373    9.948731     -3.4742
    9.960938        3235    9.960938           0    9.960938   3285.9996    9.960938     -0.8967
    9.973145        3340    9.973145           0    9.973145   3278.5786    9.973145      1.0628
    9.985352        3080    9.985352           0    9.985352   3271.1744    9.985352     -3.4447
    9.997559        3195    9.997559           0    9.997559   3263.7869    9.997559     -1.2169
   10.009766        3375   10.009766           0   10.009766   3256.4168   10.009766      2.0412
   10.021973        3180   10.021973           0   10.021973   3249.1585   10.021973     -1.2264
   10.034180        3375   10.034180           0   10.034180   3241.8208   10.034180      2.2924
   10.046387        3290   10.046387           0   10.046387   3234.4996   10.046387      0.9676
   10.058594        3195   10.058594           0   10.058594   3227.1949   10.058594     -0.5696
   10.070801        3170   10.070801           0   10.070801   3219.9068   10.070801     -0.8864
   10.083008        3290   10.083008           0   10.083008   3212.6351   10.083008      1.3488
   10.095215        3200   10.095215           0   10.095215   3205.3798   10.095215     -0.0951
   10.107422        3065   10.107422           0   10.107422   3198.1416   10.107422     -2.4049
   10.119629        3220   10.119629           0   10.119629   3191.0149   10.119629      0.5108
   10.131836        3030   10.131836           0   10.131836   3183.8085   10.131836     -2.7942
   10.144043        3345   10.144043           0   10.144043   3176.6183   10.144043      2.9114
   10.156250        3155   10.156250           0   10.156250   3169.4444   10.156250     -0.2572
   10.168457        3230   10.168457           0   10.168457   3162.2866   10.168457      1.1914
   10.180664        3045   10.180664           0   10.180664   3155.1451   10.180664     -1.9960
   10.192871        3085   10.192871           0   10.192871   3148.0196   10.192871     -1.1346
   10.205078        3155   10.205078           0   10.205078   3140.9103   10.205078      0.2508
   10.217285        3045   10.217285           0   10.217285   3133.8170   10.217285     -1.6095
   10.229492        3195   10.229492           0   10.229492   3126.7397   10.229492      1.2076
   10.241699        3215   10.241699           0   10.241699   3119.6784   10.241699      1.6811
   10.253906        3235   10.253906           0   10.253906   3112.6331   10.253906      2.1514
   10.266113        2890   10.266113           0   10.266113   3105.6036   10.266113     -4.0106
   10.278320        3145   10.278320           0   10.278320   3098.5908   10.278320      0.8275
   10.290527        2935   10.290527           0   10.290527   3091.6889   10.290527     -2.8922
   10.302734        3165   10.302734           0   10.302734   3084.7068   10.302734      1.4272
   10.314942        3165   10.314942           0   10.314942   3077.7404   10.314942      1.5511
   10.327149        2970   10.327149           0   10.327149   3070.7898   10.327149     -1.8494
   10.339356        3365   10.339356           0   10.339356   3063.8548   10.339356      5.1914
   10.351563        2900   10.351563           0   10.351563   3056.9356   10.351563     -2.9142
   10.363770        3055   10.363770           0   10.363770   3050.0319   10.363770      0.0899
   10.375977        3275   10.375977           0   10.375977   3043.1439   10.375977      4.0515
   10.388184        3160   10.388184           0   10.388184   3036.2714   10.388184      2.2010
   10.400391        2925   10.400391           0   10.400391   3029.4144   10.400391     -1.9306
   10.412598        2960   10.412598           0   10.412598   3022.5729   10.412598     -1.1501
   10.424805        2940   10.424805           0   10.424805   3015.7468   10.424805     -1.3970
   10.437012        3145   10.437012           0   10.437012   3008.9362   10.437012      2.4262
   10.449219        3090   10.449219           0   10.449219   3002.1410   10.449219      1.5805
   10.461426        3025   10.461426           5   10.461426   2995.3611   10.461426      0.5389
   10.473633        2975   10.473633           0   10.473633   2988.5965   10.473633     -0.2493
   10.485840        3085   10.485840           0   10.485840   2981.8471   10.485840      1.8572
   10.498047        2895   10.498047           0   10.498047   2975.1131   10.498047     -1.4889
   10.510254        2990   10.510254           0   10.510254   2968.3942   10.510254      0.3951
   10.522461        2870   10.522461           0   10.522461   2961.6905   10.522461     -1.7115
   10.534668        2965   10.534668           0   10.534668   2955.0020   10.534668      0.1836
   10.546875        2865   10.546875           5   10.546875   2948.3285   10.546875     -1.5568
   10.559082        3175   10.559082           0   10.559082   2941.6701   10.559082      4.1409
   10.571289        3160   10.571289           0   10.571289   2935.0268   10.571289      4.0021
   10.583496        2665   10.583496           0   10.583496   2928.3985   10.583496     -5.1023
   10.595703        3105   10.595703           0   10.595703   2921.7851   10.595703      3.2880
   10.607910        3000   10.607910           0   10.607910   2915.1867   10.607910      1.5485
   10.620117        3020   10.620117           0   10.620117   2908.6031   10.620117      2.0271
   10.632324        2855   10.632324           0   10.632324   2902.0345   10.632324     -0.8803
   10.644531        2935   10.644531           0   10.644531   2895.4807   10.644531      0.7295
   10.656738        2995   10.656738           0   10.656738   2888.9416   10.656738      1.9380
   10.668945        2985   10.668945           0   10.668945   2882.4174   10.668945      1.8776
   10.681152        2795   10.681152           0   10.681152   2875.9079   10.681152     -1.5304
   10.693359        2825   10.693359           0   10.693359   2869.4130   10.693359     -0.8356
   10.705567        3025   10.705567           0   10.705567   2862.9329   10.705567      2.9467
   10.717774        2720   10.717774           0   10.717774   2856.4674   10.717774     -2.6166
   10.729981        2725   10.729981           0   10.729981   2850.0164   10.729981     -2.3949
   10.742188        2930   10.742188           0   10.742188   2843.5801   10.742188      1.5965
   10.754395        2915   10.754395           0   10.754395   2837.1583   10.754395      1.4418
   10.766602        2750   10.766602           0   10.766602   2830.7509   10.766602     -1.5399
   10.778809        2695   10.778809           0   10.778809   2824.3581   10.778809     -2.4918
   10.791016        2750   10.791016           0   10.791016   2817.9797   10.791016     -1.2963
   10.803223        2845   10.803223           0   10.803223   2811.6157   10.803223      0.6259
   10.815430        2855   10.815430           0   10.815430   2805.2661   10.815430      0.9308
   10.827637        2990   10.827637           0   10.827637   2798.9315   10.827637      3.4942
   10.839844        2910   10.839844           0   10.839844   2792.7063   10.839844      2.1743
   10.852051        2940   10.852051           0   10.852051   2786.3994   10.852051      2.8328
   10.864258        2925   10.864258           0   10.864258   2780.1067   10.864258      2.6791
   10.876465        2715   10.876465           0   10.876465   2773.8283   10.876465     -1.1290
   10.888672        2780   10.888672           0   10.888672   2767.5640   10.888672      0.2359
   10.900879        2745   10.900879           0   10.900879   2761.3138   10.900879     -0.3114
   10.913086        2710   10.913086           0   10.913086   2755.0785   10.913086     -0.8659
   10.925293        2640   10.925293           0   10.925293   2748.9524   10.925293     -2.1205
   10.937500        2690   10.937500           0   10.937500   2742.7443   10.937500     -1.0169
   10.949707        2855   10.949707           0   10.949707   2736.5502   10.949707      2.2168
   10.961914        2705   10.961914           5   10.961914   2730.3701   10.961914     -0.4878
   10.974121        2850   10.974121           0   10.974121   2724.2039   10.974121      2.3564
   10.986328        2790   10.986328           5   10.986328   2718.0517   10.986328      1.3621
   10.998535        2550   10.998535           0   10.998535   2711.9134   10.998535     -3.2064
   11.010742        2930   11.010742           0   11.010742   2705.7889   11.010742      4.1421
   11.022949        2690   11.022949           0   11.022949   2699.6783   11.022949     -0.1866
   11.035156        2820   11.035156           0   11.035156   2693.5815   11.035156      2.3806
   11.047363        2725   11.047363           0   11.047363   2687.4984   11.047363      0.7184
   11.059570        2745   11.059570           0   11.059570   2681.4291   11.059570      1.2134
   11.071777        2700   11.071777           0   11.071777   2675.3734   11.071777      0.4739
   11.083985        2685   11.083985           5   11.083985   2669.3315   11.083985      0.3024
   11.096192        2685   11.096192           0   11.096192   2663.3032   11.096192      0.4187
   11.108399        2765   11.108399           0   11.108399   2657.2885   11.108399      2.0484
   11.120606        2615   11.120606           0   11.120606   2651.2874   11.120606     -0.7096
   11.132813        2775   11.132813           0   11.132813   2645.2999   11.132813      2.4621
   11.145020        2595   11.145020           0   11.145020   2639.3258   11.145020     -0.8701
   11.157227        2800   11.157227           0   11.157227   2633.3653   11.157227      3.1491
   11.169434        2745   11.169434           0   11.169434   2627.4182   11.169434      2.2442
   11.181641        3075   11.181641           0   11.181641   2621.4846   11.181641      8.1784
   11.193848        2715   11.193848           0   11.193848   2615.5643   11.193848      1.9083
   11.206055        2605   11.206055           0   11.206055   2609.6574   11.206055     -0.0913
   11.218262        2535   11.218262           0   11.218262   2603.7639   11.218262     -1.3658
   11.230469        2705   11.230469           0   11.230469   2597.8837   11.230469      2.0595
   11.242676        2690   11.242676           0   11.242676   2592.0167   11.242676      1.8892
   11.254883        2470   11.254883           0   11.254883   2586.1630   11.254883     -2.3373
   11.267090        2530   11.267090           0   11.267090   2580.3226   11.267090     -1.0005
   11.279297        2660   11.279297           0   11.279297   2574.4953   11.279297      1.6579
   11.291504        2505   11.291504           0   11.291504   2568.6812   11.291504     -1.2724
   11.303711        2610   11.303711           0   11.303711   2562.8802   11.303711      0.9223
   11.315918        2795   11.315918           0   11.315918   2557.0923   11.315918      4.5001
   11.328125        2255   11.328125           5   11.328125   2551.3181   11.328125     -6.2400
   11.340332        2690   11.340332           0   11.340332   2545.6522   11.340332      2.7831
   11.352539        2425   11.352539           0   11.352539   2539.9039   11.352539     -2.3333
   11.364746        2370   11.364746           0   11.364746   2534.2637   11.364746     -3.3742
   11.376953        2700   11.376953           0   11.376953   2528.5405   11.376953      3.2997
   11.389160        2510   11.389160           0   11.389160   2522.8301   11.389160     -0.2561
   11.401367        2565   11.401367           0   11.401367   2517.1327   11.401367      0.9451
   11.413574        2590   11.413574           0   11.413574   2511.4481   11.413574      1.5435
   11.425781        2565   11.425781           0   11.425781   2505.7764   11.425781      1.1694
   11.437988        2720   11.437988           0   11.437988   2500.1174   11.437988      4.2161
   11.450195        2440   11.450195           5   11.450195   2494.4720   11.450195     -1.1028
   11.462402        2410   11.462402           0   11.462402   2488.9344   11.462402     -1.6079
   11.474610        2515   11.474610           0   11.474610   2483.3135   11.474610      0.6318
   11.486817        2405   11.486817           0   11.486817   2477.7053   11.486817     -1.4825
   11.499024        2555   11.499024           0   11.499024   2472.1098   11.499024      1.6399
   11.511231        2360   11.511231           0   11.511231   2466.5269   11.511231     -2.1928
   11.523438        2455   11.523438           0   11.523438   2460.9566   11.523438     -0.1202
   11.535645        2670   11.535645           0   11.535645   2455.3989   11.535645      4.1531
   11.547852        2435   11.547852           0   11.547852   2449.8537   11.547852     -0.3010
   11.560059        2295   11.560059           0   11.560059   2444.3210   11.560059     -3.1169
   11.572266        2470   11.572266           0   11.572266   2438.8009   11.572266      0.6278
   11.584473        2530   11.584473           0   11.584473   2433.2932   11.584473      1.9226
   11.596680        2485   11.596680           0   11.596680   2427.7980   11.596680      1.1475
   11.608887        2470   11.608887           0   11.608887   2422.3151   11.608887      0.9595
   11.621094        2400   11.621094           0   11.621094   2416.8447   11.621094     -0.3438
   11.633301        2475   11.633301           0   11.633301   2411.3866   11.633301      1.2787
   11.645508        2420   11.645508           0   11.645508   2405.9408   11.645508      0.2858
   11.657715        2400   11.657715           0   11.657715   2400.5074   11.657715     -0.0104
   11.669922        2575   11.669922           0   11.669922   2395.0862   11.669922      3.5455
   11.682129        2480   11.682129           0   11.682129   2389.6772   11.682129      1.8137
   11.694336        2340   11.694336           0   11.694336   2384.2811   11.694336     -0.9154
   11.706543        2450   11.706543           0   11.706543   2378.9924   11.706543      1.4346
   11.718750        2420   11.718750           0   11.718750   2373.6198   11.718750      0.9428
   11.730957        2575   11.730957           0   11.730957   2368.2594   11.730957      4.0742
   11.743164        2440   11.743164           0   11.743164   2362.9110   11.743164      1.5606
   11.755371        2390   11.755371           0   11.755371   2357.5747   11.755371      0.6633
   11.767578        2285   11.767578           0   11.767578   2352.2504   11.767578     -1.4069
   11.779785        2370   11.779785           0   11.779785   2346.9382   11.779785      0.4737
   11.791992        2460   11.791992           0   11.791992   2341.6380   11.791992      2.3864
   11.804199        2530   11.804199           0   11.804199   2336.3498   11.804199      3.8500
   11.816406        2470   11.816406           0   11.816406   2331.0741   11.816406      2.7953
   11.828613        2410   11.828613           0   11.828613   2325.9056   11.828613      1.7130
   11.840820        2405   11.840820           0   11.840820   2320.6529   11.840820      1.7199
   11.853027        2205   11.853027           0   11.853027   2315.4120   11.853027     -2.3513
   11.865235        2250   11.865235           0   11.865235   2310.1830   11.865235     -1.2688
   11.877442        2515   11.877442           0   11.877442   2304.9658   11.877442      4.1881
   11.889649        2095   11.889649           0   11.889649   2299.7603   11.889649     -4.4736
   11.901856        2305   11.901856           5   11.901856   2294.5667   11.901856      0.2173
   11.914063        2295   11.914063           0   11.914063   2289.3847   11.914063      0.1172
   11.926270        2280   11.926270           0   11.926270   2284.2145   11.926270     -0.0883
   11.938477        2255   11.938477           0   11.938477   2279.0559   11.938477     -0.5066
   11.950684        2150   11.950684           0   11.950684   2273.9090   11.950684     -2.6723
   11.962891        2400   11.962891           0   11.962891   2268.7737   11.962891      2.6786
   11.975098        2255   11.975098           0   11.975098   2263.6500   11.975098     -0.1822
   11.987305        2200   11.987305           0   11.987305   2258.5379   11.987305     -1.2480
   11.999512        2295   11.999512           0   11.999512   2253.4373   11.999512      0.8676
   12.011719        2370   12.011719           0   12.011719   2248.3482   12.011719      2.4989
   12.023926        2130   12.023926           0   12.023926   2243.2706   12.023926     -2.4543
   12.036133        2560   12.036133           0   12.036133   2238.2045   12.036133      6.3600
   12.048340        2155   12.048340           0   12.048340   2233.1499   12.048340     -1.6835
   12.060547        2330   12.060547           0   12.060547   2228.1066   12.060547      2.1109
   12.072754        2230   12.072754           0   12.072754   2223.0748   12.072754      0.1466
   12.084961        2205   12.084961           5   12.084961   2218.0543   12.084961     -0.2780
   12.097168        2155   12.097168           5   12.097168   2213.0451   12.097168     -1.2504
   12.109375        2160   12.109375           0   12.109375   2208.0473   12.109375     -1.0338
   12.121582        2020   12.121582           0   12.121582   2203.0607   12.121582     -4.0730
   12.133789        2095   12.133789           0   12.133789   2198.0854   12.133789     -2.2522
   12.145996        2175   12.145996           0   12.145996   2193.1214   12.145996     -0.3886
   12.158203        2080   12.158203           0   12.158203   2188.1685   12.158203     -2.3718
   12.170410        2175   12.170410           0   12.170410   2183.2269   12.170410     -0.1764
   12.182617        2250   12.182617           0   12.182617   2178.2964   12.182617      1.5116
   12.194824        2215   12.194824           0   12.194824   2173.3770   12.194824      0.8844
   12.207031        2210   12.207031           0   12.207031   2168.4687   12.207031      0.8834
   12.219238        1965   12.219238           0   12.219238   2163.5716   12.219238     -4.4796
   12.231445        2200   12.231445           0   12.231445   2158.6854   12.231445      0.8808
   12.243652        2105   12.243652           0   12.243652   2153.8104   12.243652     -1.0639
   12.255860        2245   12.255860           0   12.255860   2148.9463   12.255860      2.0272
   12.268067        2375   12.268067           0   12.268067   2144.0939   12.268067      4.7381
   12.280274        2100   12.280274           0   12.280274   2139.3476   12.280274     -0.8586
   12.292481        2060   12.292481           0   12.292481   2134.5162   12.292481     -1.6418
   12.304688        2190   12.304688           5   12.304688   2129.6957   12.304688      1.2886
   12.316895        2350   12.316895           0   12.316895   2124.8861   12.316895      4.6437
   12.329102        2225   12.329102           0   12.329102   2120.0874   12.329102      2.2241
   12.341309        2175   12.341309           0   12.341309   2115.2994   12.341309      1.2801
   12.353516        2155   12.353516           5   12.353516   2110.5223   12.353516      0.9581
   12.365723        2200   12.365723           0   12.365723   2105.7560   12.365723      2.0093
   12.377930        1720   12.377930           0   12.377930   2101.0005   12.377930     -9.1867
   12.390137        2185   12.390137           0   12.390137   2096.2557   12.390137      1.8985
   12.402344        2120   12.402344           0   12.402344   2091.5216   12.402344      0.6185
   12.414551        2180   12.414551           0   12.414551   2086.7982   12.414551      1.9962
   12.426758        2130   12.426758           0   12.426758   2082.0855   12.426758      1.0382
   12.438965        2160   12.438965           0   12.438965   2077.3834   12.438965      1.7776
   12.451172        1920   12.451172           0   12.451172   2072.6926   12.451172     -3.4847
   12.463379        1960   12.463379           0   12.463379   2068.1083   12.463379     -2.4419
   12.475586        2185   12.475586           0   12.475586   2063.5336   12.475586      2.5985
   12.487793        1980   12.487793           0   12.487793   2058.8734   12.487793     -1.7725
   12.500000        2150   12.500000           0   12.500000   2054.2237   12.500000      2.0656
   12.512207        2065   12.512207           0   12.512207   2049.5846   12.512207      0.3392
   12.524414        2065   12.524414           0   12.524414   2044.9559   12.524414      0.4411
   12.536621        2020   12.536621           0   12.536621   2040.3376   12.536621     -0.4525
   12.548828        2190   12.548828           0   12.548828   2035.7298   12.548828      3.2966
   12.561035        2110   12.561035           0   12.561035   2031.1324   12.561035      1.7169
   12.573242        2245   12.573242           0   12.573242   2026.5454   12.573242      4.6106
   12.585449        2185   12.585449           0   12.585449   2021.9687   12.585449      3.4877
   12.597656        2055   12.597656           0   12.597656   2017.4024   12.597656      0.8294
   12.609863        1955   12.609863           0   12.609863   2012.8464   12.609863     -1.3083
   12.622070        1980   12.622070           0   12.622070   2008.3007   12.622070     -0.6360
   12.634277        1895   12.634277           0   12.634277   2003.7652   12.634277     -2.4985
   12.646485        2080   12.646485           0   12.646485   1999.2400   12.646485      1.7708
   12.658692        1875   12.658692           0   12.658692   1994.7250   12.658692     -2.7649
   12.670899        2005   12.670899           0   12.670899   1990.2209   12.670899      0.3301
   12.683106        1995   12.683106           0   12.683106   1985.8221   12.683106      0.2055
   12.695313        2000   12.695313           0   12.695313   1981.3374   12.695313      0.4173
   12.707520        1890   12.707520           0   12.707520   1976.8629   12.707520     -1.9980
   12.719727        1970   12.719727           0   12.719727   1972.3991   12.719727     -0.0541
   12.731934        1900   12.731934           5   12.731934   1968.0406   12.731934     -1.5610
   12.744141        2000   12.744141           0   12.744141   1963.5960   12.744141      0.8140
   12.756348        2060   12.756348           0   12.756348   1959.1615   12.756348      2.2217
   12.768555        1965   12.768555           0   12.768555   1954.7371   12.768555      0.2315
   12.780762        1875   12.780762           0   12.780762   1950.3226   12.780762     -1.7395
   12.792969        2040   12.792969           0   12.792969   1945.9180   12.792969      2.0830
   12.805176        2075   12.805176           0   12.805176   1941.5235   12.805176      2.9302
   12.817383        2045   12.817383           0   12.817383   1937.1388   12.817383      2.3852
   12.829590        1920   12.829590           0   12.829590   1932.7641   12.829590     -0.2913
   12.841797        1850   12.841797           0   12.841797   1928.3992   12.841797     -1.8227
   12.854004        2070   12.854004           0   12.854004   1924.0442   12.854004      3.2080
   12.866211        1920   12.866211           0   12.866211   1919.6990   12.866211      0.0069
   12.878418        1950   12.878418           0   12.878418   1915.3636   12.878418      0.7844
   12.890625        1950   12.890625           0   12.890625   1911.0381   12.890625      0.8823
   12.902832        2070   12.902832           5   12.902832   1906.7223   12.902832      3.5887
   12.915039        1875   12.915039           0   12.915039   1902.4162   12.915039     -0.6332
   12.927246        1830   12.927246           0   12.927246   1898.1199   12.927246     -1.5924
   12.939453        1990   12.939453           0   12.939453   1893.8332   12.939453      2.1558
   12.951660        2030   12.951660           0   12.951660   1889.5563   12.951660      3.1171
   12.963867        1860   12.963867           0   12.963867   1885.2890   12.963867     -0.5864
   12.976074        1985   12.976074           0   12.976074   1881.0313   12.976074      2.3336
   12.988281        2015   12.988281           0   12.988281   1876.7833   12.988281      3.0791
   13.000488        1995   13.000488           0   13.000488   1872.5449   13.000488      2.7416
   13.012695        1790   13.012695           0   13.012695   1868.3160   13.012695     -1.8511
   13.024902        2100   13.024902           0   13.024902   1864.0967   13.024902      5.1478
   13.037110        1895   13.037110           0   13.037110   1859.8869   13.037110      0.8066
   13.049317        1875   13.049317           0   13.049317   1855.6866   13.049317      0.4460
   13.061524        1935   13.061524           0   13.061524   1851.4958   13.061524      1.8983
   13.073731        1945   13.073731           0   13.073731   1847.3145   13.073731      2.2150
   13.085938        1725   13.085938           0   13.085938   1843.1426   13.085938     -2.8445
   13.098145        1960   13.098145           0   13.098145   1838.9808   13.098145      2.7335
   13.110352        1920   13.110352           0   13.110352   1834.9236   13.110352      1.9416
   13.122559        1740   13.122559           0   13.122559   1830.7796   13.122559     -2.1763
   13.134766        1890   13.134766           0   13.134766   1826.6451   13.134766      1.4573
   13.146973        2000   13.146973           0   13.146973   1822.5199   13.146973      3.9686
   13.159180        1905   13.159180           0   13.159180   1818.4040   13.159180      1.9840
   13.171387        1910   13.171387           0   13.171387   1814.2974   13.171387      2.1898
   13.183594        1825   13.183594           0   13.183594   1810.2001   13.183594      0.3464
   13.195801        1645   13.195801           0   13.195801   1806.1120   13.195801     -3.9723
   13.208008        1865   13.208008           0   13.208008   1802.0331   13.208008      1.4581
   13.220215        1890   13.220215           0   13.220215   1797.9635   13.220215      2.1170
   13.232422        1770   13.232422           0   13.232422   1793.9031   13.232422     -0.5682
   13.244629        1760   13.244629           0   13.244629   1789.8518   13.244629     -0.7116
   13.256836        1720   13.256836           0   13.256836   1785.8097   13.256836     -1.5868
   13.269043        1680   13.269043           0   13.269043   1781.7774   13.269043     -2.4831
   13.281250        1790   13.281250           0   13.281250   1777.8493   13.281250      0.2872
   13.293457        1680   13.293457           0   13.293457   1773.8343   13.293457     -2.2893
   13.305664        1795   13.305664           0   13.305664   1769.8284   13.305664      0.5941
   13.317871        1740   13.317871           0   13.317871   1765.8315   13.317871     -0.6193
   13.330078        1905   13.330078           0   13.330078   1761.8436   13.330078      3.2799
   13.342285        1675   13.342285           0   13.342285   1757.8647   13.342285     -2.0247
   13.354492        1755   13.354492           0   13.354492   1753.8948   13.354492      0.0264
   13.366699        1795   13.366699           0   13.366699   1749.9339   13.366699      1.0637
   13.378906        1870   13.378906           0   13.378906   1745.9819   13.378906      2.8679
   13.391113        1670   13.391113           0   13.391113   1742.0389   13.391113     -1.7628
   13.403320        1900   13.403320           0   13.403320   1738.1047   13.403320      3.7141
   13.415528        1770   13.415528           0   13.415528   1734.1795   13.415528      0.8514
   13.427735        1790   13.427735           0   13.427735   1730.2631   13.427735      1.4119
   13.439942        1750   13.439942           0   13.439942   1726.3555   13.439942      0.5652
   13.452149        1630   13.452149           0   13.452149   1722.4568   13.452149     -2.2901
   13.464356        1725   13.464356           0   13.464356   1718.5669   13.464356      0.1549
   13.476563        1765   13.476563           0   13.476563   1714.6858   13.476563      1.1976
   13.488770        1675   13.488770           0   13.488770   1710.8134   13.488770     -0.8751
   13.500977        1795   13.500977           0   13.500977   1706.9498   13.500977      2.0783
   13.513184        1635   13.513184           0   13.513184   1703.0949   13.513184     -1.6841
   13.525391        1780   13.525391           0   13.525391   1699.2487   13.525391      1.9140
   13.537598        1580   13.537598           0   13.537598   1695.4112   13.537598     -2.9035
   13.549805        1695   13.549805           0   13.549805   1691.5823   13.549805      0.0830
   13.562012        1750   13.562012           0   13.562012   1687.7621   13.562012      1.4878
   13.574219        1590   13.574219           0   13.574219   1683.9506   13.574219     -2.3561
   13.586426        1700   13.586426           0   13.586426   1680.1476   13.586426      0.4815
   13.598633        1810   13.598633           0   13.598633   1676.3532   13.598633      3.1414
   13.610840        1800   13.610840           0   13.610840   1672.5674   13.610840      3.0036
   13.623047        1710   13.623047           0   13.623047   1668.7902   13.623047      0.9966
   13.635254        1780   13.635254           0   13.635254   1665.0214   13.635254      2.7253
   13.647461        1555   13.647461           0   13.647461   1661.2612   13.647461     -2.6947
   13.659668        1690   13.659668           0   13.659668   1657.5095   13.659668      0.7903
   13.671875        1735   13.671875           0   13.671875   1653.7663   13.671875      1.9502
   13.684082        1645   13.684082           0   13.684082   1650.0315   13.684082     -0.1241
   13.696289        1515   13.696289           0   13.696289   1646.3051   13.696289     -3.3735
   13.708496        1840   13.708496           0   13.708496   1642.5872   13.708496      4.6022
   13.720703        1710   13.720703           0   13.720703   1638.8776   13.720703      1.7199
   13.732910        1800   13.732910           0   13.732910   1635.1765   13.732910      3.8849
   13.745117        1785   13.745117           0   13.745117   1631.4837   13.745117      3.6336
   13.757324        1630   13.757324           0   13.757324   1627.7992   13.757324      0.0545
   13.769531        1805   13.769531           5   13.769531   1624.1230   13.769531      4.2574
   13.781738        1540   13.781738           0   13.781738   1620.4552   13.781738     -2.0502
   13.793945        1705   13.793945           0   13.793945   1616.7956   13.793945      2.1361
   13.806153        1615   13.806153           0   13.806153   1613.1443   13.806153      0.0462
   13.818360        1590   13.818360           0   13.818360   1609.5013   13.818360     -0.4891
   13.830567        1590   13.830567           0   13.830567   1605.8664   13.830567     -0.3979
   13.842774        1570   13.842774           0   13.842774   1602.2398   13.842774     -0.8137
   13.854981        1635   13.854981           0   13.854981   1598.6214   13.854981      0.8997
   13.867188        1455   13.867188           0   13.867188   1595.0111   13.867188     -3.6705
   13.879395        1620   13.879395           0   13.879395   1591.4090   13.879395      0.7103
   13.891602        1575   13.891602           0   13.891602   1587.8151   13.891602     -0.3229
   13.903809        1865   13.903809           0   13.903809   1584.2292   13.903809      6.5015
   13.916016        1620   13.916016           0   13.916016   1580.6515   13.916016      0.9776
   13.928223        1585   13.928223           0   13.928223   1577.0818   13.928223      0.1989
   13.940430        1575   13.940430           0   13.940430   1573.5202   13.940430      0.0373
   13.952637        1545   13.952637           0   13.952637   1569.9666   13.952637     -0.6352
   13.964844        1605   13.964844           0   13.964844   1566.4211   13.964844      0.9630
   13.977051        1470   13.977051           0   13.977051   1562.8835   13.977051     -2.4226
   13.989258        1550   13.989258           0   13.989258   1559.3540   13.989258     -0.2376
   14.001465        1595   14.001465           0   14.001465   1555.8324   14.001465      0.9807
   14.013672        1360   14.013672           0   14.013672   1552.3188   14.013672     -5.2150
   14.025879        1510   14.025879           0   14.025879   1548.8131   14.025879     -0.9988
   14.038086        1520   14.038086           0   14.038086   1545.3153   14.038086     -0.6493
   14.050293        1585   14.050293           0   14.050293   1541.8254   14.050293      1.0845
   14.062500        1735   14.062500           0   14.062500   1538.3435   14.062500      4.7213
   14.074707        1565   14.074707           0   14.074707   1534.8693   14.074707      0.7616
   14.086914        1565   14.086914           0   14.086914   1531.4030   14.086914      0.8493
   14.099121        1530   14.099121           0   14.099121   1527.9446   14.099121      0.0525
   14.111328        1610   14.111328           0   14.111328   1524.4940   14.111328      2.1310
   14.123535        1345   14.123535           0   14.123535   1521.0511   14.123535     -4.8004
   14.135742        1405   14.135742           0   14.135742   1517.6167   14.135742     -3.0044
   14.147949        1615   14.147949           0   14.147949   1514.2853   14.147949      2.5061
   14.160156        1625   14.160156           0   14.160156   1510.8655   14.160156      2.8313
   14.172363        1700   14.172363           0   14.172363   1507.4534   14.172363      4.6699
   14.184570        1450   14.184570           0   14.184570   1504.0490   14.184570     -1.4194
   14.196778        1605   14.196778           0   14.196778   1500.6523   14.196778      2.6046
   14.208985        1360   14.208985           0   14.208985   1497.2633   14.208985     -3.7221
   14.221192        1500   14.221192           5   14.221192   1493.8820   14.221192      0.1580
   14.233399        1505   14.233399           0   14.233399   1490.5083   14.233399      0.3736
   14.245606        1605   14.245606           0   14.245606   1487.1422   14.245606      2.9419
   14.257813        1515   14.257813           0   14.257813   1483.7837   14.257813      0.8020
   14.270020        1545   14.270020           0   14.270020   1480.4328   14.270020      1.6427
   14.282227        1360   14.282227           0   14.282227   1477.0894   14.282227     -3.1750
   14.294434        1400   14.294434           0   14.294434   1473.7536   14.294434     -1.9711
   14.306641        1635   14.306641           0   14.306641   1470.4254   14.306641      4.0701
   14.318848        1490   14.318848           0   14.318848   1467.1046   14.318848      0.5931
   14.331055        1410   14.331055           0   14.331055   1463.7914   14.331055     -1.4325
   14.343262        1340   14.343262           0   14.343262   1460.4856   14.343262     -3.2914
   14.355469        1550   14.355469           0   14.355469   1457.1873   14.355469      2.3574
   14.367676        1475   14.367676           0   14.367676   1453.8965   14.367676      0.5495
   14.379883        1450   14.379883           0   14.379883   1450.6131   14.379883     -0.0161
   14.392090        1560   14.392090           0   14.392090   1447.3371   14.392090      2.8525
   14.404297        1465   14.404297           0   14.404297   1444.0684   14.404297      0.5469
   14.416504        1330   14.416504           0   14.416504   1440.8072   14.416504     -3.0384
   14.428711        1445   14.428711           0   14.428711   1437.5534   14.428711      0.1959
   14.440918        1380   14.440918           0   14.440918   1434.3069   14.440918     -1.4619
   14.453125        1415   14.453125           0   14.453125   1431.0677   14.453125     -0.4271
   14.465332        1480   14.465332           0   14.465332   1427.8358   14.465332      1.3559
   14.477539        1540   14.477539           0   14.477539   1424.6113   14.477539      2.9404
   14.489746        1495   14.489746           0   14.489746   1421.3940   14.489746      1.9037
   14.501953        1485   14.501953           0   14.501953   1418.1840   14.501953      1.7339
   14.514160        1450   14.514160           0   14.514160   1414.9812   14.514160      0.9196
   14.526367        1425   14.526367           0   14.526367   1411.7857   14.526367      0.3501
   14.538574        1515   14.538574           0   14.538574   1408.5974   14.538574      2.7337
   14.550781        1340   14.550781           0   14.550781   1405.4163   14.550781     -1.7870
   14.562988        1490   14.562988           0   14.562988   1402.2423   14.562988      2.2735
   14.575195        1415   14.575195           0   14.575195   1399.0756   14.575195      0.4233
   14.587403        1465   14.587403           0   14.587403   1395.9166   14.587403      1.8049
   14.599610        1445   14.599610           0   14.599610   1392.8600   14.599610      1.3716
   14.611817        1525   14.611817           5   14.611817   1389.7144   14.611817      3.4643
   14.624024        1325   14.624024           0   14.624024   1386.5760   14.624024     -1.6916
   14.636231        1400   14.636231           0   14.636231   1383.4446   14.636231      0.4425
   14.648438        1565   14.648438           0   14.648438   1380.3203   14.648438      4.6683
   14.660645        1405   14.660645           0   14.660645   1377.2030   14.660645      0.7416
   14.672852        1400   14.672852           5   14.672852   1374.0928   14.672852      0.6924
   14.685059        1470   14.685059           0   14.685059   1370.9896   14.685059      2.5824
   14.697266        1635   14.697266           0   14.697266   1367.8934   14.697266      6.6058
   14.709473        1345   14.709473           0   14.709473   1364.8042   14.709473     -0.5400
   14.721680        1385   14.721680           0   14.721680   1361.7220   14.721680      0.6255
   14.733887        1390   14.733887           0   14.733887   1358.6468   14.733887      0.8410
   14.746094        1445   14.746094           0   14.746094   1355.5785   14.746094      2.3524
   14.758301        1420   14.758301           0   14.758301   1352.5171   14.758301      1.7908
   14.770508        1550   14.770508           0   14.770508   1349.4626   14.770508      5.0937
   14.782715        1355   14.782715           0   14.782715   1346.4151   14.782715      0.2332
   14.794922        1435   14.794922           0   14.794922   1343.3744   14.794922      2.4187
   14.807129        1295   14.807129           0   14.807129   1340.3406   14.807129     -1.2599
   14.819336        1350   14.819336           0   14.819336   1337.3136   14.819336      0.3453
   14.831543        1370   14.831543           0   14.831543   1334.2935   14.831543      0.9647
   14.843750        1340   14.843750           0   14.843750   1331.2802   14.843750      0.2382
   14.855957        1425   14.855957           0   14.855957   1328.2737   14.855957      2.5623
   14.868164        1460   14.868164           0   14.868164   1325.2739   14.868164      3.5259
   14.880371        1430   14.880371           0   14.880371   1322.2810   14.880371      2.8486
   14.892578        1325   14.892578           0   14.892578   1319.2948   14.892578      0.1567
   14.904785        1255   14.904785           0   14.904785   1316.3154   14.904785     -1.7308
   14.916992        1320   14.916992           0   14.916992   1313.3427   14.916992      0.1832
   14.929199        1280   14.929199           0   14.929199   1310.3767   14.929199     -0.8491
   14.941406        1435   14.941406           0   14.941406   1307.4174   14.941406      3.3679
   14.953613        1245   14.953613           0   14.953613   1304.4648   14.953613     -1.6853
   14.965820        1265   14.965820           0   14.965820   1301.5188   14.965820     -1.0268
   14.978028        1245   14.978028           0   14.978028   1298.5802   14.978028     -1.5185
   14.990235        1170   14.990235           0   14.990235   1295.7434   14.990235     -3.6761
   15.002442        1250   15.002442           0   15.002442   1292.8172   15.002442     -1.2111
   15.014649        1505   15.014649           0   15.014649   1289.8975   15.014649      5.5447
   15.026856        1380   15.026856           0   15.026856   1286.9845   15.026856      2.5039
   15.039063        1340   15.039063           0   15.039063   1284.0787   15.039063      1.5277
   15.051270        1280   15.051270           0   15.051270   1281.2746   15.051270     -0.0356
   15.063477        1495   15.063477           0   15.063477   1278.3811   15.063477      5.6024
   15.075684        1205   15.075684           0   15.075684   1275.4940   15.075684     -2.0308
   15.087891        1260   15.087891           0   15.087891   1272.6135   15.087891     -0.3553
   15.100098        1470   15.100098           0   15.100098   1269.7395   15.100098      5.2232
   15.112305        1220   15.112305           0   15.112305   1266.8720   15.112305     -1.3419
   15.124512        1205   15.124512           0   15.124512   1264.0109   15.124512     -1.7000
   15.136719        1320   15.136719           0   15.136719   1261.1563   15.136719      1.6196
   15.148926        1430   15.148926           0   15.148926   1258.3082   15.148926      4.5403
   15.161133        1265   15.161133           0   15.161133   1255.4665   15.161133      0.2680
   15.173340        1375   15.173340           0   15.173340   1252.6312   15.173340      3.3000
   15.185547        1240   15.185547           0   15.185547   1249.8023   15.185547     -0.2784
   15.197754        1325   15.197754           0   15.197754   1246.9798   15.197754      2.1434
   15.209961        1345   15.209961           0   15.209961   1244.1637   15.209961      2.7495
   15.222168        1325   15.222168           0   15.222168   1241.3539   15.222168      2.2979
   15.234375        1275   15.234375           0   15.234375   1238.5505   15.234375      1.0208
   15.246582        1160   15.246582           0   15.246582   1235.7534   15.246582     -2.2242
   15.258789        1260   15.258789           0   15.258789   1232.9627   15.258789      0.7617
   15.270996        1240   15.270996           0   15.270996   1230.1782   15.270996      0.2789
   15.283203        1325   15.283203           0   15.283203   1227.4000   15.283203      2.6813
   15.295410        1230   15.295410           0   15.295410   1224.6281   15.295410      0.1532
   15.307617        1275   15.307617           0   15.307617   1221.8624   15.307617      1.4881
   15.319824        1210   15.319824           0   15.319824   1219.1030   15.319824     -0.2617
   15.332031        1165   15.332031           0   15.332031   1216.3499   15.332031     -1.5044
   15.344238        1285   15.344238           0   15.344238   1213.6029   15.344238      1.9917
   15.356445        1320   15.356445           0   15.356445   1210.8622   15.356445      3.0039
   15.368653        1140   15.368653           0   15.368653   1208.1276   15.368653     -2.0178
   15.380860        1095   15.380860           0   15.380860   1205.3992   15.380860     -3.3363
   15.393067        1135   15.393067           0   15.393067   1202.6770   15.393067     -2.0088
   15.405274        1160   15.405274           0   15.405274   1199.9609   15.405274     -1.1733
   15.417481        1160   15.417481           0   15.417481   1197.2510   15.417481     -1.0937
   15.429688        1240   15.429688           0   15.429688   1194.5472   15.429688      1.2908
   15.441895        1205   15.441895           0   15.441895   1191.8495   15.441895      0.3788
   15.454102        1315   15.454102           0   15.454102   1189.1579   15.454102      3.4703
   15.466309        1225   15.466309           0   15.466309   1186.4723   15.466309      1.1008
   15.478516        1170   15.478516           0   15.478516   1183.7928   15.478516     -0.4032
   15.490723        1205   15.490723           0   15.490723   1181.1194   15.490723      0.6879
   15.502930        1125   15.502930           0   15.502930   1178.4520   15.502930     -1.5936
   15.515137        1285   15.515137           0   15.515137   1175.7907   15.515137      3.0465
   15.527344        1250   15.527344           0   15.527344   1173.1353   15.527344      2.1741
   15.539551        1195   15.539551           0   15.539551   1170.4860   15.539551      0.7091
   15.551758        1335   15.551758           0   15.551758   1167.8426   15.551758      4.5749
   15.563965        1205   15.563965           0   15.563965   1165.2052   15.563965      1.1464
   15.576172        1105   15.576172           0   15.576172   1162.5737   15.576172     -1.7320
   15.588379        1295   15.588379           0   15.588379   1159.9482   15.588379      3.7529
   15.600586        1170   15.600586           0   15.600586   1157.3286   15.600586      0.3705
   15.612793        1135   15.612793           0   15.612793   1154.7150   15.612793     -0.5852
   15.625000        1145   15.625000           0   15.625000   1152.1072   15.625000     -0.2100
   15.637207        1210   15.637207           0   15.637207   1149.5054   15.637207      1.7391
   15.649414        1325   15.649414           0   15.649414   1146.9094   15.649414      4.8925
   15.661621        1115   15.661621           0   15.661621   1144.3192   15.661621     -0.8780
   15.673828        1185   15.673828           5   15.673828   1141.7350   15.673828      1.2568
   15.686035        1195   15.686035           0   15.686035   1139.1565   15.686035      1.6154
   15.698242        1315   15.698242           0   15.698242   1136.5839   15.698242      4.9201
   15.710449        1140   15.710449           0   15.710449   1134.0171   15.710449      0.1772
   15.722656        1190   15.722656           0   15.722656   1131.4561   15.722656      1.6971
   15.734863        1165   15.734863           0   15.734863   1128.9008   15.734863      1.0576
   15.747070        1120   15.747070           0   15.747070   1126.3514   15.747070     -0.1898
   15.759278        1080   15.759278           0   15.759278   1123.8077   15.759278     -1.3330
   15.771485        1070   15.771485           0   15.771485   1121.2697   15.771485     -1.5674
   15.783692        1135   15.783692           5   15.783692   1118.7375   15.783692      0.4827
   15.795899        1150   15.795899           0   15.795899   1116.2110   15.795899      0.9964
   15.808106        1125   15.808106           0   15.808106   1113.6902   15.808106      0.3372
   15.820313        1230   15.820313           0   15.820313   1111.1751   15.820313      3.3881
   15.832520        1070   15.832520           0   15.832520   1108.6656   15.832520     -1.1820
   15.844727        1220   15.844727           0   15.844727   1106.1619   15.844727      3.2592
   15.856934        1240   15.856934           0   15.856934   1103.6638   15.856934      3.8717
   15.869141        1150   15.869141           0   15.869141   1101.1713   15.869141      1.4399
   15.881348        1175   15.881348           0   15.881348   1098.6845   15.881348      2.2264
   15.893555        1190   15.893555           0   15.893555   1096.2033   15.893555      2.7190
   15.905762        1130   15.905762           0   15.905762   1093.7276   15.905762      1.0790
   15.917969        1130   15.917969           0   15.917969   1091.2576   15.917969      1.1525
   15.930176        1085   15.930176           5   15.930176   1088.7932   15.930176     -0.1152
   15.942383        1150   15.942383           0   15.942383   1086.3343   15.942383      1.8774
   15.954590         905   15.954590           0   15.954590   1083.8809   15.954590     -5.9462
   15.966797        1165   15.966797           0   15.966797   1081.4332   15.966797      2.4483
   15.979004        1080   15.979004           0   15.979004   1078.9909   15.979004      0.0307
   15.991211         995   15.991211           0   15.991211   1076.5542   15.991211     -2.5854
   16.003418        1095   16.003418           0   16.003418   1074.1229   16.003418      0.6309
   16.015625        1025   16.015625           0   16.015625   1071.6972   16.015625     -1.4586
   16.027832        1095   16.027832           0   16.027832   1069.2769   16.027832      0.7773
   16.040039        1250   16.040039           0   16.040039   1066.8628   16.040039      5.1799
   16.052246        1035   16.052246           0   16.052246   1064.5493   16.052246     -0.9185
   16.064453        1130   16.064453           0   16.064453   1062.1451   16.064453      2.0186
   16.076660        1155   16.076660           0   16.076660   1059.7464   16.076660      2.8028
   16.088867        1095   16.088867           0   16.088867   1057.3531   16.088867      1.1377
   16.101074        1185   16.101074           0   16.101074   1054.9653   16.101074      3.7775
   16.113281        1135   16.113281           0   16.113281   1052.5828   16.113281      2.4464
   16.125488        1025   16.125488           0   16.125488   1050.2057   16.125488     -0.7873
   16.137696        1090   16.137696           0   16.137696   1047.8339   16.137696      1.2772
   16.149903        1130   16.149903           0   16.149903   1045.4682   16.149903      2.5147
   16.162110        1035   16.162110           0   16.162110   1043.2031   16.162110     -0.2550
   16.174317        1090   16.174317           0   16.174317   1040.8471   16.174317      1.4888
   16.186524        1015   16.186524           0   16.186524   1038.4965   16.186524     -0.7375
   16.198731         945   16.198731           0   16.198731   1036.1512   16.198731     -2.9652
   16.210938         995   16.210938           0   16.210938   1033.8112   16.210938     -1.2304
   16.223145        1060   16.223145           0   16.223145   1031.4765   16.223145      0.8761
   16.235352        1150   16.235352           0   16.235352   1029.1471   16.235352      3.5638
   16.247559        1065   16.247559           0   16.247559   1026.8229   16.247559      1.1698
   16.259766        1075   16.259766           0   16.259766   1024.5040   16.259766      1.5401
   16.271973        1015   16.271973           0   16.271973   1022.1903   16.271973     -0.2257
   16.284180        1110   16.284180           5   16.284180   1019.8818   16.284180      2.7049
   16.296387        1085   16.296387           0   16.296387   1017.5792   16.296387      2.0468
   16.308594         980   16.308594           0   16.308594   1015.3770   16.308594     -1.1301
   16.320801         815   16.320801           0   16.320801   1013.0840   16.320801     -6.9386
   16.333008        1085   16.333008           0   16.333008   1010.7961   16.333008      2.2527
   16.345215         930   16.345215           0   16.345215   1008.5133   16.345215     -2.5746
   16.357422        1115   16.357422           0   16.357422   1006.2357   16.357422      3.2572
   16.369629         995   16.369629           0   16.369629   1003.9633   16.369629     -0.2842
   16.381836        1040   16.381836           0   16.381836   1001.6960   16.381836      1.1878
   16.394043         990   16.394043           0   16.394043    999.4338   16.394043     -0.2998
   16.406250         950   16.406250           0   16.406250    997.1767   16.406250     -1.5306
   16.418457         975   16.418457           0   16.418457    994.9247   16.418457     -0.6381
   16.430664         945   16.430664           0   16.430664    992.6779   16.430664     -1.5510
   16.442871        1165   16.442871           0   16.442871    990.4360   16.442871      5.1144
   16.455078        1020   16.455078           0   16.455078    988.1993   16.455078      0.9957
   16.467285        1025   16.467285           0   16.467285    985.9676   16.467285      1.2192
   16.479492         995   16.479492           0   16.479492    983.7409   16.479492      0.3569
   16.491699         995   16.491699           0   16.491699    981.5193   16.491699      0.4274
   16.503906         970   16.503906           0   16.503906    979.3027   16.503906     -0.2987
   16.516113        1015   16.516113           0   16.516113    977.0910   16.516113      1.1899
   16.528321         940   16.528321           0   16.528321    974.8844   16.528321     -1.1378
   16.540528         880   16.540528           0   16.540528    972.6828   16.540528     -3.1243
   16.552735        1075   16.552735           0   16.552735    970.4861   16.552735      3.1876
   16.564942         955   16.564942           0   16.564942    968.2944   16.564942     -0.4302
   16.577149         915   16.577149           0   16.577149    966.1077   16.577149     -1.6896
   16.589356         925   16.589356           0   16.589356    963.9258   16.589356     -1.2799
   16.601563        1140   16.601563           0   16.601563    961.7490   16.601563      5.2793
   16.613770         950   16.613770           0   16.613770    959.5770   16.613770     -0.3107
   16.625977        1045   16.625977           0   16.625977    957.4099   16.625977      2.7095
   16.638184         995   16.638184           0   16.638184    955.2477   16.638184      1.2602
   16.650391        1040   16.650391           0   16.650391    953.0911   16.650391      2.6949
   16.662598        1000   16.662598           0   16.662598    951.0346   16.662598      1.5484
   16.674805        1050   16.674805           0   16.674805    948.8868   16.674805      3.1204
   16.687012         890   16.687012           0   16.687012    946.7439   16.687012     -1.9021
   16.699219         980   16.699219           0   16.699219    944.6058   16.699219      1.1306
   16.711426        1165   16.711426           0   16.711426    942.4725   16.711426      6.5196
   16.723633         965   16.723633           0   16.723633    940.3441   16.723633      0.7937
   16.735840         895   16.735840           0   16.735840    938.2205   16.735840     -1.4447
   16.748047         920   16.748047           0   16.748047    936.1016   16.748047     -0.5309
   16.760254         850   16.760254           0   16.760254    933.9876   16.760254     -2.8808
   16.772461        1060   16.772461           0   16.772461    931.8783   16.772461      3.9352
   16.784668         955   16.784668           0   16.784668    929.7738   16.784668      0.8163
   16.796875        1005   16.796875           0   16.796875    927.6740   16.796875      2.4392
   16.809082         910   16.809082           0   16.809082    925.5790   16.809082     -0.5164
   16.821289         910   16.821289           0   16.821289    923.4887   16.821289     -0.4471
   16.833496        1035   16.833496           5   16.833496    921.4032   16.833496      3.5310
   16.845703        1010   16.845703           0   16.845703    919.3223   16.845703      2.8532
   16.857910         950   16.857910           0   16.857910    917.2462   16.857910      1.0627
   16.870117        1025   16.870117           0   16.870117    915.1747   16.870117      3.4304
   16.882324         865   16.882324           0   16.882324    913.1079   16.882324     -1.6357
   16.894531         990   16.894531           0   16.894531    911.0458   16.894531      2.5093
   16.906738         980   16.906738           0   16.906738    908.9883   16.906738      2.2684
   16.918946         870   16.918946           0   16.918946    906.9355   16.918946     -1.2522
   16.931153         820   16.931153           0   16.931153    904.8873   16.931153     -2.9644
   16.943360        1020   16.943360           0   16.943360    902.8437   16.943360      3.6683
   16.955567        1015   16.955567           0   16.955567    900.8048   16.955567      3.5844
   16.967774         890   16.967774           0   16.967774    898.7705   16.967774     -0.2940
   16.979981         955   16.979981           0   16.979981    896.7407   16.979981      1.8852
   16.992188         900   16.992188           0   16.992188    894.7156   16.992188      0.1761
   17.004395         990   17.004395           0   17.004395    892.6950   17.004395      3.0926
   17.016602         940   17.016602           0   17.016602    890.6790   17.016602      1.6087
   17.028809         805   17.028809           0   17.028809    888.6675   17.028809     -2.9489
   17.041016         845   17.041016           0   17.041016    886.6606   17.041016     -1.4332
   17.053223         950   17.053223           0   17.053223    884.6582   17.053223      2.1200
   17.065430         895   17.065430           0   17.065430    882.6603   17.065430      0.4125
   17.077637         885   17.077637           0   17.077637    880.6669   17.077637      0.1457
   17.089844         865   17.089844           0   17.089844    878.6781   17.089844     -0.4651
   17.102051         920   17.102051           0   17.102051    876.6937   17.102051      1.4278
   17.114258         930   17.114258           0   17.114258    874.7138   17.114258      1.8129
   17.126465         780   17.126465           0   17.126465    872.7384   17.126465     -3.3206
   17.138672         840   17.138672           0   17.138672    870.7674   17.138672     -1.0616
   17.150879         930   17.150879           0   17.150879    868.8009   17.150879      2.0068
   17.163086         895   17.163086           0   17.163086    866.8389   17.163086      0.9413
   17.175293         870   17.175293           0   17.175293    864.8813   17.175293      0.1735
   17.187500         970   17.187500           0   17.187500    862.9280   17.187500      3.4379
   17.199707         925   17.199707           0   17.199707    860.9799   17.199707      2.1050
   17.211914         830   17.211914           0   17.211914    859.1314   17.211914     -1.0112
   17.224121         955   17.224121           5   17.224121    857.1912   17.224121      3.1650
   17.236328         760   17.236328           0   17.236328    855.2553   17.236328     -3.4553
   17.248535         870   17.248535           0   17.248535    853.3239   17.248535      0.5654
   17.260742         835   17.260742           0   17.260742    851.3967   17.260742     -0.5674
   17.272949         970   17.272949           0   17.272949    849.4740   17.272949      3.8699
   17.285156         925   17.285156           0   17.285156    847.5556   17.285156      2.5464
   17.297363        1045   17.297363           0   17.297363    845.6415   17.297363      6.1670
   17.309571         810   17.309571           0   17.309571    843.7317   17.309571     -1.1852
   17.321778         775   17.321778           0   17.321778    841.8263   17.321778     -2.4005
   17.333985         840   17.333985           5   17.333985    839.9251   17.333985      0.0026
   17.346192         805   17.346192           0   17.346192    838.0283   17.346192     -1.1641
   17.358399         840   17.358399           0   17.358399    836.1357   17.358399      0.1333
   17.370606         885   17.370606           0   17.370606    834.2474   17.370606      1.7060
   17.382813         865   17.382813           0   17.382813    832.3634   17.382813      1.1097
   17.395020         800   17.395020           0   17.395020    830.4836   17.395020     -1.0778
   17.407227         970   17.407227           0   17.407227    828.6081   17.407227      4.5398
   17.419434         860   17.419434           0   17.419434    826.7368   17.419434      1.1343
   17.431641         805   17.431641           0   17.431641    824.8697   17.431641     -0.7003
   17.443848         760   17.443848           0   17.443848    823.0069   17.443848     -2.2855
   17.456055         900   17.456055           5   17.456055    821.1483   17.456055      2.6284
   17.468262         850   17.468262           0   17.468262    819.2938   17.468262      1.0532
   17.480469         790   17.480469           0   17.480469    817.4436   17.480469     -0.9764
   17.492676         830   17.492676           0   17.492676    815.5975   17.492676      0.4999
   17.504883         905   17.504883           0   17.504883    813.7556   17.504883      3.0331
   17.517090         840   17.517090           0   17.517090    811.9178   17.517090      0.9689
   17.529297         830   17.529297           0   17.529297    810.0842   17.529297      0.6913
   17.541504         890   17.541504           0   17.541504    808.2548   17.541504      2.7401
   17.553711         865   17.553711           0   17.553711    806.4294   17.553711      1.9915
   17.565918         760   17.565918           0   17.565918    804.6082   17.565918     -1.6181
   17.578125         810   17.578125           5   17.578125    802.7911   17.578125      0.2533
   17.590332         805   17.590332           0   17.590332    800.9788   17.590332      0.1417
   17.602539         860   17.602539           0   17.602539    799.2658   17.602539      2.0710
   17.614746        1020   17.614746           0   17.614746    797.4608   17.614746      6.9680
   17.626953         860   17.626953           0   17.626953    795.6598   17.626953      2.1940
   17.639160         845   17.639160           0   17.639160    793.8629   17.639160      1.7592
   17.651367         845   17.651367           0   17.651367    792.0701   17.651367      1.8208
   17.663574         890   17.663574           0   17.663574    790.2813   17.663574      3.3426
   17.675781         810   17.675781           0   17.675781    788.4966   17.675781      0.7556
   17.687988         830   17.687988           0   17.687988    786.7159   17.687988      1.5024
   17.700196         785   17.700196           0   17.700196    784.9399   17.700196      0.0021
   17.712403         750   17.712403           0   17.712403    783.2631   17.712403     -1.2146
   17.724610         850   17.724610           0   17.724610    781.4942   17.724610      2.3497
   17.736817         770   17.736817           0   17.736817    779.7293   17.736817     -0.3506
   17.749024         815   17.749024           0   17.749024    777.9684   17.749024      1.2972
   17.761231         760   17.761231           0   17.761231    776.2115   17.761231     -0.5881
   17.773438         735   17.773438           0   17.773438    774.4585   17.773438     -1.4554
   17.785645         955   17.785645           0   17.785645    772.7095   17.785645      5.8988
   17.797852         840   17.797852           0   17.797852    770.9644   17.797852      2.3820
   17.810059         805   17.810059           0   17.810059    769.2233   17.810059      1.2610
   17.822266         710   17.822266           0   17.822266    767.4868   17.822266     -2.1574
   17.834473         715   17.834473           0   17.834473    765.8494   17.834473     -1.9017
   17.846680         775   17.846680           0   17.846680    764.1199   17.846680      0.3908
   17.858887         735   17.858887           0   17.858887    762.3942   17.858887     -1.0105
   17.871094         740   17.871094           0   17.871094    760.6725   17.871094     -0.7599
   17.883301         700   17.883301           0   17.883301    758.9546   17.883301     -2.2283
   17.895508         735   17.895508           0   17.895508    757.2406   17.895508     -0.8204
   17.907715         775   17.907715           0   17.907715    755.5305   17.907715      0.6994
   17.919922         870   17.919922           0   17.919922    753.8242   17.919922      3.9387
   17.932129         765   17.932129           0   17.932129    752.1218   17.932129      0.4656
   17.944336         820   17.944336           0   17.944336    750.4240   17.944336      2.4297
   17.956543         735   17.956543           0   17.956543    748.8251   17.956543     -0.5099
   17.968750         850   17.968750           0   17.968750    747.1340   17.968750      3.5283
   17.980957         795   17.980957           0   17.980957    745.4467   17.980957      1.7575
   17.993164         780   17.993164           0   17.993164    743.7632   17.993164      1.2975
   18.005371         740   18.005371           0   18.005371    742.0835   18.005371     -0.0766
   18.017578         750   18.017578           5   18.017578    740.4076   18.017578      0.3503
   18.029785         810   18.029785           0   18.029785    738.7355   18.029785      2.5040
   18.041992         800   18.041992           0   18.041992    737.0672   18.041992      2.2250
   18.054199         775   18.054199           0   18.054199    735.4026   18.054199      1.4224
   18.066406         740   18.066406           0   18.066406    733.7418   18.066406      0.2301
   18.078613         695   18.078613           0   18.078613    732.0848   18.078613     -1.4067
   18.090821         735   18.090821           0   18.090821    730.4315   18.090821      0.1685
   18.103028         880   18.103028           0   18.103028    728.7819   18.103028      5.0976
   18.115235         765   18.115235           0   18.115235    727.1361   18.115235      1.3690
   18.127442         745   18.127442           0   18.127442    725.4939   18.127442      0.7146
   18.139649         725   18.139649           0   18.139649    723.8555   18.139649      0.0425
   18.151856         750   18.151856           0   18.151856    722.2208   18.151856      1.0144
   18.164063         725   18.164063           5   18.164063    720.5897   18.164063      0.1638
   18.176270         725   18.176270           0   18.176270    718.9624   18.176270      0.2242
   18.188477         730   18.188477           0   18.188477    717.3387   18.188477      0.4686
   18.200684         740   18.200684           0   18.200684    715.7187   18.200684      0.8926
   18.212891         780   18.212891           5   18.212891    714.1024   18.212891      2.3595
   18.225098         720   18.225098           5   18.225098    712.4897   18.225098      0.2799
   18.237305         690   18.237305           0   18.237305    710.8806   18.237305     -0.7949
   18.249512         665   18.249512           0   18.249512    709.2752   18.249512     -1.7169
   18.261719         665   18.261719           0   18.261719    707.6734   18.261719     -1.6548
   18.273926         675   18.273926           0   18.273926    706.0752   18.273926     -1.1961
   18.286133         750   18.286133           0   18.286133    704.4807   18.286133      1.6621
   18.298340         765   18.298340           0   18.298340    702.8897   18.298340      2.2456
   18.310547         645   18.310547           0   18.310547    701.3023   18.310547     -2.2169
   18.322754         665   18.322754           0   18.322754    699.7185   18.322754     -1.3463
   18.334961         605   18.334961           0   18.334961    698.1383   18.334961     -3.7866
   18.347168         770   18.347168           0   18.347168    696.5617   18.347168      2.6465
   18.359375         600   18.359375           0   18.359375    694.9886   18.359375     -3.8779
   18.371582         655   18.371582           0   18.371582    693.4190   18.371582     -1.5012
   18.383789         640   18.383789           0   18.383789    691.8537   18.383789     -2.0497
   18.395996         685   18.395996           0   18.395996    690.3872   18.395996     -0.2058
   18.408203         755   18.408203           0   18.408203    688.8280   18.408203      2.4082
   18.420410         700   18.420410           0   18.420410    687.2724   18.420410      0.4811
   18.432617         885   18.432617           0   18.432617    685.7203   18.432617      6.6987
   18.444824         720   18.444824           0   18.444824    684.1717   18.444824      1.3352
   18.457031         765   18.457031           0   18.457031    682.6266   18.457031      2.9782
   18.469238         660   18.469238           0   18.469238    681.0850   18.469238     -0.8207
   18.481446         715   18.481446           0   18.481446    679.5468   18.481446      1.3259
   18.493653         730   18.493653           0   18.493653    678.0122   18.493653      1.9242
   18.505860         795   18.505860          10   18.505860    676.4810   18.505860      4.2034
   18.518067         640   18.518067           0   18.518067    674.9533   18.518067     -1.3816
   18.530274         585   18.530274           0   18.530274    673.4297   18.530274     -3.6561
   18.542481         700   18.542481           0   18.542481    672.0047   18.542481      1.0581
   18.554688         700   18.554688           0   18.554688    670.4870   18.554688      1.1155
   18.566895         685   18.566895           0   18.566895    668.9728   18.566895      0.6124
   18.579102         690   18.579102           0   18.579102    667.4628   18.579102      0.8580
   18.591309         710   18.591309           0   18.591309    666.0519   18.591309      1.6493
   18.603516         660   18.603516           0   18.603516    664.6436   18.603516     -0.1808
   18.615723         630   18.615723           0   18.615723    663.1426   18.615723     -1.3204
   18.627930         620   18.627930           0   18.627930    661.6450   18.627930     -1.6725
   18.640137         655   18.640137           0   18.640137    660.1508   18.640137     -0.2013
   18.652344         740   18.652344           0   18.652344    658.6599   18.652344      2.9901
   18.664551         710   18.664551           0   18.664551    657.1724   18.664551      1.9826
   18.676758         645   18.676758           0   18.676758    655.6883   18.676758     -0.4209
   18.688965         735   18.688965           0   18.688965    654.2075   18.688965      2.9801
   18.701172         695   18.701172           0   18.701172    652.7301   18.701172      1.6034
   18.713379         560   18.713379           0   18.713379    651.2560   18.713379     -3.8563
   18.725586         665   18.725586           0   18.725586    649.7852   18.725586      0.5900
   18.737793         785   18.737793           0   18.737793    648.3178   18.737793      4.8784
   18.750000         810   18.750000           0   18.750000    646.8536   18.750000      5.7324
   18.762207         720   18.762207           0   18.762207    645.3928   18.762207      2.7804
   18.774414         695   18.774414           0   18.774414    643.9353   18.774414      1.9370
   18.786621         610   18.786621           0   18.786621    642.4810   18.786621     -1.3151
   18.798828         500   18.798828           0   18.798828    641.0301   18.798828     -6.3071
   18.811035         650   18.811035           0   18.811035    639.5824   18.811035      0.4086
   18.823242         710   18.823242           0   18.823242    638.1380   18.823242      2.6969
   18.835449         680   18.835449           0   18.835449    636.6969   18.835449      1.6606
   18.847656         650   18.847656           0   18.847656    635.2590   18.847656      0.5782
   18.859864         690   18.859864           0   18.859864    633.8243   18.859864      2.1386
   18.872071         690   18.872071           0   18.872071    632.3943   18.872071      2.1930
   18.884278         685   18.884278           0   18.884278    631.1579   18.884278      2.0572
   18.896485         725   18.896485           5   18.896485    629.7325   18.896485      3.5381
   18.908692         665   18.908692           0   18.908692    628.3103   18.908692      1.4228
   18.920899         735   18.920899           0   18.920899    626.8914   18.920899      3.9876
   18.933106         650   18.933106           0   18.933106    625.4756   18.933106      0.9619
   18.945313         720   18.945313           0   18.945313    624.0631   18.945313      3.5754
   18.957520         700   18.957520           0   18.957520    622.6537   18.957520      2.9234
   18.969727         795   18.969727           0   18.969727    621.2476   18.969727      6.1624
   18.981934         690   18.981934           0   18.981934    619.8446   18.981934      2.6708
   18.994141         685   18.994141           0   18.994141    618.4447   18.994141      2.5429
   19.006348         715   19.006348           0   19.006348    617.0481   19.006348      3.6632
   19.018555         540   19.018555           0   19.018555    615.6545   19.018555     -3.2557
   19.030762         595   19.030762           0   19.030762    614.2642   19.030762     -0.7898
   19.042969         610   19.042969           0   19.042969    612.8770   19.042969     -0.1165
   19.055176         655   19.055176           0   19.055176    611.4929   19.055176      1.7000
   19.067383         635   19.067383           0   19.067383    610.1119   19.067383      0.9877
   19.079590         630   19.079590           0   19.079590    608.7340   19.079590      0.8473
   19.091797         575   19.091797           0   19.091797    607.3593   19.091797     -1.3495
   19.104004         660   19.104004           5   19.104004    605.9877   19.104004      2.1024
   19.116211         685   19.116211           0   19.116211    604.6191   19.116211      3.0712
   19.128418         690   19.128418           0   19.128418    603.2537   19.128418      3.3024
   19.140625         625   19.140625           0   19.140625    601.8913   19.140625      0.9243
   19.152832         670   19.152832           0   19.152832    600.5320   19.152832      2.6838
   19.165039         580   19.165039           0   19.165039    599.1758   19.165039     -0.7962
   19.177246         560   19.177246           0   19.177246    597.8227   19.177246     -1.5983
   19.189453         595   19.189453           0   19.189453    596.4726   19.189453     -0.0604
   19.201660         635   19.201660           0   19.201660    595.1255   19.201660      1.5824
   19.213867         570   19.213867           0   19.213867    593.7815   19.213867     -0.9961
   19.226074         650   19.226074           0   19.226074    592.4406   19.226074      2.2577
   19.238281         680   19.238281           0   19.238281    591.1026   19.238281      3.4091
   19.250489         605   19.250489           5   19.250489    589.7677   19.250489      0.6193
   19.262696         670   19.262696           0   19.262696    588.4365   19.262696      3.1511
   19.274903         650   19.274903           0   19.274903    587.2034   19.274903      2.4631
   19.287110         550   19.287110           5   19.287110    585.8773   19.287110     -1.5298
   19.299317         545   19.299317           0   19.299317    584.5542   19.299317     -1.6943
   19.311524         575   19.311524           0   19.311524    583.2341   19.311524     -0.3434
   19.323731         635   19.323731           0   19.323731    581.9169   19.323731      2.1065
   19.335938         580   19.335938           0   19.335938    580.6027   19.335938     -0.0250
   19.348145         620   19.348145           0   19.348145    579.2915   19.348145      1.6349
   19.360352         605   19.360352           0   19.360352    577.9833   19.360352      1.0984
   19.372559         660   19.372559           0   19.372559    576.6780   19.372559      3.2433
   19.384766         615   19.384766           0   19.384766    575.3757   19.384766      1.5978
   19.396973         605   19.396973           0   19.396973    574.0763   19.396973      1.2572
   19.409180         565   19.409180           0   19.409180    572.7798   19.409180     -0.3273
   19.421387         675   19.421387           0   19.421387    571.4862   19.421387      3.9842
   19.433594         670   19.433594           0   19.433594    570.1956   19.433594      3.8558
   19.445801         510   19.445801           0   19.445801    568.9079   19.445801     -2.6085
   19.458008         605   19.458008           0   19.458008    567.6231   19.458008      1.5196
   19.470215         585   19.470215           0   19.470215    566.3419   19.470215      0.7714
   19.482422         570   19.482422           0   19.482422    565.1588   19.482422      0.2028
   19.494629         585   19.494629           0   19.494629    563.8824   19.494629      0.8731
   19.506836         620   19.506836           0   19.506836    562.6090   19.506836      2.3049
   19.519043         585   19.519043           0   19.519043    561.3384   19.519043      0.9783
   19.531250         650   19.531250           0   19.531250    560.0707   19.531250      3.5273
   19.543457         565   19.543457           0   19.543457    558.8059   19.543457      0.2606
   19.555664         615   19.555664           5   19.555664    557.5439   19.555664      2.3169
   19.567871         560   19.567871           0   19.567871    556.2848   19.567871      0.1570
   19.580078         605   19.580078           0   19.580078    555.0285   19.580078      2.0316
   19.592285         640   19.592285           0   19.592285    553.7750   19.592285      3.4083
   19.604492         760   19.604492           0   19.604492    552.5244   19.604492      7.5259
   19.616699         570   19.616699           0   19.616699    551.2773   19.616699      0.7842
   19.628906         580   19.628906           5   19.628906    550.1282   19.628906      1.2404
   19.641114         555   19.641114           0   19.641114    548.8858   19.641114      0.2595
   19.653321         650   19.653321           0   19.653321    547.6469   19.653321      4.0146
   19.665528         565   19.665528           0   19.665528    546.5060   19.665528      0.7780
   19.677735         560   19.677735           0   19.677735    545.2718   19.677735      0.6224
   19.689942         630   19.689942           0   19.689942    544.0404   19.689942      3.4247
   19.702149         720   19.702149           0   19.702149    542.8117   19.702149      6.6034
   19.714356         610   19.714356           0   19.714356    541.5859   19.714356      2.7700
   19.726563         540   19.726563           0   19.726563    540.3628   19.726563     -0.0156
   19.738770         635   19.738770           0   19.738770    539.1424   19.738770      3.8040
   19.750977         535   19.750977           0   19.750977    537.9249   19.750977     -0.1265
   19.763184         500   19.763184           5   19.763184    536.7100   19.763184     -1.6417
   19.775391         630   19.775391           0   19.775391    535.4979   19.775391      3.7651
   19.787598         475   19.787598           0   19.787598    534.2886   19.787598     -2.7203
   19.799805         620   19.799805           0   19.799805    533.0820   19.799805      3.4907
   19.812012         575   19.812012           0   19.812012    531.8781   19.812012      1.7983
   19.824219         625   19.824219           0   19.824219    530.6769   19.824219      3.7729
   19.836426         590   19.836426           0   19.836426    529.4785   19.836426      2.4916
   19.848633         615   19.848633           0   19.848633    528.2827   19.848633      3.4968
   19.860840         550   19.860840           0   19.860840    527.0897   19.860840      0.9769
   19.873047         480   19.873047           0   19.873047    525.8993   19.873047     -2.0950
   19.885254         600   19.885254           0   19.885254    524.7116   19.885254      3.0736
   19.897461         605   19.897461           0   19.897461    523.5267   19.897461      3.3124
   19.909668         515   19.909668           0   19.909668    522.3443   19.909668     -0.3236
   19.921875         565   19.921875           0   19.921875    521.1654   19.921875      1.8441
   19.934082         520   19.934082           0   19.934082    520.0843   19.934082     -0.0037
   19.946289         605   19.946289           0   19.946289    518.9097   19.946289      3.5001
   19.958496         545   19.958496           0   19.958496    517.7379   19.958496      1.1678
   19.970703         590   19.970703           0   19.970703    516.5686   19.970703      3.0231
   19.982910         455   19.982910           0   19.982910    515.4020   19.982910     -2.8317
   19.995117         605   19.995117           0   19.995117    514.2388   19.995117      3.6900
   20.007324         440   20.007324           0   20.007324    513.1733   20.007324     -3.4884
   20.019531         540   20.019531           0   20.019531    512.0143   20.019531      1.2043
   20.031739         580   20.031739           0   20.031739    510.8580   20.031739      2.8710
   20.043946         550   20.043946           0   20.043946    509.7043   20.043946      1.7182
   20.056153         485   20.056153           0   20.056153    508.5532   20.056153     -1.0695
   20.068360         490   20.068360           0   20.068360    507.4048   20.068360     -0.7863
   20.080567         500   20.080567           0   20.080567    506.2589   20.080567     -0.2799
   20.092774         505   20.092774           0   20.092774    505.1155   20.092774     -0.0051
   20.104981         530   20.104981           0   20.104981    503.9748   20.104981      1.1305
   20.117188         495   20.117188           0   20.117188    502.8367   20.117188     -0.3522
   20.129395         530   20.129395           0   20.129395    501.7018   20.129395      1.2292
   20.141602         520   20.141602           0   20.141602    500.6646   20.141602      0.8479
   20.153809         515   20.153809           0   20.153809    499.5339   20.153809      0.6815
   20.166016         505   20.166016           0   20.166016    498.4058   20.166016      0.2934
   20.178223         520   20.178223           0   20.178223    497.2802   20.178223      0.9963
   20.190430         510   20.190430           0   20.190430    496.1572   20.190430      0.6130
   20.202637         505   20.202637           0   20.202637    495.0367   20.202637      0.4434
   20.214844         485   20.214844           0   20.214844    493.9187   20.214844     -0.4050
   20.227051         440   20.227051           0   20.227051    492.8033   20.227051     -2.5173
   20.239258         535   20.239258           0   20.239258    491.6903   20.239258      1.8724
   20.251465         605   20.251465           0   20.251465    490.5799   20.251465      4.6518
   20.263672         550   20.263672           0   20.263672    489.4720   20.263672      2.5809
   20.275879         500   20.275879           0   20.275879    488.3666   20.275879      0.5203
   20.288086         505   20.288086           0   20.288086    487.2637   20.288086      0.7893
   20.300293         560   20.300293           0   20.300293    486.1633   20.300293      3.1202
   20.312500         580   20.312500           0   20.312500    485.0654   20.312500      3.9419
   20.324707         430   20.324707           0   20.324707    483.9699   20.324707     -2.6027
   20.336914         515   20.336914           0   20.336914    482.8769   20.336914      1.4155
   20.349121         525   20.349121           0   20.349121    481.7864   20.349121      1.8860
   20.361328         605   20.361328           0   20.361328    480.6984   20.361328      5.0536
   20.373535         480   20.373535           0   20.373535    479.6128   20.373535      0.0177
   20.385742         470   20.385742           0   20.385742    478.5297   20.385742     -0.3934
   20.397949         425   20.397949           0   20.397949    477.4490   20.397949     -2.5441
   20.410156         535   20.410156           0   20.410156    476.3707   20.410156      2.5348
   20.422364         570   20.422364           0   20.422364    475.2949   20.422364      3.9668
   20.434571         505   20.434571           0   20.434571    474.2215   20.434571      1.3696
   20.446778         475   20.446778           0   20.446778    473.1506   20.446778      0.0849
   20.458985         445   20.458985           0   20.458985    472.0820   20.458985     -1.2838
   20.471192         555   20.471192           0   20.471192    471.0159   20.471192      3.5649
   20.483399         545   20.483399           0   20.483399    469.9522   20.483399      3.2147
   20.495606         460   20.495606           5   20.495606    468.8909   20.495606     -0.4145
   20.507813         415   20.507813           0   20.507813    467.8319   20.507813     -2.5934
   20.520020         400   20.520020           0   20.520020    466.7754   20.520020     -3.3388
   20.532227         450   20.532227           0   20.532227    465.7213   20.532227     -0.7411
   20.544434         435   20.544434           0   20.544434    464.6695   20.544434     -1.4225
   20.556641         505   20.556641           0   20.556641    463.6201   20.556641      1.8414
   20.568848         420   20.568848           0   20.568848    462.5731   20.568848     -2.0774
   20.581055         520   20.581055           0   20.581055    461.5284   20.581055      2.5641
   20.593262         570   20.593262           0   20.593262    460.4861   20.593262      4.5870
   20.605469         520   20.605469           0   20.605469    459.4462   20.605469      2.6555
   20.617676         500   20.617676           0   20.617676    458.4086   20.617676      1.8600
   20.629883         565   20.629883           0   20.629883    457.3733   20.629883      4.5279
   20.642090         530   20.642090           0   20.642090    456.3404   20.642090      3.1996
   20.654297         415   20.654297           0   20.654297    455.3099   20.654297     -1.9787
   20.666504         425   20.666504           0   20.666504    454.2816   20.666504     -1.4204
   20.678711         470   20.678711           0   20.678711    453.2557   20.678711      0.7724
   20.690918         450   20.690918           0   20.690918    452.2321   20.690918     -0.1052
   20.703125         460   20.703125           0   20.703125    451.2108   20.703125      0.4098
   20.715332         420   20.715332           0   20.715332    450.1918   20.715332     -1.4732
   20.727539         525   20.727539           0   20.727539    449.1751   20.727539      3.3093
   20.739746         455   20.739746           0   20.739746    448.1607   20.739746      0.3206
   20.751953         435   20.751953           0   20.751953    447.1486   20.751953     -0.5825
   20.764160         435   20.764160           0   20.764160    446.1387   20.764160     -0.5341
   20.776367         470   20.776367           0   20.776367    445.1312   20.776367      1.1471
   20.788574         550   20.788574           5   20.788574    444.1259   20.788574      4.5145
   20.800781         425   20.800781           0   20.800781    443.1229   20.800781     -0.8791
   20.812989         460   20.812989           0   20.812989    442.1222   20.812989      0.8336
   20.825196         420   20.825196           0   20.825196    441.1238   20.825196     -1.0307
   20.837403         505   20.837403           0   20.837403    440.1275   20.837403      2.8868
   20.849610         505   20.849610           0   20.849610    439.1336   20.849610      2.9310
   20.861817         425   20.861817           0   20.861817    438.1425   20.861817     -0.6375
   20.874024         465   20.874024           0   20.874024    437.2489   20.874024      1.2869
   20.886231         480   20.886231           0   20.886231    436.2615   20.886231      1.9964
   20.898438         375   20.898438           0   20.898438    435.2762   20.898438     -3.1127
   20.910645         420   20.910645           0   20.910645    434.2932   20.910645     -0.6974
   20.922852         505   20.922852           0   20.922852    433.3124   20.922852      3.1901
   20.935059         405   20.935059           0   20.935059    432.3338   20.935059     -1.3582
   20.947266         470   20.947266           0   20.947266    431.3575   20.947266      1.7824
   20.959473         435   20.959473           0   20.959473    430.3833   20.959473      0.2214
   20.971680         495   20.971680           0   20.971680    429.4114   20.971680      2.9480
   20.983887         480   20.983887           0   20.983887    428.4416   20.983887      2.3533
   20.996094         360   20.996094           0   20.996094    427.4740   20.996094     -3.5562
   21.008301         435   21.008301           0   21.008301    426.5086   21.008301      0.4071
   21.020508         490   21.020508           0   21.020508    425.5454   21.020508      2.9118
   21.032715         445   21.032715           0   21.032715    424.5844   21.032715      0.9678
   21.044922         475   21.044922           0   21.044922    423.6255   21.044922      2.3572
   21.057129         440   21.057129           0   21.057129    422.6688   21.057129      0.8262
   21.069336         460   21.069336           0   21.069336    421.7143   21.069336      1.7851
   21.081543         460   21.081543           0   21.081543    420.7619   21.081543      1.8295
   21.093750         420   21.093750           0   21.093750    419.8117   21.093750      0.0092
   21.105957         385   21.105957           0   21.105957    418.8636   21.105957     -1.7258
   21.118164         470   21.118164           0   21.118164    417.9177   21.118164      2.4024
   21.130371         400   21.130371           0   21.130371    416.9739   21.130371     -0.8487
   21.142578         485   21.142578           0   21.142578    416.0322   21.142578      3.1317
   21.154785         365   21.154785           0   21.154785    415.0933   21.154785     -2.6220
   21.166992         435   21.166992           0   21.166992    414.2518   21.166992      0.9948
   21.179199         485   21.179199           0   21.179199    413.3162   21.179199      3.2550
   21.191406         460   21.191406           0   21.191406    412.3828   21.191406      2.2202
   21.203614         425   21.203614           0   21.203614    411.4515   21.203614      0.6572
   21.215821         485   21.215821           0   21.215821    410.5223   21.215821      3.3819
   21.228028         420   21.228028           0   21.228028    409.5952   21.228028      0.5077
   21.240235         465   21.240235           0   21.240235    408.6702   21.240235      2.6122
   21.252442         415   21.252442           0   21.252442    407.7473   21.252442      0.3560
   21.264649         440   21.264649           0   21.264649    406.8264   21.264649      1.5815
   21.276856         475   21.276856           0   21.276856    405.9077   21.276856      3.1702
   21.289063         520   21.289063           0   21.289063    404.9910   21.289063      5.0435
   21.301270         380   21.301270           0   21.301270    404.0764   21.301270     -1.2351
   21.313477         455   21.313477           0   21.313477    403.1638   21.313477      2.4301
   21.325684         475   21.325684           0   21.325684    402.2533   21.325684      3.3378
   21.337891         440   21.337891           0   21.337891    401.3449   21.337891      1.8428
   21.350098         395   21.350098           0   21.350098    400.4385   21.350098     -0.2736
   21.362305         355   21.362305           0   21.362305    399.5342   21.362305     -2.3636
   21.374512         405   21.374512           0   21.374512    398.6319   21.374512      0.3164
   21.386719         375   21.386719           0   21.386719    397.7316   21.386719     -1.1739
   21.398926         470   21.398926           0   21.398926    396.8334   21.398926      3.3749
   21.411133         390   21.411133           0   21.411133    395.9372   21.411133     -0.3006
   21.423340         385   21.423340           0   21.423340    395.0431   21.423340     -0.5118
   21.435547         445   21.435547           0   21.435547    394.1509   21.435547      2.4105
   21.447754         375   21.447754           0   21.447754    393.2608   21.447754     -0.9430
   21.459961         340   21.459961           0   21.459961    392.3727   21.459961     -2.8403
   21.472168         445   21.472168           0   21.472168    391.4865   21.472168      2.5368
   21.484375         375   21.484375           5   21.484375    390.6024   21.484375     -0.8057
   21.496582         445   21.496582           0   21.496582    389.7203   21.496582      2.6205
   21.508789         410   21.508789           0   21.508789    388.8402   21.508789      1.0450
   21.520996         380   21.520996           0   21.520996    387.9620   21.520996     -0.4084
   21.533203         520   21.533203           0   21.533203    387.0859   21.533203      5.8287
   21.545410         410   21.545410           0   21.545410    386.2117   21.545410      1.1748
   21.557617         355   21.557617           0   21.557617    385.3395   21.557617     -1.6103
   21.569824         385   21.569824           0   21.569824    384.4693   21.569824      0.0270
   21.582032         350   21.582032           0   21.582032    383.6010   21.582032     -1.7960
   21.594239         375   21.594239           0   21.594239    382.7347   21.594239     -0.3994
   21.606446         425   21.606446           0   21.606446    381.8703   21.606446      2.0921
   21.618653         395   21.618653           0   21.618653    381.0079   21.618653      0.7040
   21.630860         405   21.630860           0   21.630860    380.1475   21.630860      1.2349
   21.643067         365   21.643067           0   21.643067    379.2890   21.643067     -0.7479
   21.655274         465   21.655274           0   21.655274    378.4324   21.655274      4.0145
   21.667481         375   21.667481           0   21.667481    377.5778   21.667481     -0.1331
   21.679688         350   21.679688           5   21.679688    376.7251   21.679688     -1.4285
   21.691895         350   21.691895           0   21.691895    375.8743   21.691895     -1.3830
   21.704102         370   21.704102           0   21.704102    375.0254   21.704102     -0.2613
   21.716309         385   21.716309           0   21.716309    374.1785   21.716309      0.5515
   21.728516         495   21.728516           0   21.728516    373.3335   21.728516      5.4685
   21.740723         515   21.740723           0   21.740723    372.4903   21.740723      6.2797
   21.752930         430   21.752930           0   21.752930    371.6491   21.752930      2.8139
   21.765137         340   21.765137           0   21.765137    370.8098   21.765137     -1.6709
   21.777344         395   21.777344           0   21.777344    369.9724   21.777344      1.2593
   21.789551         340   21.789551           0   21.789551    369.1369   21.789551     -1.5802
   21.801758         460   21.801758           0   21.801758    368.3032   21.801758      4.2754
   21.813965         425   21.813965           0   21.813965    367.4715   21.813965      2.7905
   21.826172         335   21.826172           0   21.826172    366.6416   21.826172     -1.7288
   21.838379         350   21.838379           0   21.838379    365.8136   21.838379     -0.8453
   21.850586         375   21.850586           5   21.850586    364.9881   21.850586      0.5170
   21.862793         420   21.862793           0   21.862793    364.2597   21.862793      2.7198
   21.875000         405   21.875000           5   21.875000    363.4371   21.875000      2.0653
   21.887207         390   21.887207           0   21.887207    362.6163   21.887207      1.3866
   21.899414         350   21.899414           0   21.899414    361.7974   21.899414     -0.6306
   21.911621         385   21.911621           5   21.911621    360.9803   21.911621      1.2242
   21.923828         355   21.923828           0   21.923828    360.1651   21.923828     -0.2741
   21.936035         450   21.936035           0   21.936035    359.3517   21.936035      4.2732
   21.948242         345   21.948242           0   21.948242    358.5402   21.948242     -0.7290
   21.960449         420   21.960449           0   21.960449    357.7305   21.960449      3.0384
   21.972657         380   21.972657           0   21.972657    356.9226   21.972657      1.1838
   21.984864         345   21.984864           0   21.984864    356.1165   21.984864     -0.5985
   21.997071         360   21.997071           0   21.997071    355.3123   21.997071      0.2471
   22.009278         345   22.009278           0   22.009278    354.5099   22.009278     -0.5120
   22.021485         315   22.021485           0   22.021485    353.7093   22.021485     -2.1810
   22.033692         320   22.033692           0   22.033692    352.9105   22.033692     -1.8398
   22.045899         365   22.045899           0   22.045899    352.1141   22.045899      0.6745
   22.058106         340   22.058106           0   22.058106    351.4148   22.058106     -0.6191
   22.070313         420   22.070313           0   22.070313    350.6212   22.070313      3.3853
   22.082520         325   22.082520           0   22.082520    349.8294   22.082520     -1.3773
   22.094727         360   22.094727           0   22.094727    349.0393   22.094727      0.5777
   22.106934         350   22.106934           0   22.106934    348.2511   22.106934      0.0935
   22.119141         330   22.119141           0   22.119141    347.4646   22.119141     -0.9614
   22.131348         350   22.131348           0   22.131348    346.6799   22.131348      0.1775
   22.143555         315   22.143555           0   22.143555    345.8970   22.143555     -1.7408
   22.155762         370   22.155762           0   22.155762    345.1158   22.155762      1.2937
   22.167969         315   22.167969           0   22.167969    344.3364   22.167969     -1.6529
   22.180176         275   22.180176           0   22.180176    343.5588   22.180176     -4.1342
   22.192383         385   22.192383           0   22.192383    342.7829   22.192383      2.1516
   22.204590         390   22.204590           0   22.204590    342.0088   22.204590      2.4301
   22.216797         325   22.216797           0   22.216797    341.2371   22.216797     -0.9007
   22.229004         320   22.229004           0   22.229004    340.5623   22.229004     -1.1495
   22.241211         415   22.241211           0   22.241211    339.7939   22.241211      3.6917
   22.253418         325   22.253418           0   22.253418    339.1224   22.253418     -0.7834
   22.265625         360   22.265625           5   22.265625    338.3565   22.265625      1.1407
   22.277832         355   22.277832           0   22.277832    337.5931   22.277832      0.9239
   22.290039         350   22.290039           0   22.290039    336.9265   22.290039      0.6988
   22.302246         370   22.302246           0   22.302246    336.1656   22.302246      1.7590
   22.314453         335   22.314453           0   22.314453    335.4064   22.314453     -0.0222
   22.326660         320   22.326660           0   22.326660    334.6490   22.326660     -0.8189
   22.338867         425   22.338867           0   22.338867    333.8932   22.338867      4.4193
   22.351074         330   22.351074           0   22.351074    333.1392   22.351074     -0.1728
   22.363282         330   22.363282           0   22.363282    332.3868   22.363282     -0.1314
   22.375489         375   22.375489           5   22.375489    331.6362   22.375489      2.2393
   22.387696         330   22.387696           0   22.387696    330.8872   22.387696     -0.0488
   22.399903         315   22.399903           5   22.399903    330.1400   22.399903     -0.8530
   22.412110         405   22.412110           0   22.412110    329.3944   22.412110      3.7569
   22.424317         380   22.424317           0   22.424317    328.6505   22.424317      2.6342
   22.436524         325   22.436524           0   22.436524    327.9083   22.436524     -0.1613
   22.448731         350   22.448731           0   22.448731    327.1677   22.448731      1.2204
   22.460938         330   22.460938           0   22.460938    326.4289   22.460938      0.1966
   22.473145         265   22.473145           5   22.473145    325.6917   22.473145     -3.7283
   22.485352         325   22.485352           0   22.485352    324.9562   22.485352      0.0024
   22.497559         330   22.497559           0   22.497559    324.2223   22.497559      0.3181
   22.509766         370   22.509766           0   22.509766    323.4901   22.509766      2.4179
   22.521973         365   22.521973           0   22.521973    322.7595   22.521973      2.2110
   22.534180         350   22.534180           0   22.534180    322.0306   22.534180      1.4950
   22.546387         345   22.546387           0   22.546387    321.3034   22.546387      1.2758
   22.558594         285   22.558594           0   22.558594    320.5778   22.558594     -2.1074
   22.570801         420   22.570801           0   22.570801    319.8538   22.570801      4.8866
   22.583008         350   22.583008           0   22.583008    319.1314   22.583008      1.6500
   22.595215         365   22.595215           0   22.595215    318.4107   22.595215      2.4386
   22.607422         355   22.607422           0   22.607422    317.6916   22.607422      1.9801
   22.619629         380   22.619629           0   22.619629    316.9742   22.619629      3.2332
   22.631836         370   22.631836           0   22.631836    316.2590   22.631836      2.7939
   22.644043         265   22.644043           0   22.644043    315.6407   22.644043     -3.1108
   22.656250         400   22.656250           0   22.656250    314.9278   22.656250      4.2536
   22.668457         335   22.668457           0   22.668457    314.2166   22.668457      1.1355
   22.680664         325   22.680664           0   22.680664    313.5070   22.680664      0.6375
   22.692871         300   22.692871           0   22.692871    312.7990   22.692871     -0.7389
   22.705078         335   22.705078           0   22.705078    312.0926   22.705078      1.2516
   22.717285         360   22.717285           5   22.717285    311.3878   22.717285      2.5621
   22.729492         310   22.729492           0   22.729492    310.6845   22.729492     -0.0389
   22.741699         385   22.741699           5   22.741699    309.9836   22.741699      3.8232
   22.753907         380   22.753907           0   22.753907    309.3794   22.753907      3.6228
   22.766114         270   22.766114           0   22.766114    308.6814   22.766114     -2.3541
   22.778321         370   22.778321           0   22.778321    308.0801   22.778321      3.2191
   22.790528         315   22.790528           0   22.790528    307.3844   22.790528      0.4291
   22.802735         380   22.802735           0   22.802735    306.6902   22.802735      3.7607
   22.814942         330   22.814942           0   22.814942    305.9976   22.814942      1.3213
   22.827149         285   22.827149           0   22.827149    305.3065   22.827149     -1.2029
   22.839356         280   22.839356           0   22.839356    304.6177   22.839356     -1.4712
   22.851563         375   22.851563           0   22.851563    304.0256   22.851563      3.6651
   22.863770         345   22.863770           0   22.863770    303.3390   22.863770      2.2430
   22.875977         270   22.875977           0   22.875977    302.6540   22.875977     -1.9873
   22.888184         285   22.888184           0   22.888184    301.9705   22.888184     -1.0052
   22.900391         320   22.900391           0   22.900391    301.2885   22.900391      1.0460
   22.912598         250   22.912598           0   22.912598    300.6081   22.912598     -3.2007
   22.924805         355   22.924805           0   22.924805    299.9292   22.924805      2.9229
   22.937012         325   22.937012           0   22.937012    299.2519   22.937012      1.4282
   22.949219         320   22.949219           0   22.949219    298.5761   22.949219      1.1976
   22.961426         300   22.961426           0   22.961426    297.9018   22.961426      0.1211
   22.973633         300   22.973633           0   22.973633    297.2290   22.973633      0.1600
   22.985840         315   22.985840           0   22.985840    296.5578   22.985840      1.0391
   22.998047         290   22.998047           0   22.998047    295.8880   22.998047     -0.3458
   23.010254         270   23.010254           0   23.010254    295.2198   23.010254     -1.5348
   23.022461         375   23.022461           0   23.022461    294.5531   23.022461      4.1543
   23.034668         320   23.034668           0   23.034668    293.8879   23.034668      1.4597
   23.046875         370   23.046875           0   23.046875    293.2242   23.046875      3.9914
   23.059082         300   23.059082           0   23.059082    292.5620   23.059082      0.4294
   23.071289         360   23.071289           0   23.071289    291.9013   23.071289      3.5891
   23.083496         295   23.083496           0   23.083496    291.2428   23.083496      0.2188
   23.095703         335   23.095703           0   23.095703    290.6809   23.095703      2.4214
   23.107910         320   23.107910           0   23.107910    290.0251   23.107910      1.6756
   23.120117         285   23.120117           0   23.120117    289.4660   23.120117     -0.2645
   23.132324         285   23.132324           0   23.132324    288.8123   23.132324     -0.2258
   23.144532         235   23.144532           0   23.144532    288.1600   23.144532     -3.4678
   23.156739         295   23.156739           0   23.156739    287.5093   23.156739      0.4361
   23.168946         345   23.168946           0   23.168946    286.8600   23.168946      3.1302
   23.181153         325   23.181153           0   23.181153    286.2121   23.181153      2.1516
   23.193360         305   23.193360           0   23.193360    285.5658   23.193360      1.1128
   23.205567         255   23.205567           0   23.205567    284.9209   23.205567     -1.8737
   23.217774         270   23.217774           0   23.217774    284.2774   23.217774     -0.8689
   23.229981         380   23.229981           0   23.229981    283.6354   23.229981      4.9434
   23.242188         365   23.242188           5   23.242188    282.9949   23.242188      4.2923
   23.254395         310   23.254395           0   23.254395    282.3557   23.254395      1.5701
   23.266602         345   23.266602           0   23.266602    281.7181   23.266602      3.4070
   23.278809         260   23.278809           0   23.278809    281.0819   23.278809     -1.3074
   23.291016         295   23.291016           0   23.291016    280.4471   23.291016      0.8473
   23.303223         295   23.303223           0   23.303223    279.8137   23.303223      0.8842
   23.315430         335   23.315430           0   23.315430    279.1818   23.315430      3.0497
   23.327637         325   23.327637           0   23.327637    278.5513   23.327637      2.5765
   23.339844         260   23.339844           0   23.339844    277.9223   23.339844     -1.1115
   23.352051         350   23.352051           0   23.352051    277.2946   23.352051      3.8863
   23.364258         305   23.364258           0   23.364258    276.6684   23.364258      1.6223
   23.376465         300   23.376465           0   23.376465    276.0436   23.376465      1.3831
   23.388672         295   23.388672           0   23.388672    275.4202   23.388672      1.1400
   23.400879         290   23.400879           0   23.400879    274.7982   23.400879      0.8927
   23.413086         335   23.413086           0   23.413086    274.1776   23.413086      3.3231
   23.425293         220   23.425293           0   23.425293    273.5584   23.425293     -3.6109
   23.437500         250   23.437500           0   23.437500    272.9406   23.437500     -1.4509
   23.449707         310   23.449707           0   23.449707    272.3242   23.449707      2.1398
   23.461914         285   23.461914           0   23.461914    271.7092   23.461914      0.7873
   23.474121         320   23.474121           0   23.474121    271.0956   23.474121      2.7338
   23.486328         305   23.486328           0   23.486328    270.4833   23.486328      1.9764
   23.498535         300   23.498535           0   23.498535    269.8725   23.498535      1.7394
   23.510742         280   23.510742           0   23.510742    269.2630   23.510742      0.6417
   23.522949         320   23.522949           5   23.522949    268.6549   23.522949      2.8703
   23.535157         235   23.535157           0   23.535157    268.0482   23.535157     -2.1558
   23.547364         305   23.547364           0   23.547364    267.4429   23.547364      2.1505
   23.559571         270   23.559571           0   23.559571    266.8389   23.559571      0.1924
   23.571778         255   23.571778           0   23.571778    266.2363   23.571778     -0.7036
   23.583985         300   23.583985           0   23.583985    265.6350   23.583985      1.9841
   23.596192         275   23.596192           0   23.596192    265.0351   23.596192      0.6009
   23.608399         325   23.608399           0   23.608399    264.4373   23.608399      3.3594
   23.620606         270   23.620606           0   23.620606    263.9359   23.620606      0.3690
   23.632813         315   23.632813           0   23.632813    263.3399   23.632813      2.9107
   23.645020         260   23.645020           0   23.645020    262.7451   23.645020     -0.1702
   23.657227         365   23.657227           0   23.657227    262.1518   23.657227      5.3833
   23.669434         380   23.669434           0   23.669434    261.5597   23.669434      6.0759
   23.681641         355   23.681641           0   23.681641    260.9690   23.681641      4.9906
   23.693848         245   23.693848           0   23.693848    260.3797   23.693848     -0.9826
   23.706055         285   23.706055           0   23.706055    259.7917   23.706055      1.4932
   23.718262         290   23.718262           0   23.718262    259.2050   23.718262      1.8083
   23.730469         335   23.730469           0   23.730469    258.6196   23.730469      4.1731
   23.742676         220   23.742676           0   23.742676    258.0355   23.742676     -2.5644
   23.754883         285   23.754883           0   23.754883    257.4528   23.754883      1.6318
   23.767090         255   23.767090           0   23.767090    256.8714   23.767090     -0.1172
   23.779297         285   23.779297           0   23.779297    256.2913   23.779297      1.7006
   23.791504         230   23.791504           0   23.791504    255.7125   23.791504     -1.6954
   23.803711         240   23.803711           0   23.803711    255.1350   23.803711     -0.9770
   23.815918         280   23.815918           0   23.815918    254.5588   23.815918      1.5204
   23.828125         265   23.828125           0   23.828125    253.9839   23.828125      0.6767
   23.840332         240   23.840332           0   23.840332    253.4103   23.840332     -0.8656
   23.852539         355   23.852539           0   23.852539    252.8380   23.852539      5.4222
   23.864746         290   23.864746           0   23.864746    252.2670   23.864746      2.2158
   23.876953         330   23.876953           0   23.876953    251.6973   23.876953      4.3104
   23.889160         245   23.889160           0   23.889160    251.1296   23.889160     -0.3916
   23.901367         275   23.901367           0   23.901367    250.6583   23.901367      1.4679
   23.913574         280   23.913574           0   23.913574    250.0922   23.913574      1.7873
   23.925782         300   23.925782           0   23.925782    249.5274   23.925782      2.9140
   23.937989         305   23.937989           0   23.937989    248.9639   23.937989      3.2086
   23.950196         290   23.950196           0   23.950196    248.4017   23.950196      2.4427
   23.962403         275   23.962403           0   23.962403    247.8407   23.962403      1.6378
   23.974610         305   23.974610           0   23.974610    247.2810   23.974610      3.3050
   23.986817         275   23.986817           0   23.986817    246.7225   23.986817      1.7052
   23.999024         260   23.999024           0   23.999024    246.1653   23.999024      0.8580
   24.011231         285   24.011231           0   24.011231    245.6094   24.011231      2.3333
   24.023438         235   24.023438           0   24.023438    245.0547   24.023438     -0.6559
   24.035645         295   24.035645           0   24.035645    244.5013   24.035645      2.9401
   24.047852         215   24.047852           0   24.047852    243.9491   24.047852     -1.9743
   24.060059         340   24.060059           0   24.060059    243.3982   24.060059      5.2390
   24.072266         295   24.072266           0   24.072266    242.8485   24.072266      3.0364
   24.084473         320   24.084473           0   24.084473    242.3001   24.084473      4.3436
   24.096680         260   24.096680           0   24.096680    241.7529   24.096680      1.1316
   24.108887         280   24.108887           0   24.108887    241.2069   24.108887      2.3183
   24.121094         295   24.121094           5   24.121094    240.6622   24.121094      3.1637
   24.133301         250   24.133301           0   24.133301    240.1187   24.133301      0.6249
   24.145508         245   24.145508           0   24.145508    239.5764   24.145508      0.3465
   24.157715         150   24.157715           0   24.157715    239.0354   24.157715     -7.2697
   24.169922         315   24.169922           0   24.169922    238.4955   24.169922      4.3105
   24.182129         275   24.182129           5   24.182129    237.9569   24.182129      2.2338
   24.194336         255   24.194336           0   24.194336    237.4196   24.194336      1.1009
   24.206543         240   24.206543           0   24.206543    236.8834   24.206543      0.2012
   24.218750         250   24.218750           5   24.218750    236.3484   24.218750      0.8634
   24.230957         225   24.230957           0   24.230957    235.8146   24.230957     -0.7210
   24.243164         225   24.243164           0   24.243164    235.2821   24.243164     -0.6855
   24.255371         200   24.255371           0   24.255371    234.7507   24.255371     -2.4572
   24.267578         225   24.267578           0   24.267578    234.2206   24.267578     -0.6147
   24.279785         215   24.279785           0   24.279785    233.6916   24.279785     -1.2748
   24.291992         270   24.291992           0   24.291992    233.1639   24.291992      2.2418
   24.304200         250   24.304200           0   24.304200    232.6373   24.304200      1.0981
   24.316407         300   24.316407           0   24.316407    232.1119   24.316407      3.9195
   24.328614         225   24.328614           0   24.328614    231.5877   24.328614     -0.4392
   24.340821         275   24.340821           0   24.340821    231.0647   24.340821      2.6494
   24.353028         280   24.353028           0   24.353028    230.5429   24.353028      2.9556
   24.365235         230   24.365235           0   24.365235    230.0223   24.365235     -0.0015
   24.377442         225   24.377442           0   24.377442    229.5028   24.377442     -0.3002
   24.389649         210   24.389649           0   24.389649    228.9845   24.389649     -1.3101
   24.401856         240   24.401856           0   24.401856    228.4674   24.401856      0.7444
   24.414063         200   24.414063           0   24.414063    227.9514   24.414063     -1.9765
   24.426270         215   24.426270           0   24.426270    227.4366   24.426270     -0.8482
   24.438477         225   24.438477           0   24.438477    226.9230   24.438477     -0.1282
   24.450684         300   24.450684           0   24.450684    226.4105   24.450684      4.2487
   24.462891         235   24.462891           0   24.462891    225.8992   24.462891      0.5937
   24.475098         230   24.475098           0   24.475098    225.3890   24.475098      0.3040
   24.487305         235   24.487305           0   24.487305    224.8807   24.487305      0.6601
   24.499512         235   24.499512           0   24.499512    224.4687   24.499512      0.6870
   24.511719         210   24.511719           0   24.511719    223.9618   24.511719     -0.9635
   24.523926         255   24.523926           5   24.523926    223.4560   24.523926      1.9754
   24.536133         190   24.536133           0   24.536133    222.9513   24.536133     -2.3905
   24.548340         225   24.548340           0   24.548340    222.4485   24.548340      0.1701
   24.560547         255   24.560547           0   24.560547    222.0420   24.560547      2.0639
   24.572754         235   24.572754           0   24.572754    221.5406   24.572754      0.8780
   24.584961         275   24.584961           0   24.584961    221.0409   24.584961      3.2539
   24.597168         275   24.597168           0   24.597168    220.6376   24.597168      3.2782
   24.609375         180   24.609375           0   24.609375    220.1393   24.609375     -2.9918
   24.621582         320   24.621582           0   24.621582    219.6422   24.621582      5.6102
   24.633789         225   24.633789           0   24.633789    219.1461   24.633789      0.3903
   24.645996         250   24.645996           0   24.645996    218.6512   24.645996      1.9827
   24.658203         195   24.658203           0   24.658203    218.1574   24.658203     -1.6583
   24.670410         265   24.670410           0   24.670410    217.6648   24.670410      2.9078
   24.682617         270   24.682617           0   24.682617    217.1732   24.682617      3.2149
   24.694825         175   24.694825           0   24.694825    216.6827   24.694825     -3.1509
   24.707032         230   24.707032           0   24.707032    216.1934   24.707032      0.9104
   24.719239         210   24.719239           0   24.719239    215.7052   24.719239     -0.3937
   24.731446         225   24.731446           0   24.731446    215.2180   24.731446      0.6521
   24.743653         220   24.743653           0   24.743653    214.7320   24.743653      0.3552
   24.755860         270   24.755860           0   24.755860    214.2470   24.755860      3.3930
   24.768067         240   24.768067           0   24.768067    213.7632   24.768067      1.6936
   24.780274         255   24.780274           0   24.780274    213.2804   24.780274      2.6126
   24.792481         280   24.792481           0   24.792481    212.7988   24.792481      4.0160
   24.804688         225   24.804688           0   24.804688    212.3182   24.804688      0.8455
   24.816895         225   24.816895           0   24.816895    211.8387   24.816895      0.8774
   24.829102         250   24.829102           0   24.829102    211.3603   24.829102      2.4438
   24.841309         265   24.841309           0   24.841309    210.8830   24.841309      3.3244
   24.853516         225   24.853516           0   24.853516    210.4067   24.853516      0.9729
   24.865723         245   24.865723           0   24.865723    209.9316   24.865723      2.2404
   24.877930         200   24.877930           5   24.877930    209.4575   24.877930     -0.6687
   24.890137         235   24.890137           0   24.890137    208.9851   24.890137      1.6970
   24.902344         245   24.902344           0   24.902344    208.6090   24.902344      2.3249
   24.914551         305   24.914551           0   24.914551    208.1379   24.914551      5.5463
   24.926758         225   24.926758           0   24.926758    207.6678   24.926758      1.1555
   24.938965         225   24.938965           0   24.938965    207.1989   24.938965      1.1867
   24.951172         235   24.951172           0   24.951172    206.7309   24.951172      1.8441
   24.963379         250   24.963379           0   24.963379    206.2641   24.963379      2.7661
   24.975586         225   24.975586           0   24.975586    205.7982   24.975586      1.2801
   24.987793         175   24.987793           0   24.987793    205.3335   24.987793     -2.2930
   25.000000         220   25.000000           5   25.000000    204.8698   25.000000      1.0201
   25.012207         270   25.012207           5   25.012207    204.4071   25.012207      3.9919
   25.024414         200   25.024414           0   25.024414    203.9455   25.024414     -0.2790
   25.036621         165   25.036621           0   25.036621    203.4849   25.036621     -2.9960
   25.048828         185   25.048828           0   25.048828    203.0253   25.048828     -1.3252
   25.061035         140   25.061035           0   25.061035    202.5668   25.061035     -5.2879
   25.073242         200   25.073242           0   25.073242    202.1094   25.073242     -0.1492
   25.085450         225   25.085450           0   25.085450    201.6529   25.085450      1.5565
   25.097657         215   25.097657           0   25.097657    201.1975   25.097657      0.9413
   25.109864         145   25.109864           0   25.109864    200.7432   25.109864     -4.6292
   25.122071         270   25.122071           0   25.122071    200.2898   25.122071      4.2424
   25.134278         270   25.134278           0   25.134278    199.8375   25.134278      4.2700
   25.146485         170   25.146485           0   25.146485    199.3862   25.146485     -2.2538
   25.158692         210   25.158692           0   25.158692    198.9359   25.158692      0.7635
   25.170899         215   25.170899           0   25.170899    198.4866   25.170899      1.1262
   25.183106         150   25.183106           0   25.183106    198.0384   25.183106     -3.9223
   25.195313         175   25.195313           0   25.195313    197.5911   25.195313     -1.7077
   25.207520         225   25.207520           0   25.207520    197.1449   25.207520      1.8570
   25.219727         205   25.219727           0   25.219727    196.6997   25.219727      0.5797
   25.231934         215   25.231934           0   25.231934    196.2555   25.231934      1.2784
   25.244141         240   25.244141           0   25.244141    195.8129   25.244141      2.8523
   25.256348         170   25.256348           0   25.256348    195.4666   25.256348     -1.9532
   25.268555         225   25.268555           0   25.268555    195.0251   25.268555      1.9983
   25.280762         275   25.280762           0   25.280762    194.5847   25.280762      4.8492
   25.292969         175   25.292969           0   25.292969    194.1453   25.292969     -1.4472
   25.305176         275   25.305176           0   25.305176    193.7068   25.305176      4.9022
   25.317383         215   25.317383           0   25.317383    193.2694   25.317383      1.4820
   25.329590         230   25.329590           0   25.329590    192.8329   25.329590      2.4507
   25.341797         225   25.341797           0   25.341797    192.3974   25.341797      2.1735
   25.354004         225   25.354004           0   25.354004    191.9629   25.354004      2.2025
   25.366211         190   25.366211           0   25.366211    191.5301   25.366211     -0.1110
   25.378418         230   25.378418           0   25.378418    191.1941   25.378418      2.5588
   25.390625         195   25.390625           0   25.390625    190.8581   25.390625      0.2966
   25.402832         150   25.402832           0   25.402832    190.4271   25.402832     -3.3009
   25.415039         145   25.415039           0   25.415039    189.9971   25.415039     -3.7368
   25.427246         235   25.427246           0   25.427246    189.5680   25.427246      2.9637
   25.439453         255   25.439453           0   25.439453    189.1399   25.439453      4.1243
   25.451660         265   25.451660           0   25.451660    188.7127   25.451660      4.6863
   25.463867         200   25.463867           0   25.463867    188.2865   25.463867      0.8283
   25.476075         185   25.476075           0   25.476075    187.8613   25.476075     -0.2104
   25.488282         210   25.488282           0   25.488282    187.4371   25.488282      1.5570
   25.500489         175   25.500489           0   25.500489    187.0138   25.500489     -0.9082
   25.512696         145   25.512696           0   25.512696    186.5914   25.512696     -3.4540
   25.524903         195   25.524903           0   25.524903    186.1700   25.524903      0.6323
   25.537110         165   25.537110           0   25.537110    185.7496   25.537110     -1.6154
   25.549317         155   25.549317           0   25.549317    185.3301   25.549317     -2.4362
   25.561524         185   25.561524           0   25.561524    184.9116   25.561524      0.0065
   25.573731         265   25.573731           0   25.573731    184.4940   25.573731      4.9454
   25.585938         150   25.585938           0   25.585938    184.0773   25.585938     -2.7824
   25.598145         215   25.598145           0   25.598145    183.6616   25.598145      2.1373
   25.610352         170   25.610352           0   25.610352    183.2468   25.610352     -1.0160
   25.622559         180   25.622559           0   25.622559    182.8330   25.622559     -0.2112
   25.634766         225   25.634766           5   25.634766    182.4201   25.634766      2.8387
   25.646973         175   25.646973           0   25.646973    182.0081   25.646973     -0.5298
   25.659180         210   25.659180           0   25.659180    181.5971   25.659180      1.9600
   25.671387         210   25.671387           0   25.671387    181.1870   25.671387      1.9883
   25.683594         175   25.683594           0   25.683594    180.7778   25.683594     -0.4368
   25.695801         210   25.695801           0   25.695801    180.3695   25.695801      2.0447
   25.708008         220   25.708008           0   25.708008    179.9622   25.708008      2.6993
   25.720215         190   25.720215           0   25.720215    179.5558   25.720215      0.7577
   25.732422         205   25.732422           0   25.732422    179.1503   25.732422      1.8054
   25.744629         210   25.744629           0   25.744629    178.7457   25.744629      2.1568
   25.756836         195   25.756836           5   25.756836    178.3420   25.756836      1.1929
   25.769043         190   25.769043           0   25.769043    177.9393   25.769043      0.8750
   25.781250         155   25.781250           0   25.781250    177.5374   25.781250     -1.8102
   25.793457         185   25.793457           0   25.793457    177.1365   25.793457      0.5781
   25.805664         185   25.805664           0   25.805664    176.7364   25.805664      0.6076
   25.817871         220   25.817871           0   25.817871    176.3373   25.817871      2.9437
   25.830078         195   25.830078           0   25.830078    175.9391   25.830078      1.3650
   25.842285         175   25.842285           5   25.842285    175.5417   25.842285     -0.0410
   25.854492         195   25.854492           0   25.854492    175.1453   25.854492      1.4218
   25.866700         180   25.866700           0   25.866700    174.7497   25.866700      0.3913
   25.878907         135   25.878907           0   25.878907    174.3551   25.878907     -3.3871
   25.891114         185   25.891114           0   25.891114    173.9613   25.891114      0.8116
   25.903321         175   25.903321           0   25.903321    173.5685   25.903321      0.1082
   25.915528         150   25.915528           0   25.915528    173.1765   25.915528     -1.8924
   25.927735         185   25.927735           0   25.927735    172.7854   25.927735      0.8980
   25.939942         145   25.939942           0   25.939942    172.3952   25.939942     -2.2750
   25.952149         220   25.952149           0   25.952149    172.0059   25.952149      3.2358
   25.964356         185   25.964356           5   25.964356    171.6174   25.964356      0.9839
   25.976563         150   25.976563           0   25.976563    171.2298   25.976563     -1.7334
   25.988770         220   25.988770           0   25.988770    170.8431   25.988770      3.3142
   26.000977         215   26.000977           0   26.000977    170.4580   26.000977      3.0377
   26.013184         155   26.013184           5   26.013184    170.1689   26.013184     -1.2184
   26.025391         195   26.025391           0   26.025391    169.7846   26.025391      1.8057
   26.037598         225   26.037598           0   26.037598    169.4012   26.037598      3.7066
   26.049805         140   26.049805           0   26.049805    169.0186   26.049805     -2.4525
   26.062012         175   26.062012           0   26.062012    168.6369   26.062012      0.4810
   26.074219         220   26.074219           0   26.074219    168.2561   26.074219      3.4886
   26.086426         200   26.086426           0   26.086426    167.8761   26.086426      2.2715
   26.098633         175   26.098633           0   26.098633    167.4970   26.098633      0.5672
   26.110840         175   26.110840           0   26.110840    167.1187   26.110840      0.5958
   26.123047         235   26.123047           0   26.123047    166.7420   26.123047      4.4527
   26.135254         160   26.135254           0   26.135254    166.4613   26.135254     -0.5108
   26.147461         170   26.147461           0   26.147461    166.0853   26.147461      0.3002
   26.159668         175   26.159668           0   26.159668    165.7102   26.159668      0.7022
   26.171875         190   26.171875           0   26.171875    165.3360   26.171875      1.7893
   26.184082         220   26.184082           0   26.184082    164.9626   26.184082      3.7106
   26.196289         220   26.196289           0   26.196289    164.5901   26.196289      3.7357
   26.208496         165   26.208496           0   26.208496    164.2191   26.208496      0.0608
   26.220703         230   26.220703           0   26.220703    163.9441   26.220703      4.3556
   26.232910         185   26.232910           0   26.232910    163.5738   26.232910      1.5753
   26.245117         180   26.245117           0   26.245117    163.2044   26.245117      1.2519
   26.257325         190   26.257325           0   26.257325    162.8358   26.257325      1.9707
   26.269532         190   26.269532           0   26.269532    162.4681   26.269532      1.9974
   26.281739         215   26.281739           0   26.281739    162.1012   26.281739      3.6077
   26.293946         135   26.293946           0   26.293946    161.7351   26.293946     -2.3010
   26.306153         200   26.306153           0   26.306153    161.3698   26.306153      2.7316
   26.318360         195   26.318360           0   26.318360    161.0054   26.318360      2.4344
   26.330567         160   26.330567           0   26.330567    160.6425   26.330567     -0.0508
   26.342774         170   26.342774           5   26.342774    160.3756   26.342774      0.7382
   26.354981         130   26.354981           0   26.354981    160.0134   26.354981     -2.6323
   26.367188         140   26.367188           0   26.367188    159.6520   26.367188     -1.6609
   26.379395         190   26.379395           0   26.379395    159.2921   26.379395      2.2278
   26.391602         225   26.391602           0   26.391602    159.0283   26.391602      4.3981
   26.403809         175   26.403809           0   26.403809    158.6691   26.403809      1.2345
   26.416016         190   26.416016           0   26.416016    158.3108   26.416016      2.2990
   26.428223         180   26.428223           0   26.428223    157.9533   26.428223      1.6433
   26.440430         150   26.440430           0   26.440430    157.5966   26.440430     -0.6203
   26.452637         205   26.452637           0   26.452637    157.2406   26.452637      3.3357
   26.464844         155   26.464844           0   26.464844    156.8855   26.464844     -0.1515
   26.477051         165   26.477051           0   26.477051    156.5312   26.477051      0.6593
   26.489258         135   26.489258           5   26.489258    156.1777   26.489258     -1.8227
   26.501465         145   26.501465           0   26.501465    155.8250   26.501465     -0.8990
   26.513672         195   26.513672           0   26.513672    155.4731   26.513672      2.8306
   26.525879         190   26.525879           0   26.525879    155.1220   26.525879      2.5303
   26.538086         145   26.538086           0   26.538086    154.7717   26.538086     -0.8115
   26.550293         170   26.550293           0   26.550293    154.4222   26.550293      1.1948
   26.562500         180   26.562500           0   26.562500    154.0734   26.562500      1.9325
   26.574707         205   26.574707           0   26.574707    153.7255   26.574707      3.5812
   26.586914         175   26.586914           0   26.586914    153.3783   26.586914      1.6344
   26.599121         220   26.599121           0   26.599121    153.0319   26.599121      4.5150
   26.611328         155   26.611328           0   26.611328    152.6863   26.611328      0.1858
   26.623535         165   26.623535           0   26.623535    152.3415   26.623535      0.9855
   26.635742         120   26.635742           0   26.635742    151.9975   26.635742     -2.9210
   26.647950         175   26.647950           0   26.647950    151.6542   26.647950      1.7648
   26.660157         170   26.660157           5   26.660157    151.3117   26.660157      1.4333
   26.672364         180   26.672364           0   26.672364    150.9700   26.672364      2.1638
   26.684571         200   26.684571           0   26.684571    150.6290   26.684571      3.4911
   26.696778         205   26.696778           0   26.696778    150.2889   26.696778      3.8212
   26.708985         140   26.708985           0   26.708985    149.9502   26.708985     -0.8409
   26.721192         165   26.721192           0   26.721192    149.7074   26.721192      1.1905
   26.733399         185   26.733399           0   26.733399    149.3693   26.733399      2.6196
   26.745606         145   26.745606           0   26.745606    149.0319   26.745606     -0.3348
   26.757813         185   26.757813           0   26.757813    148.6954   26.757813      2.6692
   26.770020         195   26.770020           5   26.770020    148.3596   26.770020      3.3400
   26.782227         150   26.782227           0   26.782227    148.0245   26.782227      0.1613
   26.794434         125   26.794434           0   26.794434    147.6902   26.794434     -2.0295
   26.806641         150   26.806641           0   26.806641    147.3567   26.806641      0.2158
   26.818848         195   26.818848           0   26.818848    147.0239   26.818848      3.4356
   26.831055         150   26.831055           5   26.831055    146.6919   26.831055      0.2701
   26.843262         140   26.843262           0   26.843262    146.3606   26.843262     -0.5376
   26.855469         165   26.855469           0   26.855469    146.0307   26.855469      1.4768
   26.867676         200   26.867676           0   26.867676    145.7968   26.867676      3.8327
   26.879883         135   26.879883           0   26.879883    145.4676   26.879883     -0.9009
   26.892090         170   26.892090           0   26.892090    145.1390   26.892090      1.9067
   26.904297         175   26.904297           0   26.904297    144.8113   26.904297      2.2821
   26.916504         160   26.916504           0   26.916504    144.4842   26.916504      1.2266
   26.928711         200   26.928711           0   26.928711    144.1579   26.928711      3.9486
   26.940918         125   26.940918           0   26.940918    143.8324   26.940918     -1.6844
   26.953125         170   26.953125           0   26.953125    143.5075   26.953125      2.0319
   26.965332         155   26.965332           0   26.965332    143.1835   26.965332      0.9491
   26.977539         165   26.977539           0   26.977539    142.8601   26.977539      1.7236
   26.989746         140   26.989746           0   26.989746    142.5375   26.989746     -0.2145
   27.001953         170   27.001953           0   27.001953    142.2156   27.001953      2.1310
   27.014160         205   27.014160           0   27.014160    141.8944   27.014160      4.4075
   27.026368         110   27.026368           0   27.026368    141.5746   27.026368     -3.0105
   27.038575         185   27.038575           0   27.038575    141.3508   27.038575      3.2092
   27.050782         110   27.050782           0   27.050782    141.0315   27.050782     -2.9587
   27.062989         150   27.062989           0   27.062989    140.7130   27.062989      0.7583
   27.075196         195   27.075196           0   27.075196    140.3953   27.075196      3.9103
   27.087403         210   27.087403           0   27.087403    140.0782   27.087403      4.8251
   27.099610         145   27.099610           0   27.099610    139.7619   27.099610      0.4350
   27.111817         140   27.111817           0   27.111817    139.4462   27.111817      0.0468
   27.124024         145   27.124024           0   27.124024    139.1313   27.124024      0.4874
   27.136231         115   27.136231           0   27.136231    138.8178   27.136231     -2.2210
   27.148438         190   27.148438           5   27.148438    138.6001   27.148438      3.7289
   27.160645         170   27.160645           0   27.160645    138.2871   27.160645      2.4323
   27.172852         165   27.172852           0   27.172852    137.9748   27.172852      2.1039
   27.185059         100   27.185059           0   27.185059    137.6632   27.185059     -3.7663
   27.197266         130   27.197266           0   27.197266    137.3530   27.197266     -0.6449
   27.209473         125   27.209473           0   27.209473    137.1387   27.209473     -1.0857
   27.221680         205   27.221680           0   27.221680    136.8290   27.221680      4.7613
   27.233887          75   27.233887           0   27.233887    136.5200   27.233887     -7.1037
   27.246094         165   27.246094           0   27.246094    136.2117   27.246094      2.2412
   27.258301         170   27.258301           0   27.258301    135.9041   27.258301      2.6150
   27.270508         110   27.270508           5   27.270508    135.5971   27.270508     -2.4406
   27.282715         160   27.282715           0   27.282715    135.2909   27.282715      1.9534
   27.294922         145   27.294922           0   27.294922    134.9854   27.294922      0.8317
   27.307129         140   27.307129           0   27.307129    134.6805   27.307129      0.4496
   27.319336         135   27.319336           0   27.319336    134.3764   27.319336      0.0537
   27.331543         165   27.331543           0   27.331543    134.0729   27.331543      2.4077
   27.343750         170   27.343750           0   27.343750    133.7701   27.343750      2.7787
   27.355957         140   27.355957           0   27.355957    133.4680   27.355957      0.5521
   27.368164         160   27.368164           0   27.368164    133.1666   27.368164      2.1214
   27.380371         215   27.380371           0   27.380371    132.8659   27.380371      5.6015
   27.392578         125   27.392578           0   27.392578    132.5658   27.392578     -0.6767
   27.404785         145   27.404785           0   27.404785    132.2664   27.404785      1.0575
   27.416993         105   27.416993           0   27.416993    131.9677   27.416993     -2.6318
   27.429200         190   27.429200           0   27.429200    131.6697   27.429200      4.2317
   27.441407         135   27.441407           0   27.441407    131.3723   27.441407      0.3122
   27.453614         150   27.453614           0   27.453614    131.0756   27.453614      1.5452
   27.465821         170   27.465821           0   27.465821    130.7796   27.465821      3.0081
   27.478028          90   27.478028           0   27.478028    130.4843   27.478028     -4.2674
   27.490235         140   27.490235           0   27.490235    130.1896   27.490235      0.8291
   27.502442         130   27.502442           0   27.502442    129.8956   27.502442      0.0092
   27.514649         115   27.514649           0   27.514649    129.6029   27.514649     -1.3617
   27.526856         125   27.526856           0   27.526856    129.4061   27.526856     -0.3941
   27.539063         175   27.539063           0   27.539063    129.1139   27.539063      3.4687
   27.551270         115   27.551270           0   27.551270    128.8223   27.551270     -1.2889
   27.563477         125   27.563477           5   27.563477    128.5313   27.563477     -0.3159
   27.575684         100   27.575684           0   27.575684    128.2411   27.575684     -2.8241
   27.587891         130   27.587891           0   27.587891    127.9515   27.587891      0.1797
   27.600098         165   27.600098           0   27.600098    127.6625   27.600098      2.9067
   27.612305         235   27.612305           0   27.612305    127.3742   27.612305      7.0207
   27.624512         205   27.624512           0   27.624512    127.0865   27.624512      5.4417
   27.636719         160   27.636719           0   27.636719    126.8002   27.636719      2.6247
   27.648926         110   27.648926           5   27.648926    126.6097   27.648926     -1.5837
   27.661133         130   27.661133           0   27.661133    126.3238   27.661133      0.3224
   27.673340         145   27.673340           0   27.673340    126.0385   27.673340      1.5747
   27.685547         135   27.685547           0   27.685547    125.7539   27.685547      0.7958
   27.697754         185   27.697754           0   27.697754    125.4699   27.697754      4.3767
   27.709961         140   27.709961           0   27.709961    125.1865   27.709961      1.2520
   27.722168         120   27.722168           0   27.722168    124.9038   27.722168     -0.4477
   27.734375         190   27.734375           0   27.734375    124.6217   27.734375      4.7430
   27.746582         135   27.746582           0   27.746582    124.3403   27.746582      0.9174
   27.758789         135   27.758789           0   27.758789    124.0595   27.758789      0.9416
   27.770996         100   27.770996           0   27.770996    123.7793   27.770996     -2.3779
   27.783203         160   27.783203           0   27.783203    123.4998   27.783203      2.8856
   27.795410         110   27.795410           0   27.795410    123.2209   27.795410     -1.2606
   27.807618         145   27.807618           0   27.807618    122.9426   27.807618      1.8318
   27.819825         140   27.819825           0   27.819825    122.6649   27.819825      1.4651
   27.832032         130   27.832032           0   27.832032    122.3879   27.832032      0.6676
   27.844239         150   27.844239           0   27.844239    122.1115   27.844239      2.2771
   27.856446         115   27.856446           0   27.856446    121.8357   27.856446     -0.6374
   27.868653         135   27.868653           0   27.868653    121.5606   27.868653      1.1567
   27.880860         135   27.880860           0   27.880860    121.2861   27.880860      1.1803
   27.893067          95   27.893067           0   27.893067    121.0122   27.893067     -2.6688
   27.905274         125   27.905274           0   27.905274    120.7389   27.905274      0.3811
   27.917481          85   27.917481           0   27.917481    120.4662   27.917481     -3.8468
   27.929688         145   27.929688           0   27.929688    120.1948   27.929688      2.0600
   27.941895         125   27.941895           0   27.941895    120.0192   27.941895      0.4455
   27.954102         145   27.954102           0   27.954102    119.7482   27.954102      2.0970
   27.966309         170   27.966309           0   27.966309    119.4778   27.966309      3.8749
   27.978516         125   27.978516           0   27.978516    119.2079   27.978516      0.5181
   27.990723         110   27.990723           0   27.990723    118.9387   27.990723     -0.8523
   28.002930         100   28.002930           0   28.002930    118.6701   28.002930     -1.8670
   28.015137         115   28.015137           0   28.015137    118.4028   28.015137     -0.3173
   28.027344         135   28.027344           0   28.027344    118.2313   28.027344      1.4432
   28.039551         135   28.039551           0   28.039551    117.9643   28.039551      1.4662
   28.051758         130   28.051758           0   28.051758    117.6979   28.051758      1.0790
   28.063965         150   28.063965           0   28.063965    117.4321   28.063965      2.6592
   28.076172         165   28.076172           5   28.076172    117.1669   28.076172      3.7238
   28.088379         135   28.088379           0   28.088379    116.9022   28.088379      1.5576
   28.100586         135   28.100586           0   28.100586    116.6382   28.100586      1.5803
   28.112793         150   28.112793           0   28.112793    116.3748   28.112793      2.7455
   28.125000         115   28.125000           5   28.125000    116.1120   28.125000     -0.1037
   28.137207         115   28.137207           0   28.137207    115.8498   28.137207     -0.0792
   28.149414         155   28.149414           0   28.149414    115.5882   28.149414      3.1656
   28.161621         100   28.161621           0   28.161621    115.3271   28.161621     -1.5327
   28.173828         120   28.173828           0   28.173828    115.0667   28.173828      0.4503
   28.186035         155   28.186035           0   28.186035    114.8068   28.186035      3.2284
   28.198243         100   28.198243           0   28.198243    114.5475   28.198243     -1.4548
   28.210450         150   28.210450           0   28.210450    114.2888   28.210450      2.9158
   28.222657          85   28.222657           0   28.222657    114.0307   28.222657     -3.1488
   28.234864         140   28.234864           0   28.234864    113.7732   28.234864      2.2166
   28.247071         165   28.247071           0   28.247071    113.5163   28.247071      4.0080
   28.259278         190   28.259278           0   28.259278    113.2599   28.259278      5.5673
   28.271485         110   28.271485           0   28.271485    113.0041   28.271485     -0.2864
   28.283692         105   28.283692           0   28.283692    112.7489   28.283692     -0.7562
   28.295899         100   28.295899           0   28.295899    112.4943   28.295899     -1.2494
   28.308106         110   28.308106           0   28.308106    112.2403   28.308106     -0.2136
   28.320313         130   28.320313           0   28.320313    111.9868   28.320313      1.5799
   28.332520         160   28.332520           0   28.332520    111.7339   28.332520      3.8158
   28.344727         105   28.344727           0   28.344727    111.4815   28.344727     -0.6325
   28.356934         100   28.356934           0   28.356934    111.2298   28.356934     -1.1230
   28.369141         115   28.369141           0   28.369141    110.9786   28.369141      0.3750
   28.381348         170   28.381348           0   28.381348    110.7279   28.381348      4.5460
   28.393555         105   28.393555           0   28.393555    110.4779   28.393555     -0.5346
   28.405762          80   28.405762           0   28.405762    110.2284   28.405762     -3.3796
   28.417969          80   28.417969           0   28.417969    109.9794   28.417969     -3.3518
   28.430176         145   28.430176           0   28.430176    109.7311   28.430176      2.9289
   28.442383          90   28.442383           0   28.442383    109.4840   28.442383     -2.0538
   28.454590         125   28.454590           0   28.454590    109.3326   28.454590      1.4013
   28.466797         105   28.466797           0   28.466797    109.0856   28.466797     -0.3987
   28.479004         110   28.479004           0   28.479004    108.8393   28.479004      0.1107
   28.491211         125   28.491211           0   28.491211    108.5942   28.491211      1.4674
   28.503418         130   28.503418           0   28.503418    108.4448   28.503418      1.8905
   28.515625         105   28.515625           0   28.515625    108.1999   28.515625     -0.3123
   28.527832         125   28.527832           0   28.527832    107.9555   28.527832      1.5245
   28.540039         110   28.540039           0   28.540039    107.7117   28.540039      0.2182
   28.552246         120   28.552246           0   28.552246    107.4685   28.552246      1.1440
   28.564453          95   28.564453           0   28.564453    107.2258   28.564453     -1.2543
   28.576660          90   28.576660           0   28.576660    106.9836   28.576660     -1.7902
   28.588868         105   28.588868           0   28.588868    106.7420   28.588868     -0.1700
   28.601075         150   28.601075           0   28.601075    106.5010   28.601075      3.5517
   28.613282         135   28.613282           0   28.613282    106.2604   28.613282      2.4735
   28.625489         155   28.625489           0   28.625489    106.0205   28.625489      3.9341
   28.637696         135   28.637696           0   28.637696    105.7810   28.637696      2.5148
   28.649903         130   28.649903           0   28.649903    105.5421   28.649903      2.1451
   28.662110         105   28.662110           0   28.662110    105.3038   28.662110     -0.0296
   28.674317          95   28.674317           0   28.674317    105.0660   28.674317     -1.0327
   28.686524         100   28.686524           0   28.686524    104.8287   28.686524     -0.4829
   28.698731         105   28.698731           0   28.698731    104.5920   28.698731      0.0398
   28.710938         140   28.710938           0   28.710938    104.3558   28.710938      3.0125
   28.723145         100   28.723145           0   28.723145    104.1201   28.723145     -0.4120
   28.735352         100   28.735352           0   28.735352    103.8849   28.735352     -0.3885
   28.747559         105   28.747559           0   28.747559    103.6503   28.747559      0.1317
   28.759766         110   28.759766           0   28.759766    103.4163   28.759766      0.6277
   28.771973          85   28.771973           0   28.771973    103.1827   28.771973     -1.9722
   28.784180         105   28.784180           0   28.784180    102.9497   28.784180      0.2001
   28.796387         145   28.796387           0   28.796387    102.7172   28.796387      3.5114
   28.808594         150   28.808594           5   28.808594    102.4852   28.808594      3.8796
   28.820801         100   28.820801           0   28.820801    102.2538   28.820801     -0.2254
   28.833008          95   28.833008           0   28.833008    102.0228   28.833008     -0.7205
   28.845215         150   28.845215           0   28.845215    101.7924   28.845215      3.9361
   28.857422         185   28.857422           0   28.857422    101.5625   28.857422      6.1344
   28.869629          85   28.869629           0   28.869629    101.3332   28.869629     -1.7716
   28.881836         110   28.881836           0   28.881836    101.1043   28.881836      0.8482
   28.894043          90   28.894043           0   28.894043    100.8760   28.894043     -1.1464
   28.906250         170   28.906250           0   28.906250    100.6482   28.906250      5.3190
   28.918457          90   28.918457           0   28.918457    100.4209   28.918457     -1.0985
   28.930664          85   28.930664           0   28.930664    100.1941   28.930664     -1.6480
   28.942871         100   28.942871           0   28.942871     99.9678   28.942871      0.0032
   28.955078         115   28.955078           0   28.955078     99.7421   28.955078      1.4228
   28.967285          95   28.967285           0   28.967285     99.5168   28.967285     -0.4634
   28.979493          85   28.979493           0   28.979493     99.2921   28.979493     -1.5502
   28.991700         150   28.991700           0   28.991700     99.0678   28.991700      4.1586
   29.003907          85   29.003907           0   29.003907     98.8441   29.003907     -1.5016
   29.016114         105   29.016114           0   29.016114     98.6209   29.016114      0.6225
   29.028321         135   29.028321           0   29.028321     98.3982   29.028321      3.1502
   29.040528         105   29.040528           0   29.040528     98.1759   29.040528      0.6660
   29.052735          95   29.052735           0   29.052735     97.9542   29.052735     -0.3031
   29.064942          95   29.064942           0   29.064942     97.7330   29.064942     -0.2804
   29.077149          90   29.077149           0   29.077149     97.5123   29.077149     -0.7919
   29.089356         120   29.089356           0   29.089356     97.2921   29.089356      2.0729
   29.101563          65   29.101563           0   29.101563     97.0724   29.101563     -3.9781
   29.113770         165   29.113770           0   29.113770     96.8531   29.113770      5.3052
   29.125977         130   29.125977           0   29.125977     96.6344   29.125977      2.9264
   29.138184         130   29.138184           0   29.138184     96.4162   29.138184      2.9455
   29.150391         120   29.150391           0   29.150391     96.1984   29.150391      2.1728
   29.162598         105   29.162598           0   29.162598     95.9812   29.162598      0.8801
   29.174805          85   29.174805           0   29.174805     95.7651   29.174805     -1.1676
   29.187012         120   29.187012           0   29.187012     95.6447   29.187012      2.2233
   29.199219         105   29.199219           0   29.199219     95.4287   29.199219      0.9341
   29.211426         160   29.211426           0   29.211426     95.2132   29.211426      5.1218
   29.223633         110   29.223633           0   29.223633     94.9982   29.223633      1.4304
   29.235840         100   29.235840           0   29.235840     94.7836   29.235840      0.5216
   29.248047         125   29.248047           0   29.248047     94.5696   29.248047      2.7218
   29.260254          90   29.260254          10   29.260254     94.3560   29.260254     -0.4592
   29.272461          80   29.272461           0   29.272461     94.1429   29.272461     -1.5812
   29.284668          90   29.284668           0   29.284668     93.9303   29.284668     -0.4143
   29.296875         120   29.296875           0   29.296875     93.7182   29.296875      2.3992
   29.309082         100   29.309082           0   29.309082     93.5065   29.309082      0.6493
   29.321289         115   29.321289           5   29.321289     93.2953   29.321289      2.0240
   29.333496          90   29.333496           0   29.333496     93.0846   29.333496     -0.3252
   29.345703         100   29.345703           0   29.345703     92.8744   29.345703      0.7126
   29.357910         115   29.357910           0   29.357910     92.6647   29.357910      2.0828
   29.370118          90   29.370118           0   29.370118     92.4554   29.370118     -0.2588
   29.382325          55   29.382325           0   29.382325     92.2466   29.382325     -5.0223
   29.394532         135   29.394532           0   29.394532     92.0383   29.394532      3.6976
   29.406739          95   29.406739           0   29.406739     91.8304   29.406739      0.3252
   29.418946         110   29.418946           0   29.418946     91.6231   29.418946      1.7522
   29.431153         130   29.431153           0   29.431153     91.4161   29.431153      3.3840
   29.443360          85   29.443360           0   29.443360     91.2097   29.443360     -0.6735
   29.455567          80   29.455567           0   29.455567     91.0037   29.455567     -1.2303
   29.467774          85   29.467774           0   29.467774     90.7982   29.467774     -0.6289
   29.479981         130   29.479981           0   29.479981     90.5931   29.479981      3.4562
   29.492188          65   29.492188           0   29.492188     90.3885   29.492188     -3.1491
   29.504395          90   29.504395           0   29.504395     90.1844   29.504395     -0.0194
   29.516602         110   29.516602           0   29.516602     89.9807   29.516602      1.9088
   29.528809         110   29.528809           0   29.528809     89.7775   29.528809      1.9281
   29.541016         120   29.541016           0   29.541016     89.5748   29.541016      2.7774
   29.553223          90   29.553223           0   29.553223     89.3725   29.553223      0.0661
   29.565430         145   29.565430           0   29.565430     89.1707   29.565430      4.6364
   29.577637          90   29.577637           5   29.577637     88.9693   29.577637      0.1086
   29.589844          90   29.589844           0   29.589844     88.7684   29.589844      0.1298
   29.602051          90   29.602051           0   29.602051     88.5679   29.602051      0.1510
   29.614258          95   29.614258           0   29.614258     88.3679   29.614258      0.6804
   29.626465          65   29.626465           0   29.626465     88.1697   29.626465     -2.8738
   29.638672          75   29.638672           0   29.638672     88.1623   29.638672     -1.5198
   29.650879         100   29.650879           0   29.650879     87.9632   29.650879      1.2037
   29.663086         115   29.663086           0   29.663086     87.7645   29.663086      2.5397
   29.675293         125   29.675293           0   29.675293     87.5663   29.675293      3.3482
   29.687500          75   29.687500           0   29.687500     87.3692   29.687500     -1.4283
   29.699707         120   29.699707           0   29.699707     87.2678   29.699707      2.9880
   29.711914          95   29.711914           0   29.711914     87.0707   29.711914      0.8135
   29.724121          95   29.724121           0   29.724121     86.8741   29.724121      0.8337
   29.736328         115   29.736328           0   29.736328     86.6779   29.736328      2.6411
   29.748536          75   29.748536           0   29.748536     86.4821   29.748536     -1.3258
   29.760743          75   29.760743           0   29.760743     86.2868   29.760743     -1.3033
   29.772950          90   29.772950           0   29.772950     86.0920   29.772950      0.4119
   29.785157         115   29.785157           0   29.785157     85.8975   29.785157      2.7138
   29.797364          65   29.797364           0   29.797364     85.7035   29.797364     -2.5680
   29.809571          90   29.809571           0   29.809571     85.5100   29.809571      0.4733
   29.821778         105   29.821778           0   29.821778     85.3169   29.821778      1.9209
   29.833985         100   29.833985           0   29.833985     85.1242   29.833985      1.4876
   29.846192          80   29.846192           0   29.846192     84.9320   29.846192     -0.5514
   29.858399          75   29.858399           0   29.858399     84.7402   29.858399     -1.1247
   29.870606          60   29.870606           0   29.870606     84.5488   29.870606     -3.1692
   29.882813          95   29.882813           0   29.882813     84.3578   29.882813      1.0919
   29.895020          60   29.895020           0   29.895020     84.1673   29.895020     -3.1200
   29.907227         100   29.907227           0   29.907227     83.9773   29.907227      1.6023
   29.919434         105   29.919434           0   29.919434     83.7876   29.919434      2.0701
   29.931641          95   29.931641           0   29.931641     83.5984   29.931641      1.1698
   29.943848          95   29.943848           0   29.943848     83.4103   29.943848      1.1891
   29.956055         110   29.956055           0   29.956055     83.3178   29.956055      2.5441
   29.968262         110   29.968262           0   29.968262     83.1296   29.968262      2.5620
   29.980469         100   29.980469           0   29.980469     82.9419   29.980469      1.7058
   29.992676          70   29.992676           0   29.992676     82.7546   29.992676     -1.5245
   30.004883          90   30.004883           0   30.004883     82.5677   30.004883      0.7834
   30.017090          90   30.017090           0   30.017090     82.3812   30.017090      0.8031
   30.029297          85   30.029297           0   30.029297     82.1952   30.029297      0.3042
   30.041504          85   30.041504           0   30.041504     82.0095   30.041504      0.3244
   30.053711          90   30.053711           0   30.053711     81.8243   30.053711      0.8618
   30.065918         125   30.065918           0   30.065918     81.6395   30.065918      3.8783
   30.078125         120   30.078125           0   30.078125     81.4552   30.078125      3.5186
   30.090332          85   30.090332           0   30.090332     81.2712   30.090332      0.4044
   30.102539          95   30.102539           0   30.102539     81.0877   30.102539      1.4274
   30.114746          85   30.114746           0   30.114746     80.9045   30.114746      0.4442
   30.126953          85   30.126953           0   30.126953     80.7218   30.126953      0.4640
   30.139161         100   30.139161           0   30.139161     80.5395   30.139161      1.9460
   30.151368         115   30.151368           0   30.151368     80.3576   30.151368      3.2304
   30.163575         110   30.163575           0   30.163575     80.1762   30.163575      2.8436
   30.175782          90   30.175782           0   30.175782     79.9951   30.175782      1.0546
   30.187989         100   30.187989           0   30.187989     79.8144   30.187989      2.0186
   30.200196          75   30.200196           0   30.200196     79.6342   30.200196     -0.5351
   30.212403         145   30.212403           0   30.212403     79.4544   30.212403      5.4433
   30.224610         105   30.224610           0   30.224610     79.2749   30.224610      2.5105
   30.236817          80   30.236817           0   30.236817     79.0959   30.236817      0.1011
   30.249024          95   30.249024           0   30.249024     78.9173   30.249024      1.6501
   30.261231         100   30.261231           0   30.261231     78.7390   30.261231      2.1261
   30.273438          40   30.273438           5   30.273438     78.5612   30.273438     -6.0971
   30.285645          60   30.285645           0   30.285645     78.3838   30.285645     -2.3733
   30.297852          70   30.297852           5   30.297852     78.2068   30.297852     -0.9809
   30.310059          75   30.310059           0   30.310059     78.0302   30.310059     -0.3499
   30.322266         100   30.322266           0   30.322266     77.8539   30.322266      2.2146
   30.334473         100   30.334473           0   30.334473     77.6781   30.334473      2.2322
   30.346680         100   30.346680           0   30.346680     77.5027   30.346680      2.2497
   30.358887         115   30.358887           0   30.358887     77.3277   30.358887      3.5130
   30.371094         110   30.371094           0   30.371094     77.1530   30.371094      3.1318
   30.383301          65   30.383301           0   30.383301     76.9788   30.383301     -1.4858
   30.395508          90   30.395508           0   30.395508     76.8049   30.395508      1.3909
   30.407715          65   30.407715           0   30.407715     76.6315   30.407715     -1.4427
   30.419922         110   30.419922           0   30.419922     76.4584   30.419922      3.1981
   30.432129          85   30.432129           0   30.432129     76.2858   30.432129      0.9452
   30.444336         125   30.444336           0   30.444336     76.1135   30.444336      4.3725
   30.456543          90   30.456543           0   30.456543     75.9416   30.456543      1.4819
   30.468750          95   30.468750           0   30.468750     75.7701   30.468750      1.9729
   30.480957          70   30.480957           0   30.480957     75.5990   30.480957     -0.6692
   30.493164          65   30.493164           0   30.493164     75.4282   30.493164     -1.2935
   30.505371          70   30.505371           0   30.505371     75.2579   30.505371     -0.6284
   30.517578          70   30.517578           0   30.517578     75.0879   30.517578     -0.6081
   30.529786          65   30.529786           0   30.529786     74.9184   30.529786     -1.2302
   30.541993          85   30.541993           0   30.541993     74.7492   30.541993      1.1119
   30.554200         110   30.554200           0   30.554200     74.5804   30.554200      3.3771
   30.566407          90   30.566407           0   30.566407     74.4119   30.566407      1.6431
   30.578614          70   30.578614           0   30.578614     74.2439   30.578614     -0.5072
   30.590821         115   30.590821           0   30.590821     74.0762   30.590821      3.8162
   30.603028          85   30.603028           0   30.603028     73.9089   30.603028      1.2030
   30.615235          95   30.615235           0   30.615235     73.7420   30.615235      2.1810
   30.627442          60   30.627442           0   30.627442     73.5755   30.627442     -1.7526
   30.639649          90   30.639649           0   30.639649     73.4100   30.639649      1.7487
   30.651856          95   30.651856           0   30.651856     73.3401   30.651856      2.2223
   30.664063         105   30.664063           0   30.664063     73.1751   30.664063      3.1058
   30.676270          90   30.676270           0   30.676270     73.1057   30.676270      1.7808
   30.688477          55   30.688477           0   30.688477     72.9406   30.688477     -2.4191
   30.700684         100   30.700684           0   30.700684     72.7759   30.700684      2.7224
   30.712891         100   30.712891           0   30.712891     72.6116   30.712891      2.7388
   30.725098          65   30.725098           0   30.725098     72.4476   30.725098     -0.9238
   30.737305          95   30.737305           0   30.737305     72.2840   30.737305      2.3306
   30.749512          95   30.749512           0   30.749512     72.1207   30.749512      2.3474
   30.761719         120   30.761719           0   30.761719     71.9578   30.761719      4.3856
   30.773926          70   30.773926           0   30.773926     71.7953   30.773926     -0.2146
   30.786133          95   30.786133           5   30.786133     71.6332   30.786133      2.3974
   30.798340          60   30.798340           0   30.798340     71.4714   30.798340     -1.4810
   30.810547         115   30.810547           0   30.810547     71.3100   30.810547      4.0741
   30.822754          90   30.822754           0   30.822754     71.1490   30.822754      1.9871
   30.834961          95   30.834961           0   30.834961     70.9883   30.834961      2.4635
   30.847168          80   30.847168           0   30.847168     70.8280   30.847168      1.0255
   30.859375          75   30.859375           0   30.859375     70.6680   30.859375      0.5002
   30.871582          55   30.871582           0   30.871582     70.5084   30.871582     -2.0912
   30.883789          85   30.883789           0   30.883789     70.3492   30.883789      1.5891
   30.895996          80   30.895996           0   30.895996     70.1903   30.895996      1.0968
   30.908203          85   30.908203           5   30.908203     70.0318   30.908203      1.6235
   30.920411          85   30.920411           0   30.920411     69.8737   30.920411      1.6407
   30.932618          90   30.932618           0   30.932618     69.7159   30.932618      2.1381
   30.944825          70   30.944825           0   30.944825     69.5584   30.944825      0.0528
   30.957032          60   30.957032           0   30.957032     69.4013   30.957032     -1.2137
   30.969239          85   30.969239           0   30.969239     69.2446   30.969239      1.7089
   30.981446          70   30.981446           0   30.981446     69.0882   30.981446      0.1090
   30.993653         105   30.993653           0   30.993653     68.9322   30.993653      3.5199
   31.005860          80   31.005860           0   31.005860     68.7765   31.005860      1.2548
   31.018067          75   31.018067           0   31.018067     68.6212   31.018067      0.7366
   31.030274          80   31.030274           0   31.030274     68.4662   31.030274      1.2895
   31.042481          75   31.042481           0   31.042481     68.3116   31.042481      0.7723
   31.054688          60   31.054688           0   31.054688     68.1573   31.054688     -1.0531
   31.066895          80   31.066895           0   31.066895     68.0034   31.066895      1.3413
   31.079102         100   31.079102           0   31.079102     67.8498   31.079102      3.2150
   31.091309         100   31.091309           0   31.091309     67.6966   31.091309      3.2303
   31.103516          50   31.103516           0   31.103516     67.5437   31.103516     -2.4811
   31.115723         110   31.115723           0   31.115723     67.3912   31.115723      4.0626
   31.127930          75   31.127930           0   31.127930     67.2390   31.127930      0.8962
   31.140137          60   31.140137           0   31.140137     67.0871   31.140137     -0.9149
   31.152344          85   31.152344           0   31.152344     66.9363   31.152344      1.9593
   31.164551          70   31.164551           0   31.164551     66.8810   31.164551      0.3728
   31.176758          75   31.176758           0   31.176758     66.7300   31.176758      0.9549
   31.188965          50   31.188965           5   31.188965     66.5793   31.188965     -2.3447
   31.201172          75   31.201172           0   31.201172     66.4289   31.201172      0.9897
   31.213379          80   31.213379           0   31.213379     66.2789   31.213379      1.5341
   31.225586          75   31.225586           5   31.225586     66.1292   31.225586      1.0243
   31.237793          75   31.237793           0   31.237793     65.9799   31.237793      1.0416
   31.250000          85   31.250000           0   31.250000     65.8309   31.250000      2.0792
   31.262207         110   31.262207           0   31.262207     65.6822   31.262207      4.2255
   31.274414         100   31.274414           0   31.274414     65.5345   31.274414      3.4465
   31.286621          75   31.286621           0   31.286621     65.4824   31.286621      1.0990
   31.298828          30   31.298828           0   31.298828     65.3345   31.298828     -6.4512
   31.311036          60   31.311036           0   31.311036     65.1870   31.311036     -0.6696
   31.323243          80   31.323243           0   31.323243     65.0397   31.323243      1.6726
   31.335450          75   31.335450           5   31.335450     64.8929   31.335450      1.1671
   31.347657          65   31.347657           0   31.347657     64.7463   31.347657      0.0315
   31.359864          65   31.359864           0   31.359864     64.6001   31.359864      0.0496
   31.372071          65   31.372071           0   31.372071     64.4542   31.372071      0.0677
   31.384278          85   31.384278           0   31.384278     64.3086   31.384278      2.2443
   31.396485          45   31.396485           0   31.396485     64.1634   31.396485     -2.8567
   31.408692         115   31.408692           0   31.408692     64.0185   31.408692      4.7540
   31.420899          60   31.420899           0   31.420899     63.8739   31.420899     -0.5001
   31.433106         100   31.433106           0   31.433106     63.7297   31.433106      3.6270
   31.445313          50   31.445313           0   31.445313     63.5858   31.445313     -1.9213
   31.457520          70   31.457520           0   31.457520     63.4422   31.457520      0.7838
   31.469727          45   31.469727           0   31.469727     63.2989   31.469727     -2.7278
   31.481934          95   31.481934           0   31.481934     63.1559   31.481934      3.2671
   31.494141          65   31.494141           0   31.494141     63.0133   31.494141      0.2464
   31.506348          75   31.506348           0   31.506348     62.8710   31.506348      1.4005
   31.518555          75   31.518555           0   31.518555     62.7290   31.518555      1.4169
   31.530762          90   31.530762           0   31.530762     62.5873   31.530762      2.8895
   31.542969          70   31.542969           0   31.542969     62.4460   31.542969      0.9029
   31.555176          65   31.555176           0   31.555176     62.3057   31.555176      0.3342
   31.567383          65   31.567383          10   31.567383     62.2608   31.567383      0.3398
   31.579590          95   31.579590           0   31.579590     62.1202   31.579590      3.3734
   31.591797          45   31.591797           0   31.591797     61.9806   31.591797     -2.5313
   31.604004          70   31.604004           0   31.604004     61.9365   31.604004      0.9638
   31.616211          65   31.616211           0   31.616211     61.7966   31.616211      0.3973
   31.628418          60   31.628418           0   31.628418     61.6571   31.628418     -0.2139
   31.640625          70   31.640625           0   31.640625     61.5178   31.640625      1.0138
   31.652832          50   31.652832           0   31.652832     61.3789   31.652832     -1.6092
   31.665039          85   31.665039           0   31.665039     61.2403   31.665039      2.5771
   31.677246          70   31.677246           0   31.677246     61.1020   31.677246      1.0635
   31.689453          90   31.689453           0   31.689453     60.9640   31.689453      3.0607
   31.701661          50   31.701661           0   31.701661     60.8270   31.701661     -1.5312
   31.713868          60   31.713868           5   31.713868     60.7855   31.713868     -0.1014
   31.726075          55   31.726075           0   31.726075     60.6482   31.726075     -0.7616
   31.738282          40   31.738282           0   31.738282     60.5112   31.738282     -3.2431
   31.750489          75   31.750489           0   31.750489     60.3746   31.750489      1.6888
   31.762696          85   31.762696           0   31.762696     60.2382   31.762696      2.6858
   31.774903          60   31.774903           0   31.774903     60.1022   31.774903     -0.0132
   31.787110          70   31.787110           0   31.787110     59.9665   31.787110      1.1992
   31.799317          70   31.799317           0   31.799317     59.8310   31.799317      1.2154
   31.811524          95   31.811524           0   31.811524     59.6959   31.811524      3.6221
   31.823731          50   31.823731           0   31.823731     59.5611   31.823731     -1.3521
   31.835938          75   31.835938           5   31.835938     59.4266   31.835938      1.7983
   31.848145          70   31.848145           0   31.848145     59.2924   31.848145      1.2798
   31.860352          25   31.860352           0   31.860352     59.1585   31.860352     -6.8317
   31.872559          50   31.872559           0   31.872559     59.0249   31.872559     -1.2763
   31.884766          80   31.884766           0   31.884766     58.8916   31.884766      2.3600
   31.896973          70   31.896973           0   31.896973     58.7586   31.896973      1.3436
   31.909180          45   31.909180           0   31.909180     58.6259   31.909180     -2.0312
   31.921387          55   31.921387           5   31.921387     58.4935   31.921387     -0.4711
   31.933594          65   31.933594           0   31.933594     58.3628   31.933594      0.8232
   31.945801          80   31.945801           0   31.945801     58.4227   31.945801      2.4124
   31.958008          55   31.958008           0   31.958008     58.2907   31.958008     -0.4437
   31.970215          60   31.970215           5   31.970215     58.1591   31.970215      0.2377
   31.982422          45   31.982422           0   31.982422     58.0278   31.982422     -1.9421
   31.994629          45   31.994629           0   31.994629     57.8967   31.994629     -1.9225
   32.006836          80   32.006836           0   32.006836     57.7660   32.006836      2.4858
   32.019043          40   32.019043           0   32.019043     57.6355   32.019043     -2.7884
   32.031250          60   32.031250           0   32.031250     57.5053   32.031250      0.3221
   32.043457          50   32.043457           0   32.043457     57.3755   32.043457     -1.0430
   32.055664          80   32.055664           0   32.055664     57.2459   32.055664      2.5440
   32.067871          85   32.067871           0   32.067871     57.1166   32.067871      3.0244
   32.080078          70   32.080078           0   32.080078     56.9883   32.080078      1.5552
   32.092286          75   32.092286           0   32.092286     56.9555   32.092286      2.0836
   32.104493          60   32.104493           0   32.104493     56.8268   32.104493      0.4097
   32.116700          40   32.116700           0   32.116700     56.6985   32.116700     -2.6403
   32.128907          40   32.128907           0   32.128907     56.5705   32.128907     -2.6200
   32.141114          45   32.141114           0   32.141114     56.4427   32.141114     -1.7058
   32.153321         100   32.153321           0   32.153321     56.3152   32.153321      4.3685
   32.165528          55   32.165528           0   32.165528     56.1881   32.165528     -0.1602
   32.177735          70   32.177735           0   32.177735     56.0612   32.177735      1.6660
   32.189942          60   32.189942           0   32.189942     55.9346   32.189942      0.5248
   32.202149          55   32.202149           0   32.202149     55.8089   32.202149     -0.1091
   32.214356          90   32.214356           0   32.214356     55.7787   32.214356      3.6072
   32.226563          30   32.226563           0   32.226563     55.6528   32.226563     -4.6835
   32.238770          35   32.238770           0   32.238770     55.5271   32.238770     -3.4697
   32.250977          30   32.250977           0   32.250977     55.4017   32.250977     -4.6377
   32.263184          45   32.263184           0   32.263184     55.2766   32.263184     -1.5319
   32.275391          75   32.275391           0   32.275391     55.1517   32.275391      2.2919
   32.287598          75   32.287598           0   32.287598     55.0279   32.287598      2.3062
   32.299805          45   32.299805           0   32.299805     54.9995   32.299805     -1.4906
   32.312012          85   32.312012           0   32.312012     54.8753   32.312012      3.2675
   32.324219          80   32.324219           0   32.324219     54.7513   32.324219      2.8229
   32.336426          55   32.336426           0   32.336426     54.6284   32.336426      0.0501
   32.348633          65   32.348633           0   32.348633     54.6009   32.348633      1.2899
   32.360840          55   32.360840           0   32.360840     54.4775   32.360840      0.0704
   32.373047          95   32.373047           0   32.373047     54.3545   32.373047      4.1701
   32.385254          65   32.385254           0   32.385254     54.2318   32.385254      1.3356
   32.397461          55   32.397461           0   32.397461     54.1093   32.397461      0.1201
   32.409668          20   32.409668           0   32.409668     53.9871   32.409668     -7.5997
   32.421875          75   32.421875           0   32.421875     53.8652   32.421875      2.4404
   32.434082          55   32.434082           0   32.434082     53.7435   32.434082      0.1694
   32.446289          50   32.446289           0   32.446289     53.6222   32.446289     -0.5123
   32.458496          55   32.458496           0   32.458496     53.5011   32.458496      0.2021
   32.470704          50   32.470704           0   32.470704     53.3802   32.470704     -0.4780
   32.482911          70   32.482911           0   32.482911     53.2597   32.482911      2.0009
   32.495118          85   32.495118           0   32.495118     53.1394   32.495118      3.4558
   32.507325          65   32.507325           0   32.507325     53.0194   32.507325      1.4860
   32.519532          70   32.519532           5   32.519532     52.8997   32.519532      2.0439
   32.531739          80   32.531739           0   32.531739     52.7802   32.531739      3.0433
   32.543946          45   32.543946           5   32.543946     52.6610   32.543946     -1.1420
   32.556153          75   32.556153           0   32.556153     52.5421   32.556153      2.5932
   32.568360          35   32.568360           0   32.568360     52.4234   32.568360     -2.9451
   32.580567          50   32.580567           0   32.580567     52.3050   32.580567     -0.3260
   32.592774          55   32.592774           0   32.592774     52.1869   32.592774      0.3793
   32.604981          75   32.604981           0   32.604981     52.0690   32.604981      2.6478
   32.617188          50   32.617188           0   32.617188     51.9514   32.617188     -0.2760
   32.629395          60   32.629395           0   32.629395     51.8341   32.629395      1.0542
   32.641602          45   32.641602           0   32.641602     51.7171   32.641602     -1.0013
   32.653809          50   32.653809           0   32.653809     51.6003   32.653809     -0.2263
   32.666016          60   32.666016           0   32.666016     51.4837   32.666016      1.0994
   32.678223          55   32.678223           0   32.678223     51.3675   32.678223      0.4898
   32.690430          65   32.690430           0   32.690430     51.2515   32.690430      1.7053
   32.702637          55   32.702637           0   32.702637     51.1357   32.702637      0.5211
   32.714844          45   32.714844           0   32.714844     51.0202   32.714844     -0.8974
   32.727051          65   32.727051           0   32.727051     50.9050   32.727051      1.7483
   32.739258          45   32.739258           0   32.739258     50.7901   32.739258     -0.8631
   32.751465          40   32.751465           0   32.751465     50.6753   32.751465     -1.6879
   32.763672          80   32.763672           0   32.763672     50.5609   32.763672      3.2914
   32.775879          50   32.775879           5   32.775879     50.4467   32.775879     -0.0632
   32.788086          25   32.788086           0   32.788086     50.3328   32.788086     -5.0666
   32.800293          40   32.800293           0   32.800293     50.2191   32.800293     -1.6158
   32.812500          60   32.812500           0   32.812500     50.1057   32.812500      1.2773
   32.824707          65   32.824707           0   32.824707     49.9926   32.824707      1.8614
   32.836914          40   32.836914           0   32.836914     49.8797   32.836914     -1.5621
   32.849121          50   32.849121           0   32.849121     49.7670   32.849121      0.0329
   32.861329          30   32.861329           0   32.861329     49.6546   32.861329     -3.5884
   32.873536          75   32.873536           0   32.873536     49.5425   32.873536      2.9396
   32.885743          65   32.885743           0   32.885743     49.4313   32.885743      1.9311
   32.897950          40   32.897950           0   32.897950     49.4155   32.897950     -1.4887
   32.910157          30   32.910157           0   32.910157     49.3046   32.910157     -3.5245
   32.922364          40   32.922364           0   32.922364     49.2891   32.922364     -1.4687
   32.934571          50   32.934571           0   32.934571     49.1778   32.934571      0.1163
   32.946778          40   32.946778           0   32.946778     49.0667   32.946778     -1.4336
   32.958985          95   32.958985           0   32.958985     48.9559   32.958985      4.7240
   32.971192          65   32.971192           0   32.971192     48.8454   32.971192      2.0037
   32.983399          40   32.983399           0   32.983399     48.7351   32.983399     -1.3811
   32.995606         105   32.995606           0   32.995606     48.6250   32.995606      5.5016
   33.007813          40   33.007813           0   33.007813     48.5152   33.007813     -1.3464
   33.020020          65   33.020020           0   33.020020     48.4056   33.020020      2.0583
   33.032227          50   33.032227           0   33.032227     48.2963   33.032227      0.2409
   33.044434          35   33.044434           0   33.044434     48.1872   33.044434     -2.2290
   33.056641          25   33.056641           0   33.056641     48.0784   33.056641     -4.6157
   33.068848          70   33.068848           0   33.068848     47.9698   33.068848      2.6331
   33.081055         110   33.081055           0   33.081055     47.8615   33.081055      5.9247
   33.093262          55   33.093262           0   33.093262     47.7534   33.093262      0.9771
   33.105469          65   33.105469           0   33.105469     47.6456   33.105469      2.1526
   33.117676          45   33.117676           0   33.117676     47.5380   33.117676     -0.3783
   33.129883          55   33.129883           5   33.129883     47.4306   33.129883      1.0207
   33.142090          35   33.142090           0   33.142090     47.3242   33.142090     -2.0832
   33.154297          65   33.154297           0   33.154297     47.3132   33.154297      2.1938
   33.166504          45   33.166504           0   33.166504     47.2063   33.166504     -0.3289
   33.178711          60   33.178711           0   33.178711     47.0997   33.178711      1.6654
   33.190918          60   33.190918           0   33.190918     46.9933   33.190918      1.6792
   33.203125          25   33.203125           0   33.203125     46.8872   33.203125     -4.3774
   33.215332          30   33.215332           0   33.215332     46.7813   33.215332     -3.0638
   33.227539          45   33.227539           0   33.227539     46.6757   33.227539     -0.2498
   33.239746          35   33.239746           0   33.239746     46.5703   33.239746     -1.9557
   33.251954          55   33.251954           0   33.251954     46.4651   33.251954      1.1508
   33.264161          50   33.264161           0   33.264161     46.3602   33.264161      0.5148
   33.276368          20   33.276368           0   33.276368     46.2555   33.276368     -5.8709
   33.288575          55   33.288575           5   33.288575     46.1510   33.288575      1.1932
   33.300782          65   33.300782           0   33.300782     46.0468   33.300782      2.3509
   33.312989          25   33.312989           0   33.312989     45.9428   33.312989     -4.1886
   33.325196          65   33.325196           0   33.325196     45.8390   33.325196      2.3766
   33.337403          50   33.337403           0   33.337403     45.7355   33.337403      0.6031
   33.349610          45   33.349610           0   33.349610     45.6322   33.349610     -0.0942
   33.361817          55   33.361817           0   33.361817     45.5292   33.361817      1.2770
   33.374024          75   33.374024           0   33.374024     45.4263   33.374024      3.4149
   33.386231          45   33.386231           0   33.386231     45.3237   33.386231     -0.0483
   33.398438          35   33.398438           0   33.398438     45.2214   33.398438     -1.7277
   33.410645          35   33.410645           0   33.410645     45.1193   33.410645     -1.7105
   33.422852          45   33.422852           0   33.422852     45.0174   33.422852     -0.0026
   33.435059          50   33.435059           0   33.435059     44.9157   33.435059      0.7190
   33.447266          25   33.447266           0   33.447266     44.8143   33.447266     -3.9629
   33.459473          15   33.459473           0   33.459473     44.7131   33.459473     -7.6719
   33.471680          35   33.471680           0   33.471680     44.6121   33.471680     -1.6247
   33.483887          55   33.483887           0   33.483887     44.5113   33.483887      1.4143
   33.496094          65   33.496094           0   33.496094     44.4115   33.496094      2.5537
   33.508301          35   33.508301           0   33.508301     44.4071   33.508301     -1.5901
   33.520508          35   33.520508           0   33.520508     44.3068   33.520508     -1.5731
   33.532715          65   33.532715           0   33.532715     44.2067   33.532715      2.5791
   33.544922          40   33.544922           0   33.544922     44.1069   33.544922     -0.6494
   33.557129          45   33.557129           0   33.557129     44.0073   33.557129      0.1480
   33.569336          30   33.569336           0   33.569336     43.9079   33.569336     -2.5392
   33.581543          50   33.581543           0   33.581543     43.8087   33.581543      0.8756
   33.593750          45   33.593750           0   33.593750     43.7098   33.593750      0.1923
   33.605957          45   33.605957           0   33.605957     43.6111   33.605957      0.2070
   33.618164          40   33.618164           0   33.618164     43.5126   33.618164     -0.5554
   33.630371          25   33.630371           0   33.630371     43.4143   33.630371     -3.6829
   33.642579          85   33.642579           0   33.642579     43.3163   33.642579      4.5212
   33.654786          30   33.654786           0   33.654786     43.2191   33.654786     -2.4135
   33.666993          45   33.666993           0   33.666993     43.2174   33.666993      0.2657
   33.679200          45   33.679200           0   33.679200     43.1198   33.679200      0.2803
   33.691407          50   33.691407           0   33.691407     43.0224   33.691407      0.9868
   33.703614          65   33.703614           0   33.703614     42.9253   33.703614      2.7380
   33.715821          50   33.715821           0   33.715821     42.8283   33.715821      1.0142
   33.728028          25   33.728028           0   33.728028     42.7316   33.728028     -3.5463
   33.740235          50   33.740235           0   33.740235     42.6351   33.740235      1.0416
   33.752442          30   33.752442           0   33.752442     42.5388   33.752442     -2.2893
   33.764649          20   33.764649           0   33.764649     42.4427   33.764649     -5.0183
   33.776856          90   33.776856           0   33.776856     42.3469   33.776856      5.0231
   33.789063          55   33.789063           0   33.789063     42.2513   33.789063      1.7190
   33.801270          45   33.801270           0   33.801270     42.1558   33.801270      0.4240
   33.813477          55   33.813477           0   33.813477     42.0606   33.813477      1.7447
   33.825684          50   33.825684           0   33.825684     41.9656   33.825684      1.1362
   33.837891          65   33.837891           0   33.837891     41.8709   33.837891      2.8688
   33.850098          25   33.850098           0   33.850098     41.7763   33.850098     -3.3553
   33.862305          45   33.862305           0   33.862305     41.6820   33.862305      0.4946
   33.874512          30   33.874512           0   33.874512     41.5878   33.874512     -2.1156
   33.886719          50   33.886719           0   33.886719     41.4939   33.886719      1.2029
   33.898926          65   33.898926           0   33.898926     41.4002   33.898926      2.9272
   33.911133          45   33.911133           0   33.911133     41.3067   33.911133      0.5506
   33.923340          55   33.923340           0   33.923340     41.2134   33.923340      1.8590
   33.935547          40   33.935547           0   33.935547     41.1203   33.935547     -0.1771
   33.947754          35   33.947754           0   33.947754     41.0275   33.947754     -1.0188
   33.959961          35   33.959961           0   33.959961     40.9348   33.959961     -1.0032
   33.972168          25   33.972168           0   33.972168     40.8424   33.972168     -3.1685
   33.984375          85   33.984375           0   33.984375     40.7501   33.984375      4.7996
   33.996582          35   33.996582           0   33.996582     40.6581   33.996582     -0.9564
   34.008789          30   34.008789           0   34.008789     40.5663   34.008789     -1.9291
   34.020996          65   34.020996           0   34.020996     40.4747   34.020996      3.0420
   34.033204          60   34.033204           0   34.033204     40.3833   34.033204      2.5325
   34.045411          45   34.045411           0   34.045411     40.2921   34.045411      0.7018
   34.057618          35   34.057618           0   34.057618     40.2011   34.057618     -0.8791
   34.069825          50   34.069825           0   34.069825     40.1103   34.069825      1.3986
   34.082032          30   34.082032           0   34.082032     40.0197   34.082032     -1.8293
   34.094239          45   34.094239           0   34.094239     39.9293   34.094239      0.7559
   34.106446          45   34.106446           0   34.106446     39.8392   34.106446      0.7693
   34.118653          35   34.118653           0   34.118653     39.7492   34.118653     -0.8028
   34.130860          30   34.130860           0   34.130860     39.6594   34.130860     -1.7636
   34.143067          45   34.143067           0   34.143067     39.5699   34.143067      0.8095
   34.155274          25   34.155274           0   34.155274     39.4805   34.155274     -2.8961
   34.167481          35   34.167481           0   34.167481     39.3913   34.167481     -0.7423
   34.179688          70   34.179688           0   34.179688     39.3024   34.179688      3.6691
   34.191895          25   34.191895           0   34.191895     39.2136   34.191895     -2.8427
   34.204102          60   34.204102           0   34.204102     39.1251   34.204102      2.6949
   34.216309          30   34.216309           0   34.216309     39.0367   34.216309     -1.6499
   34.228516          30   34.228516           0   34.228516     38.9485   34.228516     -1.6338
   34.240723          35   34.240723           0   34.240723     38.8606   34.240723     -0.6526
   34.252930          35   34.252930           0   34.252930     38.7728   34.252930     -0.6377
   34.265137          55   34.265137           0   34.265137     38.6853   34.265137      2.1999
   34.277344          45   34.277344           0   34.277344     38.5979   34.277344      0.9544
   34.289551          40   34.289551           0   34.289551     38.5107   34.289551      0.2355
   34.301758          40   34.301758           0   34.301758     38.4238   34.301758      0.2492
   34.313965          30   34.313965           0   34.313965     38.3370   34.313965     -1.5221
   34.326172          25   34.326172           0   34.326172     38.2504   34.326172     -2.6501
   34.338379          30   34.338379           0   34.338379     38.1640   34.338379     -1.4905
   34.350586          30   34.350586           0   34.350586     38.0778   34.350586     -1.4748
   34.362793          25   34.362793           0   34.362793     37.9918   34.362793     -2.5984
   34.375000          50   34.375000           0   34.375000     37.9060   34.375000      1.7103
   34.387207          35   34.387207           5   34.387207     37.8204   34.387207     -0.4767
   34.399414          45   34.399414           0   34.399414     37.7350   34.399414      1.0830
   34.411621          25   34.411621           0   34.411621     37.6498   34.411621     -2.5300
   34.423829          40   34.423829           0   34.423829     37.5648   34.423829      0.3850
   34.436036          30   34.436036           0   34.436036     37.4799   34.436036     -1.3656
   34.448243          45   34.448243           0   34.448243     37.3953   34.448243      1.1336
   34.460450          45   34.460450           0   34.460450     37.3108   34.460450      1.1462
   34.472657          70   34.472657           0   34.472657     37.2266   34.472657      3.9172
   34.484864          45   34.484864           0   34.484864     37.1425   34.484864      1.1713
   34.497071          20   34.497071           0   34.497071     37.0586   34.497071     -3.8144
   34.509278          55   34.509278           0   34.509278     36.9749   34.509278      2.4305
   34.521485          30   34.521485           0   34.521485     36.8914   34.521485     -1.2582
   34.533692          25   34.533692           5   34.533692     36.8081   34.533692     -2.3616
   34.545899          45   34.545899           0   34.545899     36.7250   34.545899      1.2336
   34.558106          30   34.558106           0   34.558106     36.6421   34.558106     -1.2127
   34.570313          55   34.570313           0   34.570313     36.5593   34.570313      2.4865
   34.582520          45   34.582520           0   34.582520     36.4767   34.582520      1.2706
   34.594727          55   34.594727           0   34.594727     36.3944   34.594727      2.5088
   34.606934          40   34.606934           0   34.606934     36.3122   34.606934      0.5831
   34.619141          55   34.619141           0   34.619141     36.2302   34.619141      2.5309
   34.631348          45   34.631348           0   34.631348     36.1483   34.631348      1.3195
   34.643555          40   34.643555           0   34.643555     36.0667   34.643555      0.6219
   34.655762          40   34.655762           0   34.655762     35.9853   34.655762      0.6348
   34.667969          40   34.667969           0   34.667969     35.9040   34.667969      0.6476
   34.680176          25   34.680176           0   34.680176     35.8229   34.680176     -2.1646
   34.692383          30   34.692383           0   34.692383     35.7420   34.692383     -1.0483
   34.704590          55   34.704590           0   34.704590     35.6613   34.704590      2.6076
   34.716797          20   34.716797           0   34.716797     35.5808   34.716797     -3.4840
   34.729004          50   34.729004           0   34.729004     35.5004   34.729004      2.0506
   34.741211          45   34.741211           0   34.741211     35.4202   34.741211      1.4281
   34.753418          30   34.753418           0   34.753418     35.3409   34.753418     -0.9751
   34.765625          35   34.765625           0   34.765625     35.3570   34.765625     -0.0603
   34.777832          55   34.777832           0   34.777832     35.2771   34.777832      2.6594
   34.790039          65   34.790039           0   34.790039     35.1975   34.790039      3.6966
   34.802247          50   34.802247           0   34.802247     35.1180   34.802247      2.1046
   34.814454          30   34.814454           0   34.814454     35.0387   34.814454     -0.9199
   34.826661          70   34.826661           0   34.826661     34.9595   34.826661      4.1881
   34.838868          30   34.838868           0   34.838868     34.8806   34.838868     -0.8911
   34.851075          55   34.851075           0   34.851075     34.8018   34.851075      2.7235
   34.863282          50   34.863282           0   34.863282     34.7232   34.863282      2.1605
   34.875489          25   34.875489           0   34.875489     34.6448   34.875489     -1.9290
   34.887696          35   34.887696           0   34.887696     34.5665   34.887696      0.0733
   34.899903          55   34.899903           0   34.899903     34.4892   34.899903      2.7657
   34.912110          30   34.912110           0   34.912110     34.5071   34.912110     -0.8229
   34.924317          40   34.924317           0   34.924317     34.4292   34.924317      0.8808
   34.936524          50   34.936524           0   34.936524     34.3515   34.936524      2.2130
   34.948731          10   34.948731           0   34.948731     34.2739   34.948731     -7.6761
   34.960938          55   34.960938           0   34.960938     34.1965   34.960938      2.8051
   34.973145          65   34.973145           0   34.973145     34.1193   34.973145      3.8303
   34.985352          40   34.985352           0   34.985352     34.0422   34.985352      0.9420
   34.997559          25   34.997559           0   34.997559     33.9653   34.997559     -1.7931
   35.009766          55   35.009766           0   35.009766     33.8886   35.009766      2.8467
   35.021973          35   35.021973           0   35.021973     33.8121   35.021973      0.2008
   35.034180          60   35.034180           0   35.034180     33.7357   35.034180      3.3907
   35.046387          45   35.046387           0   35.046387     33.6595   35.046387      1.6905
   35.058594          25   35.058594           5   35.058594     33.5835   35.058594     -1.7167
   35.070801          70   35.070801           0   35.070801     33.5077   35.070801      4.3617
   35.083008          20   35.083008           0   35.083008     33.4320   35.083008     -3.0035
   35.095215          30   35.095215           0   35.095215     33.3565   35.095215     -0.6128
   35.107422          35   35.107422           0   35.107422     33.2812   35.107422      0.2905
   35.119629          20   35.119629           0   35.119629     33.2060   35.119629     -2.9530
   35.131836          45   35.131836           0   35.131836     33.1310   35.131836      1.7693
   35.144043          75   35.144043           0   35.144043     33.0562   35.144043      4.8433
   35.156250          35   35.156250           0   35.156250     32.9815   35.156250      0.3412
   35.168457          30   35.168457           0   35.168457     32.9071   35.168457     -0.5308
   35.180664          25   35.180664           0   35.180664     32.8327   35.180664     -1.5665
   35.192872          30   35.192872           0   35.192872     32.7586   35.192872     -0.5036
   35.205079          35   35.205079           0   35.205079     32.6846   35.205079      0.3914
   35.217286          10   35.217286           0   35.217286     32.6108   35.217286     -7.1502
   35.229493          50   35.229493           0   35.229493     32.5372   35.229493      2.4696
   35.241700          35   35.241700           0   35.241700     32.4637   35.241700      0.4287
   35.253907          15   35.253907           0   35.253907     32.3904   35.253907     -4.4902
   35.266114          50   35.266114           0   35.266114     32.3172   35.266114      2.5007
   35.278321          35   35.278321           0   35.278321     32.2442   35.278321      0.4658
   35.290528          25   35.290528           0   35.290528     32.1714   35.290528     -1.4343
   35.302735          35   35.302735           0   35.302735     32.0988   35.302735      0.4904
   35.314942          55   35.314942           0   35.314942     32.0263   35.314942      3.0978
   35.327149          50   35.327149           0   35.327149     31.9539   35.327149      2.5521
   35.339356          40   35.339356           0   35.339356     31.8818   35.339356      1.2836
   35.351563          65   35.351563           0   35.351563     31.8098   35.351563      4.1167
   35.363770          20   35.363770           0   35.363770     31.7379   35.363770     -2.6247
   35.375977          40   35.375977           0   35.375977     31.6663   35.375977      1.3177
   35.388184          20   35.388184           0   35.388184     31.5947   35.388184     -2.5927
   35.400391          25   35.400391           0   35.400391     31.5234   35.400391     -1.3047
   35.412598          25   35.412598           0   35.412598     31.4522   35.412598     -1.2904
   35.424805          30   35.424805           0   35.424805     31.3819   35.424805     -0.2523
   35.437012          20   35.437012           0   35.437012     31.4068   35.437012     -2.5506
   35.449219          40   35.449219           0   35.449219     31.3359   35.449219      1.3699
   35.461426          60   35.461426           0   35.461426     31.2652   35.461426      3.7097
   35.473633          20   35.473633           5   35.473633     31.1945   35.473633     -2.5032
   35.485840          20   35.485840           0   35.485840     31.1241   35.485840     -2.4874
   35.498047          35   35.498047           0   35.498047     31.0538   35.498047      0.6670
   35.510254          25   35.510254           0   35.510254     30.9837   35.510254     -1.1967
   35.522461          45   35.522461           0   35.522461     30.9137   35.522461      2.0999
   35.534668          25   35.534668           0   35.534668     30.8439   35.534668     -1.1688
   35.546875          30   35.546875           0   35.546875     30.7742   35.546875     -0.1414
   35.559082          35   35.559082           0   35.559082     30.7047   35.559082      0.7260
   35.571289          35   35.571289           0   35.571289     30.6354   35.571289      0.7378
   35.583497          45   35.583497           0   35.583497     30.5662   35.583497      2.1517
   35.595704          55   35.595704           0   35.595704     30.4972   35.595704      3.3040
   35.607911          25   35.607911           0   35.607911     30.4283   35.607911     -1.0857
   35.620118          20   35.620118           0   35.620118     30.3596   35.620118     -2.3165
   35.632325          30   35.632325           0   35.632325     30.2910   35.632325     -0.0531
   35.644532          20   35.644532           0   35.644532     30.2226   35.644532     -2.2858
   35.656739          25   35.656739           0   35.656739     30.1544   35.656739     -1.0309
   35.668946          45   35.668946           0   35.668946     30.0863   35.668946      2.2232
   35.681153          20   35.681153           0   35.681153     30.0183   35.681153     -2.2402
   35.693360          40   35.693360           0   35.693360     29.9505   35.693360      1.5890
   35.705567          25   35.705567           0   35.705567     29.8829   35.705567     -0.9766
   35.717774          45   35.717774           0   35.717774     29.8154   35.717774      2.2636
   35.729981          45   35.729981           5   35.729981     29.7481   35.729981      2.2736
   35.742188          30   35.742188           0   35.742188     29.6809   35.742188      0.0583
   35.754395          25   35.754395           0   35.754395     29.6139   35.754395     -0.9228
   35.766602          30   35.766602           0   35.766602     29.5470   35.766602      0.0827
   35.778809          20   35.778809           0   35.778809     29.4802   35.778809     -2.1198
   35.791016          25   35.791016           0   35.791016     29.4137   35.791016     -0.8827
   35.803223          30   35.803223           0   35.803223     29.3472   35.803223      0.1192
   35.815430          25   35.815430           0   35.815430     29.2810   35.815430     -0.8562
   35.827637          35   35.827637           0   35.827637     29.2148   35.827637      0.9779
   35.839844          35   35.839844           0   35.839844     29.1496   35.839844      0.9889
   35.852051          30   35.852051           0   35.852051     29.1796   35.852051      0.1498
   35.864258          30   35.864258           5   35.864258     29.1137   35.864258      0.1618
   35.876465          20   35.876465           0   35.876465     29.0479   35.876465     -2.0232
   35.888672          50   35.888672           0   35.888672     28.9823   35.888672      2.9723
   35.900879          20   35.900879           0   35.900879     28.9169   35.900879     -1.9939
   35.913086          75   35.913086           0   35.913086     28.8516   35.913086      5.3288
   35.925293          20   35.925293           0   35.925293     28.7864   35.925293     -1.9647
   35.937500          35   35.937500           0   35.937500     28.7214   35.937500      1.0613
   35.949707          60   35.949707           0   35.949707     28.6565   35.949707      4.0464
   35.961914          50   35.961914           0   35.961914     28.5918   35.961914      3.0276
   35.974122          20   35.974122           0   35.974122     28.5273   35.974122     -1.9068
   35.986329          10   35.986329           0   35.986329     28.4628   35.986329     -5.8385
   35.998536          20   35.998536           0   35.998536     28.3986   35.998536     -1.8780
   36.010743          30   36.010743           0   36.010743     28.3344   36.010743      0.3041
   36.022950          35   36.022950           0   36.022950     28.2704   36.022950      1.1375
   36.035157          30   36.035157           0   36.035157     28.2066   36.035157      0.3274
   36.047364          20   36.047364           0   36.047364     28.1429   36.047364     -1.8208
   36.059571          30   36.059571           0   36.059571     28.0793   36.059571      0.3507
   36.071778          15   36.071778           0   36.071778     28.0159   36.071778     -3.3607
   36.083985          30   36.083985           0   36.083985     27.9526   36.083985      0.3738
   36.096192          50   36.096192           0   36.096192     27.8902   36.096192      3.1268
   36.108399          15   36.108399           0   36.108399     27.9231   36.108399     -3.3367
   36.120606          30   36.120606           0   36.120606     27.8600   36.120606      0.3907
   36.132813          30   36.132813           0   36.132813     27.7971   36.132813      0.4022
   36.145020          55   36.145020           0   36.145020     27.7343   36.145020      3.6765
   36.157227          30   36.157227           5   36.157227     27.6717   36.157227      0.4251
   36.169434          55   36.169434           0   36.169434     27.6092   36.169434      3.6934
   36.181641          15   36.181641           0   36.181641     27.5468   36.181641     -3.2396
   36.193848          45   36.193848           0   36.193848     27.4846   36.193848      2.6110
   36.206055          55   36.206055           0   36.206055     27.4226   36.206055      3.7185
   36.218262          25   36.218262           0   36.218262     27.3606   36.218262     -0.4721
   36.230469          15   36.230469           0   36.230469     27.2995   36.230469     -3.1757
   36.242676          40   36.242676           0   36.242676     27.3337   36.242676      2.0027
   36.254883          35   36.254883           0   36.254883     27.2720   36.254883      1.3063
   36.267090          25   36.267090           0   36.267090     27.2104   36.267090     -0.4421
   36.279297          55   36.279297           0   36.279297     27.1490   36.279297      3.7554
   36.291504          15   36.291504           0   36.291504     27.0877   36.291504     -3.1210
   36.303711          25   36.303711           0   36.303711     27.0265   36.303711     -0.4053
   36.315918          10   36.315918           0   36.315918     26.9654   36.315918     -5.3649
   36.328125          25   36.328125           0   36.328125     26.9046   36.328125     -0.3809
   36.340332          15   36.340332           0   36.340332     26.8438   36.340332     -3.0581
   36.352539          25   36.352539           0   36.352539     26.7832   36.352539     -0.3566
   36.364747          25   36.364747           0   36.364747     26.7227   36.364747     -0.3445
   36.376954          30   36.376954           0   36.376954     26.6623   36.376954      0.6094
   36.389161          30   36.389161           0   36.389161     26.6021   36.389161      0.6204
   36.401368          20   36.401368           0   36.401368     26.5420   36.401368     -1.4628
   36.413575          35   36.413575           0   36.413575     26.4821   36.413575      1.4398
   36.425782          55   36.425782           0   36.425782     26.4223   36.425782      3.8534
   36.437989          20   36.437989           0   36.437989     26.3626   36.437989     -1.4227
   36.450196          40   36.450196           0   36.450196     26.3031   36.450196      2.1657
   36.462403          35   36.462403           0   36.462403     26.2437   36.462403      1.4801
   36.474610          25   36.474610           0   36.474610     26.1844   36.474610     -0.2369
   36.486817          25   36.486817           0   36.486817     26.1253   36.486817     -0.2251
   36.499024          20   36.499024           0   36.499024     26.0663   36.499024     -1.3565
   36.511231          15   36.511231           0   36.511231     26.0074   36.511231     -2.8421
   36.523438          25   36.523438           0   36.523438     25.9494   36.523438     -0.1899
   36.535645          20   36.535645           0   36.535645     25.9866   36.535645     -1.3387
   36.547852          35   36.547852           0   36.547852     25.9279   36.547852      1.5335
   36.560059          40   36.560059           0   36.560059     25.8694   36.560059      2.2342
   36.572266          10   36.572266           5   36.572266     25.8110   36.572266     -4.9999
   36.584473          40   36.584473           0   36.584473     25.7527   36.584473      2.2527
   36.596680          25   36.596680           0   36.596680     25.6945   36.596680     -0.1389
   36.608887          30   36.608887           0   36.608887     25.6365   36.608887      0.7967
   36.621094          15   36.621094           0   36.621094     25.5786   36.621094     -2.7314
   36.633301          35   36.633301           0   36.633301     25.5208   36.633301      1.6023
   36.645508          30   36.645508           0   36.645508     25.4632   36.645508      0.8283
   36.657715          40   36.657715           0   36.657715     25.4057   36.657715      2.3076
   36.669922          30   36.669922           5   36.669922     25.3483   36.669922      0.8493
   36.682129          50   36.682129           0   36.682129     25.2911   36.682129      3.4944
   36.694336          20   36.694336           0   36.694336     25.2339   36.694336     -1.1703
   36.706543          10   36.706543           0   36.706543     25.1770   36.706543     -4.7994
   36.718750          30   36.718750           0   36.718750     25.1201   36.718750      0.8909
   36.730957          35   36.730957           0   36.730957     25.0634   36.730957      1.6796
   36.743164          25   36.743164           0   36.743164     25.0068   36.743164     -0.0014
   36.755372          40   36.755372           0   36.755372     24.9503   36.755372      2.3796
   36.767579          35   36.767579           0   36.767579     24.8939   36.767579      1.7082
   36.779786          20   36.779786           0   36.779786     24.8377   36.779786     -1.0817
   36.791993          10   36.791993           0   36.791993     24.7816   36.791993     -4.6744
   36.804200          20   36.804200           0   36.804200     24.7257   36.804200     -1.0567
   36.816407          40   36.816407           0   36.816407     24.6698   36.816407      2.4239
   36.828614           5   36.828614           0   36.828614     24.6141   36.828614     -8.7717
   36.840821          35   36.840821           0   36.840821     24.5585   36.840821      1.7649
   36.853028          20   36.853028           0   36.853028     24.5031   36.853028     -1.0069
   36.865235          35   36.865235           0   36.865235     24.4477   36.865235      1.7837
   36.877442          30   36.877442           0   36.877442     24.3925   36.877442      1.0238
   36.889649          50   36.889649           0   36.889649     24.3374   36.889649      3.6292
   36.901856          30   36.901856           0   36.901856     24.2825   36.901856      1.0439
   36.914063          40   36.914063           0   36.914063     24.2276   36.914063      2.4938
   36.926270          30   36.926270           0   36.926270     24.1729   36.926270      1.0639
   36.938477          15   36.938477           0   36.938477     24.1190   36.938477     -2.3545
   36.950684          35   36.950684           0   36.950684     24.1604   36.950684      1.8322
   36.962891          25   36.962891           0   36.962891     24.1058   36.962891      0.1788
   36.975098          70   36.975098           0   36.975098     24.0514   36.975098      5.4919
   36.987305          30   36.987305           0   36.987305     23.9971   36.987305      1.0960
   36.999512          45   36.999512           0   36.999512     23.9429   36.999512      3.1390
   37.011719          30   37.011719           0   37.011719     23.8888   37.011719      1.1157
   37.023926          45   37.023926           0   37.023926     23.8349   37.023926      3.1551
   37.036133          40   37.036133           0   37.036133     23.7817   37.036133      2.5643
   37.048340          35   37.048340           0   37.048340     23.8239   37.048340      1.8891
   37.060547          55   37.060547           0   37.060547     23.7701   37.060547      4.2110
   37.072754          20   37.072754           0   37.072754     23.7164   37.072754     -0.8310
   37.084961          10   37.084961           0   37.084961     23.6628   37.084961     -4.3206
   37.097168          35   37.097168           5   37.097168     23.6094   37.097168      1.9254
   37.109375          35   37.109375           0   37.109375     23.5561   37.109375      1.9344
   37.121582          35   37.121582           0   37.121582     23.5029   37.121582      1.9434
   37.133789          25   37.133789           0   37.133789     23.4498   37.133789      0.3100
   37.145997          30   37.145997           0   37.145997     23.3968   37.145997      1.2056
   37.158204          20   37.158204           0   37.158204     23.3440   37.158204     -0.7477
   37.170411          45   37.170411           0   37.170411     23.2913   37.170411      3.2361
   37.182618          20   37.182618           0   37.182618     23.2387   37.182618     -0.7242
   37.194825          30   37.194825           0   37.194825     23.1862   37.194825      1.2440
   37.207032          35   37.207032           0   37.207032     23.1338   37.207032      2.0057
   37.219239          55   37.219239           0   37.219239     23.0816   37.219239      4.3039
   37.231446          20   37.231446           0   37.231446     23.0295   37.231446     -0.6774
   37.243653          20   37.243653           0   37.243653     22.9775   37.243653     -0.6658
   37.255860          15   37.255860           0   37.255860     22.9256   37.255860     -2.0464
   37.268067           5   37.268067           0   37.268067     22.8738   37.268067     -7.9934
   37.280274          45   37.280274           0   37.280274     22.8221   37.280274      3.3061
   37.292481          40   37.292481           0   37.292481     22.7706   37.292481      2.7242
   37.304688          10   37.304688           0   37.304688     22.7192   37.304688     -4.0222
   37.316895          25   37.316895           0   37.316895     22.6679   37.316895      0.4664
   37.329102          20   37.329102           0   37.329102     22.6167   37.329102     -0.5851
   37.341309          35   37.341309           0   37.341309     22.5656   37.341309      2.1018
   37.353516          30   37.353516           0   37.353516     22.5146   37.353516      1.3666
   37.365723          50   37.365723           0   37.365723     22.4638   37.365723      3.8942
   37.377930          40   37.377930           0   37.377930     22.4131   37.377930      2.7807
   37.390137          15   37.390137           0   37.390137     22.3624   37.390137     -1.9010
   37.402344          30   37.402344           0   37.402344     22.3119   37.402344      1.4036
   37.414551          10   37.414551           0   37.414551     22.2616   37.414551     -3.8774
   37.426758          35   37.426758           0   37.426758     22.2113   37.426758      2.1617
   37.438965          30   37.438965           0   37.438965     22.1611   37.438965      1.4312
   37.451172          25   37.451172           0   37.451172     22.1111   37.451172      0.5778
   37.463379          45   37.463379           0   37.463379     22.0618   37.463379      3.4194
   37.475586          25   37.475586           0   37.475586     22.1079   37.475586      0.5784
   37.487793          30   37.487793           0   37.487793     22.0579   37.487793      1.4500
   37.500000          40   37.500000           5   37.500000     22.0081   37.500000      2.8448
   37.512207          20   37.512207           0   37.512207     21.9584   37.512207     -0.4379
   37.524415          20   37.524415           0   37.524415     21.9088   37.524415     -0.4268
   37.536622          45   37.536622           0   37.536622     21.8593   37.536622      3.4496
   37.548829          35   37.548829           0   37.548829     21.8100   37.548829      2.2295
   37.561036          20   37.561036           0   37.561036     21.7607   37.561036     -0.3937
   37.573243          30   37.573243           5   37.573243     21.7116   37.573243      1.5133
   37.585450          15   37.585450           0   37.585450     21.6625   37.585450     -1.7203
   37.597657          30   37.597657           0   37.597657     21.6136   37.597657      1.5311
   37.609864          10   37.609864           0   37.609864     21.5648   37.609864     -3.6571
   37.622071           5   37.622071           0   37.622071     21.5161   37.622071     -7.3862
   37.634278          30   37.634278           0   37.634278     21.4675   37.634278      1.5578
   37.646485          20   37.646485           0   37.646485     21.4190   37.646485     -0.3173
   37.658692          40   37.658692           0   37.658692     21.3707   37.658692      2.9456
   37.670899          50   37.670899           0   37.670899     21.3224   37.670899      4.0556
   37.683106          10   37.683106           0   37.683106     21.2743   37.683106     -3.5652
   37.695313          25   37.695313           0   37.695313     21.2262   37.695313      0.7548
   37.707520          25   37.707520           0   37.707520     21.1783   37.707520      0.7643
   37.719727          50   37.719727           0   37.719727     21.1304   37.719727      4.0828
   37.731934          20   37.731934           5   37.731934     21.0827   37.731934     -0.2421
   37.744141          15   37.744141           0   37.744141     21.0351   37.744141     -1.5583
   37.756348          20   37.756348           0   37.756348     20.9876   37.756348     -0.2208
   37.768555          35   37.768555           0   37.768555     20.9402   37.768555      2.3765
   37.780762          20   37.780762           0   37.780762     20.8929   37.780762     -0.1997
   37.792969          35   37.792969           0   37.792969     20.8457   37.792969      2.3925
   37.805176          10   37.805176           0   37.805176     20.7987   37.805176     -3.4148
   37.817383          25   37.817383           0   37.817383     20.7517   37.817383      0.8497
   37.829590          40   37.829590           0   37.829590     20.7048   37.829590      3.0508
   37.841797           0   37.841797           0   37.841797     20.6581   37.841797    -20.6581
   37.854004          25   37.854004           0   37.854004     20.6114   37.854004      0.8777
   37.866211          15   37.866211           0   37.866211     20.5656   37.866211     -1.4370
   37.878418          20   37.878418           0   37.878418     20.6150   37.878418     -0.1375
   37.890625          30   37.890625           0   37.890625     20.5684   37.890625      1.7220
   37.902832          10   37.902832           0   37.902832     20.5220   37.902832     -3.3273
   37.915040           5   37.915040           0   37.915040     20.4756   37.915040     -6.9209
   37.927247          15   37.927247           0   37.927247     20.4294   37.927247     -1.4019
   37.939454          15   37.939454           0   37.939454     20.3839   37.939454     -1.3901
   37.951661          15   37.951661           5   37.951661     20.4337   37.951661     -1.4030
   37.963868          10   37.963868           0   37.963868     20.3876   37.963868     -3.2848
   37.976075          20   37.976075           0   37.976075     20.3416   37.976075     -0.0764
   37.988282          20   37.988282           0   37.988282     20.2956   37.988282     -0.0661
   38.000489          25   38.000489           5   38.000489     20.2498   38.000489      0.9500
   38.012696          30   38.012696           0   38.012696     20.2041   38.012696      1.7885
   38.024903          15   38.024903           0   38.024903     20.1584   38.024903     -1.3319
   38.037110           5   38.037110           0   38.037110     20.1129   38.037110     -6.7587
   38.049317          20   38.049317           0   38.049317     20.0675   38.049317     -0.0151
   38.061524          25   38.061524           0   38.061524     20.0222   38.061524      0.9956
   38.073731          20   38.073731           0   38.073731     19.9769   38.073731      0.0052
   38.085938          30   38.085938           0   38.085938     19.9318   38.085938      1.8382
   38.098145          15   38.098145           0   38.098145     19.8875   38.098145     -1.2619
   38.110352          30   38.110352           0   38.110352     19.9384   38.110352      1.8370
   38.122559          20   38.122559           0   38.122559     19.8934   38.122559      0.0238
   38.134766          20   38.134766           0   38.134766     19.8485   38.134766      0.0339
   38.146973          30   38.146973           0   38.146973     19.8037   38.146973      1.8616
   38.159180           5   38.159180           0   38.159180     19.7589   38.159180     -6.6004
   38.171387           5   38.171387           0   38.171387     19.7143   38.171387     -6.5804
   38.183594          15   38.183594           5   38.183594     19.6698   38.183594     -1.2057
   38.195801          10   38.195801           0   38.195801     19.6254   38.195801     -3.0438
   38.208008          20   38.208008           0   38.208008     19.5811   38.208008      0.0937
   38.220215          60   38.220215           0   38.220215     19.5368   38.220215      5.2238
   38.232422          15   38.232422           0   38.232422     19.4927   38.232422     -1.1600
   38.244629           5   38.244629           0   38.244629     19.4487   38.244629     -6.4617
   38.256836          15   38.256836           0   38.256836     19.4048   38.256836     -1.1373
   38.269043           5   38.269043           0   38.269043     19.3609   38.269043     -6.4224
   38.281250          20   38.281250           0   38.281250     19.3172   38.281250      0.1527
   38.293457          35   38.293457           0   38.293457     19.2736   38.293457      2.6582
   38.305665          25   38.305665           0   38.305665     19.2301   38.305665      1.1540
   38.317872          35   38.317872           0   38.317872     19.1873   38.317872      2.6728
   38.330079          10   38.330079           0   38.330079     19.2399   38.330079     -2.9219
   38.342286          35   38.342286           0   38.342286     19.1964   38.342286      2.6713
   38.354493          40   38.354493           0   38.354493     19.1531   38.354493      3.2962
   38.366700          35   38.366700           0   38.366700     19.1105   38.366700      2.6858
   38.378907          15   38.378907           0   38.378907     19.1632   38.378907     -1.0749
   38.391114          15   38.391114           0   38.391114     19.1199   38.391114     -1.0638
   38.403321           5   38.403321           0   38.403321     19.0767   38.403321     -6.2953
   38.415528          10   38.415528           0   38.415528     19.0336   38.415528     -2.8567
   38.427735          15   38.427735           0   38.427735     18.9907   38.427735     -1.0304
   38.439942          15   38.439942           0   38.439942     18.9478   38.439942     -1.0193
   38.452149          30   38.452149           5   38.452149     18.9050   38.452149      2.0257
   38.464356          20   38.464356           0   38.464356     18.8623   38.464356      0.2544
   38.476563          10   38.476563           0   38.476563     18.8197   38.476563     -2.7890
   38.488770          20   38.488770           0   38.488770     18.7772   38.488770      0.2734
   38.500977          20   38.500977           0   38.500977     18.7348   38.500977      0.2829
   38.513184          10   38.513184           0   38.513184     18.6925   38.513184     -2.7488
   38.525391          30   38.525391           0   38.525391     18.6503   38.525391      2.0722
   38.537598          15   38.537598           0   38.537598     18.6081   38.537598     -0.9316
   38.549805          15   38.549805           0   38.549805     18.5668   38.549805     -0.9209
   38.562012          10   38.562012           0   38.562012     18.6207   38.562012     -2.7261
   38.574219          20   38.574219           5   38.574219     18.5787   38.574219      0.3178
   38.586426          30   38.586426           0   38.586426     18.5367   38.586426      2.0929
   38.598633          10   38.598633           0   38.598633     18.4949   38.598633     -2.6863
   38.610840          15   38.610840           0   38.610840     18.4531   38.610840     -0.8916
   38.623047          10   38.623047           5   38.623047     18.4114   38.623047     -2.6599
   38.635254          30   38.635254           0   38.635254     18.3698   38.635254      2.1234
   38.647461          15   38.647461           0   38.647461     18.3284   38.647461     -0.8594
   38.659668          10   38.659668           0   38.659668     18.2870   38.659668     -2.6206
   38.671875          20   38.671875           0   38.671875     18.2457   38.671875      0.3923
   38.684082          15   38.684082           0   38.684082     18.2045   38.684082     -0.8274
   38.696290          20   38.696290           5   38.696290     18.1633   38.696290      0.4107
   38.708497          20   38.708497           5   38.708497     18.1223   38.708497      0.4199
   38.720704          15   38.720704           0   38.720704     18.0814   38.720704     -0.7956
   38.732911           5   38.732911           0   38.732911     18.0406   38.732911     -5.8319
   38.745118          30   38.745118           0   38.745118     17.9998   38.745118      2.1909
   38.757325           5   38.757325           0   38.757325     17.9592   38.757325     -5.7955
   38.769532          20   38.769532           0   38.769532     17.9186   38.769532      0.4654
   38.781739          40   38.781739           0   38.781739     17.8782   38.781739      3.4978
   38.793946          15   38.793946           0   38.793946     17.8378   38.793946     -0.7327
   38.806153          20   38.806153           0   38.806153     17.7975   38.806153      0.4925
   38.818360          30   38.818360           0   38.818360     17.7580   38.818360      2.2351
   38.830567          20   38.830567           0   38.830567     17.8137   38.830567      0.4889
   38.842774          25   38.842774           0   38.842774     17.7735   38.842774      1.4453
   38.854981          15   38.854981           0   38.854981     17.7334   38.854981     -0.7058
   38.867188          15   38.867188           0   38.867188     17.6933   38.867188     -0.6954
   38.879395          10   38.879395           0   38.879395     17.6534   38.879395     -2.4202
   38.891602          10   38.891602           0   38.891602     17.6135   38.891602     -2.4076
   38.903809          30   38.903809           0   38.903809     17.5737   38.903809      2.2687
   38.916016          20   38.916016           0   38.916016     17.5340   38.916016      0.5514
   38.928223          15   38.928223           0   38.928223     17.4944   38.928223     -0.6441
   38.940430          15   38.940430           5   38.940430     17.4556   38.940430     -0.6340
   38.952637          25   38.952637           0   38.952637     17.5121   38.952637      1.4976
   38.964844          35   38.964844           0   38.964844     17.4725   38.964844      2.9627
   38.977051          10   38.977051           0   38.977051     17.4330   38.977051     -2.3505
   38.989258          30   38.989258           0   38.989258     17.3944   38.989258      2.3015
   39.001465          15   39.001465           0   39.001465     17.4509   39.001465     -0.6328
   39.013672          15   39.013672           0   39.013672     17.4115   39.013672     -0.6227
   39.025879          10   39.025879           0   39.025879     17.3722   39.025879     -2.3313
   39.038086          20   39.038086           0   39.038086     17.3330   39.038086      0.5964
   39.050293          15   39.050293           0   39.050293     17.2938   39.050293     -0.5923
   39.062500          10   39.062500           0   39.062500     17.2555   39.062500     -2.2944
   39.074707          20   39.074707           0   39.074707     17.3130   39.074707      0.6008
   39.086915           5   39.086915           0   39.086915     17.3698   39.086915     -5.5319
   39.099122          15   39.099122           5   39.099122     17.3306   39.099122     -0.6018
   39.111329           5   39.111329           0   39.111329     17.2914   39.111329     -5.4969
   39.123536          15   39.123536           0   39.123536     17.2524   39.123536     -0.5816
   39.135743           5   39.135743           0   39.135743     17.2134   39.135743     -5.4620
   39.147950          15   39.147950           0   39.147950     17.1745   39.147950     -0.5615
   39.160157          20   39.160157           0   39.160157     17.1358   39.160157      0.6405
   39.172364          15   39.172364           0   39.172364     17.0971   39.172364     -0.5415
   39.184571           5   39.184571           0   39.184571     17.0584   39.184571     -5.3927
   39.196778          15   39.196778           5   39.196778     17.0199   39.196778     -0.5215
   39.208985          10   39.208985           0   39.208985     16.9815   39.208985     -2.2077
   39.221192          20   39.221192           0   39.221192     16.9431   39.221192      0.6835
   39.233399          20   39.233399           0   39.233399     16.9049   39.233399      0.6921
   39.245606          15   39.245606           0   39.245606     16.8667   39.245606     -0.4820
   39.257813          15   39.257813           0   39.257813     16.8286   39.257813     -0.4721
   39.270020          25   39.270020           0   39.270020     16.7906   39.270020      1.6419
   39.282227          10   39.282227           0   39.282227     16.7527   39.282227     -2.1354
   39.294434           0   39.294434           5   39.294434     16.7148   39.294434    -16.7148
   39.306641          10   39.306641           0   39.306641     16.6778   39.306641     -2.1117
   39.318848          20   39.318848           0   39.318848     16.7360   39.318848      0.7299
   39.331055          15   39.331055           0   39.331055     16.6982   39.331055     -0.4385
   39.343262          25   39.343262           0   39.343262     16.6605   39.343262      1.6679
   39.355469          30   39.355469           0   39.355469     16.6229   39.355469      2.4423
   39.367676          20   39.367676           0   39.367676     16.5853   39.367676      0.7635
   39.379883          35   39.379883           0   39.379883     16.5479   39.379883      3.1190
   39.392090          20   39.392090           0   39.392090     16.5105   39.392090      0.7803
   39.404297          20   39.404297           0   39.404297     16.4732   39.404297      0.7886
   39.416504          15   39.416504           0   39.416504     16.4360   39.416504     -0.3708
   39.428711          15   39.428711           0   39.428711     16.3989   39.428711     -0.3612
   39.440918          15   39.440918           0   39.440918     16.3618   39.440918     -0.3516
   39.453125          20   39.453125           0   39.453125     16.3249   39.453125      0.8218
   39.465332           5   39.465332           0   39.465332     16.2887   39.465332     -5.0485
   39.477540          20   39.477540           0   39.477540     16.3478   39.477540      0.8167
   39.489747          45   39.489747           0   39.489747     16.3109   39.489747      4.2767
   39.501954          15   39.501954           0   39.501954     16.2740   39.501954     -0.3290
   39.514161           5   39.514161           0   39.514161     16.2373   39.514161     -5.0255
   39.526368          20   39.526368           0   39.526368     16.2006   39.526368      0.8496
   39.538575          20   39.538575           0   39.538575     16.1640   39.538575      0.8578
   39.550782          20   39.550782           5   39.550782     16.1275   39.550782      0.8659
   39.562989          20   39.562989           0   39.562989     16.0918   39.562989      0.8739
   39.575196          10   39.575196           0   39.575196     16.1513   39.575196     -1.9452
   39.587403           5   39.587403           0   39.587403     16.1148   39.587403     -4.9707
   39.599610           5   39.599610           0   39.599610     16.0784   39.599610     -4.9544
   39.611817          25   39.611817           0   39.611817     16.0421   39.611817      1.7916
   39.624024          25   39.624024           0   39.624024     16.0059   39.624024      1.7988
   39.636231          20   39.636231           0   39.636231     15.9697   39.636231      0.9012
   39.648438          10   39.648438           0   39.648438     15.9337   39.648438     -1.8764
   39.660645          15   39.660645           0   39.660645     15.8984   39.660645     -0.2320
   39.672852          25   39.672852           0   39.672852     15.9583   39.672852      1.8083
   39.685059          10   39.685059           0   39.685059     15.9223   39.685059     -1.8728
   39.697266          25   39.697266           0   39.697266     15.8863   39.697266      1.8227
   39.709473          15   39.709473           0   39.709473     15.8505   39.709473     -0.2196
   39.721680          15   39.721680           0   39.721680     15.8147   39.721680     -0.2103
   39.733887          10   39.733887           0   39.733887     15.7790   39.733887     -1.8275
   39.746094          10   39.746094           0   39.746094     15.7433   39.746094     -1.8162
   39.758301          10   39.758301           0   39.758301     15.7078   39.758301     -1.8050
   39.770508          15   39.770508           0   39.770508     15.6723   39.770508     -0.1736
   39.782715           0   39.782715           0   39.782715     15.6369   39.782715    -15.6369
   39.794922          15   39.794922           0   39.794922     15.6016   39.794922     -0.1553
   39.807129          20   39.807129           0   39.807129     15.5663   39.807129      0.9914
   39.819336          10   39.819336           0   39.819336     15.5312   39.819336     -1.7491
   39.831543          15   39.831543           0   39.831543     15.4961   39.831543     -0.1281
   39.843750          15   39.843750           0   39.843750     15.4611   39.843750     -0.1191
   39.855957          15   39.855957           0   39.855957     15.4262   39.855957     -0.1100
   39.868165          10   39.868165           0   39.868165     15.3914   39.868165     -1.7049
   39.880372          25   39.880372           0   39.880372     15.3566   39.880372      1.9287
   39.892579          15   39.892579           0   39.892579     15.3219   39.892579     -0.0831
   39.904786          10   39.904786           0   39.904786     15.2873   39.904786     -1.6720
   39.916993          10   39.916993           0   39.916993     15.2535   39.916993     -1.6613
   39.929200          10   39.929200           0   39.929200     15.3149   39.929200     -1.6807
   39.941407          10   39.941407           0   39.941407     15.2803   39.941407     -1.6698
   39.953614           5   39.953614           0   39.953614     15.2458   39.953614     -4.5821
   39.965821          10   39.965821           0   39.965821     15.2114   39.965821     -1.6480
   39.978028          10   39.978028           0   39.978028     15.1770   39.978028     -1.6371
   39.990235           5   39.990235           0   39.990235     15.1427   39.990235     -4.5360
   40.002442          30   40.002442           0   40.002442     15.1085   40.002442      2.7188
   40.014649          15   40.014649           0   40.014649     15.0744   40.014649     -0.0192
   40.026856          25   40.026856           0   40.026856     15.0404   40.026856      1.9919
   40.039063          10   40.039063           0   40.039063     15.0064   40.039063     -1.5832
   40.051270           5   40.051270           0   40.051270     14.9725   40.051270     -4.4599
   40.063477          15   40.063477           0   40.063477     14.9387   40.063477      0.0158
   40.075684          10   40.075684           0   40.075684     14.9050   40.075684     -1.5511
   40.087891          15   40.087891           0   40.087891     14.8713   40.087891      0.0332
   40.100098           5   40.100098           0   40.100098     14.8377   40.100098     -4.3996
   40.112305          15   40.112305           0   40.112305     14.8042   40.112305      0.0505
   40.124512          20   40.124512           0   40.124512     14.7708   40.124512      1.1693
   40.136719          10   40.136719           0   40.136719     14.7374   40.136719     -1.4981
   40.148926          20   40.148926           0   40.148926     14.7042   40.148926      1.1842
   40.161133          15   40.161133           0   40.161133     14.6709   40.161133      0.0850
   40.173340          15   40.173340           0   40.173340     14.6378   40.173340      0.0935
   40.185547          30   40.185547           0   40.185547     14.6048   40.185547      2.8108
   40.197754          35   40.197754           0   40.197754     14.5718   40.197754      3.4530
   40.209961           5   40.209961           0   40.209961     14.5389   40.209961     -4.2659
   40.222168           0   40.222168           0   40.222168     14.5060   40.222168    -14.5060
   40.234375           0   40.234375           0   40.234375     14.4733   40.234375    -14.4733
   40.246583          10   40.246583           0   40.246583     14.4406   40.246583     -1.4042
   40.258790          20   40.258790           0   40.258790     14.4080   40.258790      1.2504
   40.270997          30   40.270997           0   40.270997     14.3754   40.270997      2.8526
   40.283204          10   40.283204           0   40.283204     14.3430   40.283204     -1.3734
   40.295411          10   40.295411           0   40.295411     14.3106   40.295411     -1.3631
   40.307618          20   40.307618           0   40.307618     14.2783   40.307618      1.2794
   40.319825          10   40.319825           0   40.319825     14.2460   40.319825     -1.3427
   40.332032          10   40.332032           0   40.332032     14.2138   40.332032     -1.3325
   40.344239          20   40.344239           0   40.344239     14.1817   40.344239      1.3010
   40.356446          10   40.356446           0   40.356446     14.1497   40.356446     -1.3123
   40.368653          10   40.368653           0   40.368653     14.1178   40.368653     -1.3021
   40.380860          20   40.380860           0   40.380860     14.0859   40.380860      1.3224
   40.393067          15   40.393067           0   40.393067     14.0541   40.393067      0.2442
   40.405274          30   40.405274           0   40.405274     14.0223   40.405274      2.9171
   40.417481          10   40.417481           0   40.417481     13.9907   40.417481     -1.2620
   40.429688          20   40.429688           0   40.429688     13.9591   40.429688      1.3508
   40.441895          15   40.441895           0   40.441895     13.9275   40.441895      0.2769
   40.454102          15   40.454102           0   40.454102     13.8961   40.454102      0.2850
   40.466309           5   40.466309           0   40.466309     13.8647   40.466309     -3.9644
   40.478516           0   40.478516           0   40.478516     13.8334   40.478516    -13.8334
   40.490723          25   40.490723           0   40.490723     13.8021   40.490723      2.2396
   40.502930          15   40.502930           0   40.502930     13.7710   40.502930      0.3173
   40.515137          40   40.515137           0   40.515137     13.7399   40.515137      4.1521
   40.527344          10   40.527344           0   40.527344     13.7088   40.527344     -1.1728
   40.539551           5   40.539551           0   40.539551     13.6779   40.539551     -3.8809
   40.551758          40   40.551758           0   40.551758     13.6470   40.551758      4.1668
   40.563965          25   40.563965           0   40.563965     13.6162   40.563965      2.2768
   40.576172          15   40.576172           0   40.576172     13.5854   40.576172      0.3652
   40.588379          10   40.588379           0   40.588379     13.5547   40.588379     -1.1241
   40.600586          25   40.600586           0   40.600586     13.5241   40.600586      2.2952
   40.612793          25   40.612793           0   40.612793     13.4936   40.612793      2.3013
   40.625000           0   40.625000           0   40.625000     13.4631   40.625000    -13.4631
   40.637208          15   40.637208           0   40.637208     13.4327   40.637208      0.4047
   40.649415          25   40.649415           0   40.649415     13.4024   40.649415      2.3195
   40.661622          10   40.661622           5   40.661622     13.3721   40.661622     -1.0664
   40.673829          20   40.673829           0   40.673829     13.3419   40.673829      1.4888
   40.686036          30   40.686036           0   40.686036     13.3118   40.686036      3.0468
   40.698243           0   40.698243           0   40.698243     13.2817   40.698243    -13.2817
   40.710450           0   40.710450           5   40.710450     13.2517   40.710450    -13.2517
   40.722657          15   40.722657           0   40.722657     13.2218   40.722657      0.4591
   40.734864          15   40.734864           0   40.734864     13.1919   40.734864      0.4668
   40.747071          10   40.747071           0   40.747071     13.1621   40.747071     -1.0000
   40.759278          10   40.759278           0   40.759278     13.1324   40.759278     -0.9906
   40.771485           5   40.771485           5   40.771485     13.1028   40.771485     -3.6237
   40.783692           5   40.783692           0   40.783692     13.0732   40.783692     -3.6104
   40.795899          10   40.795899           0   40.795899     13.0437   40.795899     -0.9625
   40.808106          10   40.808106           0   40.808106     13.0142   40.808106     -0.9532
   40.820313          20   40.820313           0   40.820313     12.9848   40.820313      1.5686
   40.832520          15   40.832520           0   40.832520     12.9555   40.832520      0.5279
   40.844727          25   40.844727           0   40.844727     12.9262   40.844727      2.4148
   40.856934          10   40.856934           0   40.856934     12.8970   40.856934     -0.9161
   40.869141          20   40.869141           0   40.869141     12.8679   40.869141      1.5948
   40.881348          10   40.881348           0   40.881348     12.8388   40.881348     -0.8977
   40.893555          20   40.893555           0   40.893555     12.8098   40.893555      1.6078
   40.905762          10   40.905762           0   40.905762     12.7809   40.905762     -0.8794
   40.917969          10   40.917969           0   40.917969     12.7521   40.917969     -0.8703
   40.930176           5   40.930176           0   40.930176     12.7233   40.930176     -3.4539
   40.942383          15   40.942383           0   40.942383     12.6945   40.942383      0.5953
   40.954590           5   40.954590           0   40.954590     12.6659   40.954590     -3.4283
   40.966797           5   40.966797           0   40.966797     12.6373   40.966797     -3.4155
   40.979004          20   40.979004           0   40.979004     12.6087   40.979004      1.6527
   40.991211          20   40.991211           0   40.991211     12.5802   40.991211      1.6591
   41.003418          15   41.003418           0   41.003418     12.5518   41.003418      0.6321
   41.015625          15   41.015625           0   41.015625     12.5235   41.015625      0.6394
   41.027833          10   41.027833           0   41.027833     12.4959   41.027833     -0.7893
   41.040040           5   41.040040           0   41.040040     12.5635   41.040040     -3.3825
   41.052247          15   41.052247           0   41.052247     12.5351   41.052247      0.6364
   41.064454          10   41.064454           0   41.064454     12.5068   41.064454     -0.7927
   41.076661          10   41.076661           0   41.076661     12.4793   41.076661     -0.7840
   41.088868          10   41.088868           0   41.088868     12.5470   41.088868     -0.8054
   41.101075           0   41.101075           0   41.101075     12.5186   41.101075    -12.5186
   41.113282          15   41.113282           0   41.113282     12.4904   41.113282      0.6480
   41.125489           5   41.125489           0   41.125489     12.4621   41.125489     -3.3372
   41.137696          10   41.137696           0   41.137696     12.4347   41.137696     -0.7699
   41.149903          10   41.149903           0   41.149903     12.5025   41.149903     -0.7913
   41.162110           0   41.162110           0   41.162110     12.4742   41.162110    -12.4742
   41.174317           5   41.174317           0   41.174317     12.4461   41.174317     -3.3300
   41.186524          30   41.186524           5   41.186524     12.4180   41.186524      3.2100
   41.198731          20   41.198731           0   41.198731     12.3899   41.198731      1.7017
   41.210938          20   41.210938           5   41.210938     12.3619   41.210938      1.7079
   41.223145           5   41.223145           0   41.223145     12.3340   41.223145     -3.2799
   41.235352          30   41.235352           0   41.235352     12.3062   41.235352      3.2304
   41.247559           5   41.247559           0   41.247559     12.2784   41.247559     -3.2550
   41.259766          10   41.259766           0   41.259766     12.2506   41.259766     -0.7117
   41.271973          20   41.271973           0   41.271973     12.2230   41.271973      1.7390
   41.284180          25   41.284180           0   41.284180     12.1954   41.284180      2.5609
   41.296387          15   41.296387           5   41.296387     12.1678   41.296387      0.7313
   41.308594          20   41.308594           0   41.308594     12.1403   41.308594      1.7575
   41.320801          10   41.320801           5   41.320801     12.1129   41.320801     -0.6682
   41.333008          10   41.333008           0   41.333008     12.0856   41.333008     -0.6595
   41.345215          25   41.345215           0   41.345215     12.0583   41.345215      2.5883
   41.357422           0   41.357422           0   41.357422     12.0310   41.357422    -12.0310
   41.369629          10   41.369629           0   41.369629     12.0039   41.369629     -0.6337
   41.381836          15   41.381836           0   41.381836     11.9768   41.381836      0.7806
   41.394043          15   41.394043           0   41.394043     11.9497   41.394043      0.7876
   41.406250          10   41.406250           0   41.406250     11.9227   41.406250     -0.6080
   41.418458          10   41.418458           0   41.418458     11.8958   41.418458     -0.5995
   41.430665          10   41.430665           0   41.430665     11.8689   41.430665     -0.5910
   41.442872           5   41.442872           0   41.442872     11.8421   41.442872     -3.0599
   41.455079          15   41.455079           0   41.455079     11.8154   41.455079      0.8223
   41.467286          20   41.467286           0   41.467286     11.7887   41.467286      1.8361
   41.479493          20   41.479493           5   41.479493     11.7621   41.479493      1.8421
   41.491700           5   41.491700           0   41.491700     11.7355   41.491700     -3.0122
   41.503907          20   41.503907           0   41.503907     11.7090   41.503907      1.8539
   41.516114          15   41.516114           0   41.516114     11.6826   41.516114      0.8566
   41.528321          15   41.528321           0   41.528321     11.6562   41.528321      0.8634
   41.540528           5   41.540528           0   41.540528     11.6299   41.540528     -2.9650
   41.552735          15   41.552735           0   41.552735     11.6043   41.552735      0.8768
   41.564942          15   41.564942           0   41.564942     11.6739   41.564942      0.8588
   41.577149          15   41.577149           0   41.577149     11.6483   41.577149      0.8654
   41.589356          20   41.589356           0   41.589356     11.7178   41.589356      1.8520
   41.601563          20   41.601563           0   41.601563     11.6914   41.601563      1.8579
   41.613770          15   41.613770           0   41.613770     11.6650   41.613770      0.8611
   41.625977          10   41.625977           0   41.625977     11.6386   41.625977     -0.5182
   41.638184           5   41.638184           0   41.638184     11.6123   41.638184     -2.9571
   41.650391          25   41.650391           0   41.650391     11.5861   41.650391      2.6828
   41.662598          15   41.662598           0   41.662598     11.5606   41.662598      0.8880
   41.674805          20   41.674805           0   41.674805     11.6304   41.674805      1.8715
   41.687012           5   41.687012           0   41.687012     11.6048   41.687012     -2.9538
   41.699219           5   41.699219           0   41.699219     11.6744   41.699219     -2.9849
   41.711426          10   41.711426           0   41.711426     11.6481   41.711426     -0.5212
   41.723633          20   41.723633           0   41.723633     11.6218   41.723633      1.8734
   41.735840          15   41.735840           0   41.735840     11.5955   41.735840      0.8790
   41.748047          20   41.748047           0   41.748047     11.5693   41.748047      1.8852
   41.760254          15   41.760254           0   41.760254     11.5432   41.760254      0.8925
   41.772461          10   41.772461           0   41.772461     11.5171   41.772461     -0.4798
   41.784668           5   41.784668           0   41.784668     11.4911   41.784668     -2.9029
   41.796875          10   41.796875           0   41.796875     11.4652   41.796875     -0.4633
   41.809083          10   41.809083           0   41.809083     11.4393   41.809083     -0.4551
   41.821290          15   41.821290           0   41.821290     11.4135   41.821290      0.9260
   41.833497          10   41.833497           0   41.833497     11.3877   41.833497     -0.4388
   41.845704           5   41.845704           0   41.845704     11.3627   41.845704     -2.8455
   41.857911          25   41.857911           0   41.857911     11.4329   41.857911      2.7134
   41.870118           5   41.870118           0   41.870118     11.4070   41.870118     -2.8653
   41.882325          10   41.882325           5   41.882325     11.3813   41.882325     -0.4368
   41.894532          15   41.894532           0   41.894532     11.3556   41.894532      0.9410
   41.906739          10   41.906739           0   41.906739     11.3299   41.906739     -0.4206
   41.918946          15   41.918946           5   41.918946     11.3043   41.918946      0.9542
   41.931153          10   41.931153           0   41.931153     11.2788   41.931153     -0.4044
   41.943360           5   41.943360           0   41.943360     11.2533   41.943360     -2.7966
   41.955567          10   41.955567           0   41.955567     11.2279   41.955567     -0.3883
   41.967774          35   41.967774           0   41.967774     11.2026   41.967774      4.0225
   41.979981          15   41.979981           0   41.979981     11.1773   41.979981      0.9870
   41.992188           0   41.992188           0   41.992188     11.1520   41.992188    -11.1520
   42.004395          10   42.004395           0   42.004395     11.1268   42.004395     -0.3563
   42.016602          15   42.016602           0   42.016602     11.1017   42.016602      1.0065
   42.028809           5   42.028809           5   42.028809     11.0766   42.028809     -2.7176
   42.041016           0   42.041016           0   42.041016     11.0516   42.041016    -11.0516
   42.053223           5   42.053223           0   42.053223     11.0267   42.053223     -2.6952
   42.065430          20   42.065430           0   42.065430     11.0018   42.065430      2.0121
   42.077637           0   42.077637           0   42.077637     10.9769   42.077637    -10.9769
   42.089844          15   42.089844           0   42.089844     10.9521   42.089844      1.0452
   42.102051          15   42.102051           0   42.102051     10.9274   42.102051      1.0515
   42.114258          10   42.114258           0   42.114258     10.9027   42.114258     -0.2855
   42.126465           5   42.126465           0   42.126465     10.8781   42.126465     -2.6288
   42.138672          10   42.138672           0   42.138672     10.8535   42.138672     -0.2699
   42.150879           0   42.150879           0   42.150879     10.8290   42.150879    -10.8290
   42.163086           5   42.163086           0   42.163086     10.8046   42.163086     -2.5959
   42.175293           5   42.175293           0   42.175293     10.7802   42.175293     -2.5850
   42.187500          10   42.187500           5   42.187500     10.7558   42.187500     -0.2390
   42.199708          15   42.199708           0   42.199708     10.7315   42.199708      1.1021
   42.211915          20   42.211915           0   42.211915     10.7073   42.211915      2.0779
   42.224122          10   42.224122           0   42.224122     10.6831   42.224122     -0.2160
   42.236329          10   42.236329           0   42.236329     10.6590   42.236329     -0.2084
   42.248536           5   42.248536           0   42.248536     10.6356   42.248536     -2.5203
   42.260743           5   42.260743           0   42.260743     10.7074   42.260743     -2.5524
   42.272950           0   42.272950           0   42.272950     10.6833   42.272950    -10.6833
   42.285157          15   42.285157           0   42.285157     10.6598   42.285157      1.1206
   42.297364           5   42.297364           0   42.297364     10.7316   42.297364     -2.5632
   42.309571          10   42.309571           0   42.309571     10.7074   42.309571     -0.2237
   42.321778           5   42.321778           0   42.321778     10.6832   42.321778     -2.5416
   42.333985           5   42.333985           0   42.333985     10.6591   42.333985     -2.5308
   42.346192           0   42.346192           0   42.346192     10.6350   42.346192    -10.6350
   42.358399          15   42.358399           0   42.358399     10.6110   42.358399      1.1332
   42.370606          15   42.370606           0   42.370606     10.5870   42.370606      1.1394
   42.382813           5   42.382813           0   42.382813     10.5631   42.382813     -2.4879
   42.395020          15   42.395020           0   42.395020     10.5399   42.395020      1.1516
   42.407227          25   42.407227           0   42.407227     10.6120   42.407227      2.8776
   42.419434          15   42.419434           0   42.419434     10.5880   42.419434      1.1392
   42.431641           5   42.431641           0   42.431641     10.5641   42.431641     -2.4883
   42.443848          10   42.443848           0   42.443848     10.5402   42.443848     -0.1708
   42.456055          30   42.456055           0   42.456055     10.5164   42.456055      3.5572
   42.468262          10   42.468262           0   42.468262     10.4927   42.468262     -0.1558
   42.480469          10   42.480469           0   42.480469     10.4690   42.480469     -0.1483
   42.492676          10   42.492676           0   42.492676     10.4454   42.492676     -0.1408
   42.504883          10   42.504883           0   42.504883     10.4218   42.504883     -0.1334
   42.517090           5   42.517090           0   42.517090     10.3982   42.517090     -2.4142
   42.529297           5   42.529297           0   42.529297     10.3747   42.529297     -2.4037
   42.541504          15   42.541504           0   42.541504     10.3513   42.541504      1.2003
   42.553711           5   42.553711           0   42.553711     10.3286   42.553711     -2.3830
   42.565918           5   42.565918           0   42.565918     10.4012   42.565918     -2.4155
   42.578125           5   42.578125           0   42.578125     10.3777   42.578125     -2.4050
   42.590333           5   42.590333           0   42.590333     10.3542   42.590333     -2.3945
   42.602540           5   42.602540           0   42.602540     10.3308   42.602540     -2.3840
   42.614747          25   42.614747           0   42.614747     10.3075   42.614747      2.9385
   42.626954           5   42.626954           0   42.626954     10.2842   42.626954     -2.3632
   42.639161          10   42.639161           0   42.639161     10.2610   42.639161     -0.0825
   42.651368           5   42.651368           0   42.651368     10.2378   42.651368     -2.3424
   42.663575           5   42.663575           0   42.663575     10.2147   42.663575     -2.3321
   42.675782          25   42.675782           0   42.675782     10.1917   42.675782      2.9617
   42.687989          10   42.687989           0   42.687989     10.1686   42.687989     -0.0533
   42.700196          15   42.700196           0   42.700196     10.1457   42.700196      1.2534
   42.712403          20   42.712403           0   42.712403     10.1228   42.712403      2.2086
   42.724610           5   42.724610           0   42.724610     10.0999   42.724610     -2.2807
   42.736817           0   42.736817           0   42.736817     10.0771   42.736817    -10.0771
   42.749024          15   42.749024           0   42.749024     10.0543   42.749024      1.2770
   42.761231           5   42.761231           0   42.761231     10.0316   42.761231     -2.2502
   42.773438          10   42.773438           0   42.773438     10.0090   42.773438     -0.0028
   42.785645          10   42.785645           0   42.785645      9.9864   42.785645      0.0043
   42.797852          30   42.797852           0   42.797852      9.9638   42.797852      3.6581
   42.810059           5   42.810059           0   42.810059      9.9413   42.810059     -2.2098
   42.822266          15   42.822266           0   42.822266      9.9189   42.822266      1.3119
   42.834473           0   42.834473           0   42.834473      9.8965   42.834473     -9.8965
   42.846680          15   42.846680           0   42.846680      9.8741   42.846680      1.3235
   42.858887           5   42.858887           5   42.858887      9.8518   42.858887     -2.1698
   42.871094          10   42.871094           0   42.871094      9.8296   42.871094      0.0539
   42.883301           5   42.883301           0   42.883301      9.8074   42.883301     -2.1499
   42.895508          10   42.895508           0   42.895508      9.7852   42.895508      0.0679
   42.907715           5   42.907715           0   42.907715      9.7631   42.907715     -2.1301
   42.919922          10   42.919922           0   42.919922      9.7411   42.919922      0.0819
   42.932129          15   42.932129           0   42.932129      9.7191   42.932129      1.3635
   42.944336          10   42.944336           0   42.944336      9.6971   42.944336      0.0958
   42.956543          10   42.956543           0   42.956543      9.6752   42.956543      0.1027
   42.968751          10   42.968751           0   42.968751      9.6534   42.968751      0.1096
   42.980958          10   42.980958          10   42.980958      9.6316   42.980958      0.1165
   42.993165          25   42.993165           0   42.993165      9.6098   42.993165      3.0780
   43.005372           5   43.005372           0   43.005372      9.5881   43.005372     -2.0519
   43.017579          10   43.017579           0   43.017579      9.5665   43.017579      0.1371
   43.029786          20   43.029786           0   43.029786      9.5449   43.029786      2.3378
   43.041993          10   43.041993           0   43.041993      9.5233   43.041993      0.1507
   43.054200          10   43.054200           0   43.054200      9.5018   43.054200      0.1575
   43.066407          15   43.066407           0   43.066407      9.4803   43.066407      1.4252
   43.078614          25   43.078614           0   43.078614      9.4589   43.078614      3.1082
   43.090821          15   43.090821           0   43.090821      9.4376   43.090821      1.4362
   43.103028           5   43.103028           0   43.103028      9.4163   43.103028     -1.9750
   43.115235          10   43.115235           0   43.115235      9.3950   43.115235      0.1913
   43.127442          15   43.127442           0   43.127442      9.3738   43.127442      1.4527
   43.139649          25   43.139649           0   43.139649      9.3526   43.139649      3.1295
   43.151856          10   43.151856           0   43.151856      9.3315   43.151856      0.2114
   43.164063          10   43.164063           0   43.164063      9.3104   43.164063      0.2181
   43.176270          10   43.176270           0   43.176270      9.2894   43.176270      0.2247
   43.188477           5   43.188477           0   43.188477      9.2684   43.188477     -1.9089
   43.200684           0   43.200684           0   43.200684      9.2475   43.200684     -9.2475
   43.212891          15   43.212891           0   43.212891      9.2266   43.212891      1.4907
   43.225098           0   43.225098           0   43.225098      9.2064   43.225098     -9.2064
   43.237305           5   43.237305           0   43.237305      9.2815   43.237305     -1.9147
   43.249512          15   43.249512           0   43.249512      9.2605   43.249512      1.4819
   43.261719           5   43.261719           0   43.261719      9.2396   43.261719     -1.8960
   43.273926           5   43.273926           0   43.273926      9.2188   43.273926     -1.8867
   43.286133           5   43.286133           0   43.286133      9.1979   43.286133     -1.8774
   43.298340          15   43.298340           0   43.298340      9.1772   43.298340      1.5034
   43.310547          15   43.310547           0   43.310547      9.1564   43.310547      1.5088
   43.322754          10   43.322754           0   43.322754      9.1358   43.322754      0.2733
   43.334961          25   43.334961           0   43.334961      9.1151   43.334961      3.1770
   43.347168          30   43.347168           0   43.347168      9.0959   43.347168      3.8165
   43.359376           5   43.359376           0   43.359376      9.2671   43.359376     -1.9083
   43.371583           5   43.371583           0   43.371583      9.2462   43.371583     -1.8989
   43.383790          25   43.383790           0   43.383790      9.2253   43.383790      3.1549
   43.395997          10   43.395997           0   43.395997      9.2045   43.395997      0.2516
   43.408204           5   43.408204           0   43.408204      9.1837   43.408204     -1.8710
   43.420411           5   43.420411           0   43.420411      9.1629   43.420411     -1.8617
   43.432618           5   43.432618           0   43.432618      9.1422   43.432618     -1.8525
   43.444825           0   43.444825           0   43.444825      9.1216   43.444825     -9.1216
   43.457032          10   43.457032           0   43.457032      9.1010   43.457032      0.2843
   43.469239          15   43.469239           0   43.469239      9.0804   43.469239      1.5284
   43.481446           5   43.481446           5   43.481446      9.0599   43.481446     -1.8157
   43.493653           5   43.493653           0   43.493653      9.0395   43.493653     -1.8065
   43.505860           0   43.505860           0   43.505860      9.0191   43.505860     -9.0191
   43.518067          15   43.518067           0   43.518067      8.9987   43.518067      1.5495
   43.530274          15   43.530274           0   43.530274      8.9784   43.530274      1.5548
   43.542481           5   43.542481           0   43.542481      8.9581   43.542481     -1.7701
   43.554688          25   43.554688           0   43.554688      8.9379   43.554688      3.2124
   43.566895           5   43.566895           0   43.566895      8.9177   43.566895     -1.7520
   43.579102          15   43.579102           0   43.579102      8.8975   43.579102      1.5757
   43.591309          15   43.591309           0   43.591309      8.8774   43.591309      1.5808
   43.603516           0   43.603516           5   43.603516      8.8574   43.603516     -8.8574
   43.615723          15   43.615723           0   43.615723      8.8374   43.615723      1.5912
   43.627930          15   43.627930           0   43.627930      8.8174   43.627930      1.5963
   43.640137           0   43.640137           0   43.640137      8.7975   43.640137     -8.7975
   43.652344           5   43.652344           0   43.652344      8.7776   43.652344     -1.6894
   43.664551          10   43.664551           0   43.664551      8.7578   43.664551      0.3928
   43.676758           5   43.676758           0   43.676758      8.7380   43.676758     -1.6717
   43.688965          10   43.688965           0   43.688965      8.7183   43.688965      0.4053
   43.701172          10   43.701172           0   43.701172      8.6986   43.701172      0.4115
   43.713379           5   43.713379           0   43.713379      8.6790   43.713379     -1.6453
   43.725586          15   43.725586           0   43.725586      8.6594   43.725586      1.6371
   43.737793          10   43.737793           0   43.737793      8.6398   43.737793      0.4301
   43.750001          20   43.750001           0   43.750001      8.6203   43.750001      2.5446
   43.762208           5   43.762208           0   43.762208      8.6008   43.762208     -1.6103
   43.774415          10   43.774415           0   43.774415      8.5814   43.774415      0.4486
   43.786622           5   43.786622           0   43.786622      8.5620   43.786622     -1.5930
   43.798829           5   43.798829           0   43.798829      8.5427   43.798829     -1.5843
   43.811036          10   43.811036           0   43.811036      8.5234   43.811036      0.4669
   43.823243           5   43.823243           0   43.823243      8.5042   43.823243     -1.5671
   43.835450          15   43.835450           0   43.835450      8.4850   43.835450      1.6822
   43.847657          15   43.847657           0   43.847657      8.4665   43.847657      1.6869
   43.859864           5   43.859864           0   43.859864      8.5432   43.859864     -1.5846
   43.872071          25   43.872071           0   43.872071      8.5239   43.872071      3.2952
   43.884278          10   43.884278           0   43.884278      8.5047   43.884278      0.4729
   43.896485           0   43.896485           0   43.896485      8.4855   43.896485     -8.4855
   43.908692           5   43.908692           0   43.908692      8.4663   43.908692     -1.5502
   43.920899           5   43.920899           0   43.920899      8.4472   43.920899     -1.5416
   43.933106          30   43.933106           0   43.933106      8.4281   43.933106      3.9385
   43.945313           5   43.945313           0   43.945313      8.4091   43.945313     -1.5246
   43.957520           5   43.957520           0   43.957520      8.3901   43.957520     -1.5161
   43.969727           5   43.969727           0   43.969727      8.3718   43.969727     -1.5079
   43.981934          10   43.981934           0   43.981934      8.4488   43.981934      0.4905
   43.994141           0   43.994141           0   43.994141      8.4297   43.994141     -8.4297
   44.006348          25   44.006348           0   44.006348      8.4107   44.006348      3.3179
   44.018555           5   44.018555           0   44.018555      8.3917   44.018555     -1.5168
   44.030762          20   44.030762           0   44.030762      8.3727   44.030762      2.5999
   44.042969          10   44.042969           0   44.042969      8.3538   44.042969      0.5206
   44.055176          10   44.055176           0   44.055176      8.3349   44.055176      0.5265
   44.067383           0   44.067383           0   44.067383      8.3161   44.067383     -8.3161
   44.079590           5   44.079590           0   44.079590      8.2973   44.079590     -1.4746
   44.091797          10   44.091797           0   44.091797      8.2786   44.091797      0.5444
   44.104004           5   44.104004           5   44.104004      8.2599   44.104004     -1.4579
   44.116211          15   44.116211           0   44.116211      8.2412   44.116211      1.7451
   44.128418          30   44.128418           5   44.128418      8.2226   44.128418      3.9760
   44.140626          10   44.140626           0   44.140626      8.2041   44.140626      0.5679
   44.152833           5   44.152833           0   44.152833      8.1855   44.152833     -1.4246
   44.165040           0   44.165040           0   44.165040      8.1671   44.165040     -8.1671
   44.177247           0   44.177247           0   44.177247      8.1486   44.177247     -8.1486
   44.189454           5   44.189454           0   44.189454      8.1302   44.189454     -1.3999
   44.201661          25   44.201661           0   44.201661      8.1118   44.201661      3.3776
   44.213868           5   44.213868           0   44.213868      8.0935   44.213868     -1.3835
   44.226075          10   44.226075           0   44.226075      8.0752   44.226075      0.6087
   44.238282          10   44.238282           0   44.238282      8.0570   44.238282      0.6144
   44.250489          15   44.250489           0   44.250489      8.0388   44.250489      1.7974
   44.262696          10   44.262696           5   44.262696      8.0207   44.262696      0.6259
   44.274903          15   44.274903           0   44.274903      8.0025   44.274903      1.8067
   44.287110          10   44.287110           0   44.287110      7.9845   44.287110      0.6374
   44.299317          15   44.299317           5   44.299317      7.9664   44.299317      1.8161
   44.311524           5   44.311524           0   44.311524      7.9485   44.311524     -1.3186
   44.323731          20   44.323731           0   44.323731      7.9305   44.323731      2.6988
   44.335938          30   44.335938           0   44.335938      7.9126   44.335938      4.0326
   44.348145           5   44.348145           0   44.348145      7.8947   44.348145     -1.2946
   44.360352          10   44.360352           0   44.360352      7.8769   44.360352      0.6714
   44.372559           5   44.372559           0   44.372559      7.8591   44.372559     -1.2786
   44.384766           0   44.384766           0   44.384766      7.8414   44.384766     -7.8414
   44.396973          20   44.396973           0   44.396973      7.8236   44.396973      2.7227
   44.409180           5   44.409180           0   44.409180      7.8060   44.409180     -1.2549
   44.421387          10   44.421387           0   44.421387      7.7884   44.421387      0.6994
   44.433594          10   44.433594           0   44.433594      7.7708   44.433594      0.7049
   44.445801          10   44.445801           0   44.445801      7.7532   44.445801      0.7105
   44.458008          10   44.458008           0   44.458008      7.7357   44.458008      0.7160
   44.470215          10   44.470215           0   44.470215      7.7189   44.470215      0.7213
   44.482422          10   44.482422           0   44.482422      7.7973   44.482422      0.6965
   44.494629          15   44.494629           0   44.494629      7.7804   44.494629      1.8641
   44.506836          10   44.506836           0   44.506836      7.8587   44.506836      0.6771
   44.519043          15   44.519043           0   44.519043      7.8410   44.519043      1.8485
   44.531251           5   44.531251           5   44.531251      7.8233   44.531251     -1.2626
   44.543458          10   44.543458           0   44.543458      7.8056   44.543458      0.6939
   44.555665          10   44.555665           0   44.555665      7.7880   44.555665      0.6995
   44.567872          25   44.567872           0   44.567872      7.7704   44.567872      3.4459
   44.580079          10   44.580079           0   44.580079      7.7528   44.580079      0.7106
   44.592286           0   44.592286           0   44.592286      7.7353   44.592286     -7.7353
   44.604493          10   44.604493           0   44.604493      7.7178   44.604493      0.7217
   44.616700          10   44.616700           0   44.616700      7.7004   44.616700      0.7272
   44.628907           0   44.628907           0   44.628907      7.6837   44.628907     -7.6837
   44.641114           0   44.641114           5   44.641114      7.7622   44.641114     -7.7622
   44.653321          10   44.653321           0   44.653321      7.7447   44.653321      0.7132
   44.665528           5   44.665528           0   44.665528      7.7279   44.665528     -1.2199
   44.677735           5   44.677735           0   44.677735      7.8063   44.677735     -1.2550
   44.689942          10   44.689942           0   44.689942      7.7887   44.689942      0.6993
   44.702149          10   44.702149           0   44.702149      7.7711   44.702149      0.7048
   44.714356           5   44.714356           0   44.714356      7.7535   44.714356     -1.2314
   44.726563          10   44.726563           0   44.726563      7.7360   44.726563      0.7159
   44.738770          15   44.738770           0   44.738770      7.7185   44.738770      1.8801
   44.750977           5   44.750977           0   44.750977      7.7011   44.750977     -1.2080
   44.763184           5   44.763184           5   44.763184      7.6837   44.763184     -1.2002
   44.775391           5   44.775391           0   44.775391      7.6664   44.775391     -1.1924
   44.787598           0   44.787598           0   44.787598      7.6491   44.787598     -7.6491
   44.799805          20   44.799805           0   44.799805      7.6318   44.799805      2.7656
   44.812012          15   44.812012           0   44.812012      7.6145   44.812012      1.9069
   44.824219           5   44.824219           0   44.824219      7.5973   44.824219     -1.1616
   44.836426           5   44.836426           0   44.836426      7.5802   44.836426     -1.1539
   44.848633           5   44.848633           0   44.848633      7.5631   44.848633     -1.1462
   44.860840           0   44.860840           0   44.860840      7.5460   44.860840     -7.5460
   44.873047           0   44.873047           0   44.873047      7.5290   44.873047     -7.5290
   44.885254           0   44.885254           0   44.885254      7.5119   44.885254     -7.5119
   44.897461           0   44.897461           0   44.897461      7.4957   44.897461     -7.4957
   44.909668          10   44.909668           0   44.909668      7.5746   44.909668      0.7670
   44.921876          15   44.921876           0   44.921876      7.5575   44.921876      1.9216
   44.934083           0   44.934083           0   44.934083      7.5404   44.934083     -7.5404
   44.946290           0   44.946290           0   44.946290      7.5234   44.946290     -7.5234
   44.958497          15   44.958497           0   44.958497      7.5064   44.958497      1.9348
   44.970704          15   44.970704           0   44.970704      7.4895   44.970704      1.9392
   44.982911          10   44.982911           0   44.982911      7.4725   44.982911      0.7993
   44.995118           0   44.995118           0   44.995118      7.4557   44.995118     -7.4557
   45.007325           0   45.007325           0   45.007325      7.4395   45.007325     -7.4395
   45.019532           5   45.019532           0   45.019532      7.5186   45.019532     -1.1263
   45.031739          15   45.031739           0   45.031739      7.5016   45.031739      1.9361
   45.043946           5   45.043946           0   45.043946      7.4847   45.043946     -1.1112
   45.056153           5   45.056153           0   45.056153      7.4678   45.056153     -1.1036
   45.068360          15   45.068360           0   45.068360      7.4509   45.068360      1.9492
   45.080567           5   45.080567           0   45.080567      7.4341   45.080567     -1.0885
   45.092774          10   45.092774           0   45.092774      7.4173   45.092774      0.8167
   45.104981           0   45.104981           0   45.104981      7.4005   45.104981     -7.4005
   45.117188           5   45.117188           5   45.117188      7.3838   45.117188     -1.0661
   45.129395           5   45.129395           0   45.129395      7.3678   45.129395     -1.0589
   45.141602           5   45.141602           0   45.141602      7.4470   45.141602     -1.0943
   45.153809           0   45.153809           0   45.153809      7.4302   45.153809     -7.4302
   45.166016           5   45.166016           0   45.166016      7.4134   45.166016     -1.0793
   45.178223           5   45.178223           0   45.178223      7.3967   45.178223     -1.0718
   45.190430           5   45.190430           0   45.190430      7.3800   45.190430     -1.0644
   45.202637           0   45.202637           0   45.202637      7.3633   45.202637     -7.3633
   45.214844          10   45.214844           0   45.214844      7.3467   45.214844      0.8390
   45.227051          10   45.227051           0   45.227051      7.3301   45.227051      0.8443
   45.239258          15   45.239258           0   45.239258      7.3136   45.239258      1.9846
   45.251465           0   45.251465           0   45.251465      7.2970   45.251465     -7.2970
   45.263672          10   45.263672           0   45.263672      7.2806   45.263672      0.8600
   45.275879          10   45.275879           0   45.275879      7.2641   45.275879      0.8652
   45.288086          10   45.288086           0   45.288086      7.2477   45.288086      0.8704
   45.300293          10   45.300293           0   45.300293      7.2313   45.300293      0.8755
   45.312501          30   45.312501           0   45.312501      7.2150   45.312501      4.1600
   45.324708           0   45.324708           0   45.324708      7.1987   45.324708     -7.1987
   45.336915          10   45.336915           0   45.336915      7.1825   45.336915      0.8910
   45.349122           5   45.349122           0   45.349122      7.1662   45.349122     -0.9688
   45.361329           0   45.361329           0   45.361329      7.1501   45.361329     -7.1501
   45.373536           5   45.373536           0   45.373536      7.1339   45.373536     -0.9543
   45.385743          25   45.385743           0   45.385743      7.1178   45.385743      3.5764
   45.397950           5   45.397950           0   45.397950      7.1017   45.397950     -0.9399
   45.410157           0   45.410157           0   45.410157      7.0857   45.410157     -7.0857
   45.422364           0   45.422364           0   45.422364      7.0697   45.422364     -7.0697
   45.434571          10   45.434571           0   45.434571      7.0537   45.434571      0.9317
   45.446778           0   45.446778           0   45.446778      7.0378   45.446778     -7.0378
   45.458985          15   45.458985           0   45.458985      7.0219   45.458985      2.0599
   45.471192           5   45.471192           0   45.471192      7.0060   45.471192     -0.8971
   45.483399           5   45.483399           0   45.483399      6.9909   45.483399     -0.8904
   45.495606          15   45.495606           0   45.495606      7.0710   45.495606      2.0473
   45.507813          10   45.507813           0   45.507813      7.0550   45.507813      0.9313
   45.520020          15   45.520020           0   45.520020      7.0391   45.520020      2.0555
   45.532227           5   45.532227           5   45.532227      7.0232   45.532227     -0.9048
   45.544434          10   45.544434           0   45.544434      7.0073   45.544434      0.9464
   45.556641          15   45.556641           0   45.556641      6.9915   45.556641      2.0678
   45.568848           0   45.568848           0   45.568848      6.9757   45.568848     -6.9757
   45.581055          10   45.581055           0   45.581055      6.9599   45.581055      0.9614
   45.593262          10   45.593262           0   45.593262      6.9442   45.593262      0.9663
   45.605469           5   45.605469           0   45.605469      6.9285   45.605469     -0.8625
   45.617676          10   45.617676           0   45.617676      6.9129   45.617676      0.9762
   45.629883           5   45.629883           5   45.629883      6.8973   45.629883     -0.8485
   45.642090           5   45.642090           0   45.642090      6.8817   45.642090     -0.8415
   45.654297           5   45.654297           0   45.654297      6.8662   45.654297     -0.8346
   45.666504          10   45.666504           5   45.666504      6.8507   45.666504      0.9959
   45.678711           5   45.678711           0   45.678711      6.8352   45.678711     -0.8207
   45.690919           5   45.690919           0   45.690919      6.8198   45.690919     -0.8138
   45.703126          10   45.703126           0   45.703126      6.8044   45.703126      1.0106
   45.715333           0   45.715333           0   45.715333      6.7890   45.715333     -6.7890
   45.727540          15   45.727540           0   45.727540      6.7737   45.727540      2.1240
   45.739747          15   45.739747           0   45.739747      6.7584   45.739747      2.1280
   45.751954          15   45.751954           0   45.751954      6.7431   45.751954      2.1319
   45.764161           5   45.764161           0   45.764161      6.7279   45.764161     -0.7727
   45.776368          10   45.776368           0   45.776368      6.7127   45.776368      1.0395
   45.788575          15   45.788575           0   45.788575      6.6975   45.788575      2.1437
   45.800782           0   45.800782           0   45.800782      6.6824   45.800782     -6.6824
   45.812989          10   45.812989           0   45.812989      6.6673   45.812989      1.0539
   45.825196           0   45.825196           0   45.825196      6.6522   45.825196     -6.6522
   45.837403           5   45.837403           0   45.837403      6.6372   45.837403     -0.7322
   45.849610           0   45.849610           0   45.849610      6.6222   45.849610     -6.6222
   45.861817          10   45.861817           0   45.861817      6.6073   45.861817      1.0729
   45.874024          10   45.874024           0   45.874024      6.5923   45.874024      1.0776
   45.886231           5   45.886231           0   45.886231      6.5775   45.886231     -0.7055
   45.898438           5   45.898438           0   45.898438      6.5633   45.898438     -0.6991
   45.910645          15   45.910645           0   45.910645      6.6443   45.910645      2.1574
   45.922852          10   45.922852           0   45.922852      6.6293   45.922852      1.0659
   45.935059          20   45.935059           0   45.935059      6.6144   45.935059      2.9931
   45.947266           5   45.947266           0   45.947266      6.5994   45.947266     -0.7153
   45.959473           5   45.959473           0   45.959473      6.5845   45.959473     -0.7086
   45.971680          15   45.971680           0   45.971680      6.5696   45.971680      2.1767
   45.983887          10   45.983887           0   45.983887      6.5548   45.983887      1.0895
   45.996094           0   45.996094           0   45.996094      6.5407   45.996094     -6.5407
   46.008301          10   46.008301           0   46.008301      6.6218   46.008301      1.0683
   46.020508           0   46.020508           0   46.020508      6.6068   46.020508     -6.6068
   46.032715           0   46.032715           0   46.032715      6.5926   46.032715     -6.5926
   46.044922           0   46.044922           0   46.044922      6.6736   46.044922     -6.6736
   46.057129           0   46.057129           0   46.057129      6.6585   46.057129     -6.6585
   46.069336           0   46.069336           0   46.069336      6.6434   46.069336     -6.6434
   46.081544          10   46.081544           0   46.081544      6.6284   46.081544      1.0662
   46.093751          10   46.093751           0   46.093751      6.6135   46.093751      1.0709
   46.105958           0   46.105958           0   46.105958      6.5985   46.105958     -6.5985
   46.118165           0   46.118165           0   46.118165      6.5836   46.118165     -6.5836
   46.130372          10   46.130372           0   46.130372      6.5688   46.130372      1.0850
   46.142579          10   46.142579           0   46.142579      6.5539   46.142579      1.0897
   46.154786           5   46.154786           0   46.154786      6.5391   46.154786     -0.6883
   46.166993          15   46.166993           0   46.166993      6.5244   46.166993      2.1884
   46.179200           0   46.179200           0   46.179200      6.5096   46.179200     -6.5096
   46.191407           0   46.191407           0   46.191407      6.4949   46.191407     -6.4949
   46.203614           0   46.203614           0   46.203614      6.4803   46.203614     -6.4803
   46.215821          15   46.215821           0   46.215821      6.4656   46.215821      2.2036
   46.228028          15   46.228028           0   46.228028      6.4510   46.228028      2.2073
   46.240235           5   46.240235           0   46.240235      6.4365   46.240235     -0.6424
   46.252442          10   46.252442           0   46.252442      6.4219   46.252442      1.1315
   46.264649          15   46.264649           0   46.264649      6.4074   46.264649      2.2186
   46.276856          15   46.276856           0   46.276856      6.3930   46.276856      2.2223
   46.289063           0   46.289063           0   46.289063      6.3785   46.289063     -6.3785
   46.301270          10   46.301270           0   46.301270      6.3641   46.301270      1.1498
   46.313477          10   46.313477           0   46.313477      6.3497   46.313477      1.1543
   46.325684           0   46.325684           0   46.325684      6.3354   46.325684     -6.3354
   46.337891           5   46.337891           0   46.337891      6.3211   46.337891     -0.5908
   46.350098          25   46.350098           0   46.350098      6.3068   46.350098      3.7386
   46.362305           0   46.362305           0   46.362305      6.2926   46.362305     -6.2926
   46.374512           0   46.374512           0   46.374512      6.2784   46.374512     -6.2784
   46.386719          15   46.386719           0   46.386719      6.2642   46.386719      2.2556
   46.398926           0   46.398926           0   46.398926      6.2500   46.398926     -6.2500
   46.411133           5   46.411133           0   46.411133      6.2359   46.411133     -0.5527
   46.423340           5   46.423340           0   46.423340      6.2218   46.423340     -0.5464
   46.435547           5   46.435547           0   46.435547      6.2078   46.435547     -0.5401
   46.447754           5   46.447754           0   46.447754      6.1938   46.447754     -0.5339
   46.459961           5   46.459961           0   46.459961      6.1798   46.459961     -0.5276
   46.472169           0   46.472169           0   46.472169      6.1658   46.472169     -6.1658
   46.484376           0   46.484376           5   46.484376      6.1519   46.484376     -6.1519
   46.496583          10   46.496583           0   46.496583      6.1380   46.496583      1.2213
   46.508790           0   46.508790           0   46.508790      6.1241   46.508790     -6.1241
   46.520997           5   46.520997           0   46.520997      6.1103   46.520997     -0.4965
   46.533204           0   46.533204           0   46.533204      6.0965   46.533204     -6.0965
   46.545411           5   46.545411           0   46.545411      6.0827   46.545411     -0.4842
   46.557618           0   46.557618           0   46.557618      6.0690   46.557618     -6.0690
   46.569825           0   46.569825           0   46.569825      6.0553   46.569825     -6.0553
   46.582032           5   46.582032           0   46.582032      6.0416   46.582032     -0.4658
   46.594239          10   46.594239           5   46.594239      6.0280   46.594239      1.2561
   46.606446          10   46.606446           0   46.606446      6.0144   46.606446      1.2604
   46.618653           0   46.618653           0   46.618653      6.0008   46.618653     -6.0008
   46.630860          15   46.630860           0   46.630860      5.9872   46.630860      2.3271
   46.643067           5   46.643067           0   46.643067      5.9737   46.643067     -0.4355
   46.655274           5   46.655274          10   46.655274      5.9602   46.655274     -0.4294
   46.667481           0   46.667481           0   46.667481      5.9468   46.667481     -5.9468
   46.679688           5   46.679688           0   46.679688      5.9333   46.679688     -0.4174
   46.691895           5   46.691895           0   46.691895      5.9199   46.691895     -0.4114
   46.704102           0   46.704102           0   46.704102      5.9066   46.704102     -5.9066
   46.716309           5   46.716309           0   46.716309      5.8932   46.716309     -0.3995
   46.728516           5   46.728516           0   46.728516      5.8799   46.728516     -0.3935
   46.740723           0   46.740723           0   46.740723      5.8666   46.740723     -5.8666
   46.752930           0   46.752930           0   46.752930      5.8534   46.752930     -5.8534
   46.765137           5   46.765137           0   46.765137      5.8402   46.765137     -0.3757
   46.777344          10   46.777344           0   46.777344      5.8270   46.777344      1.3196
   46.789551          10   46.789551           0   46.789551      5.8138   46.789551      1.3238
   46.801758           5   46.801758           0   46.801758      5.8007   46.801758     -0.3581
   46.813965           5   46.813965           0   46.813965      5.7876   46.813965     -0.3522
   46.826172           5   46.826172           0   46.826172      5.7745   46.826172     -0.3464
   46.838379           5   46.838379           0   46.838379      5.7615   46.838379     -0.3405
   46.850586           0   46.850586           0   46.850586      5.7492   46.850586     -5.7492
   46.862794          10   46.862794           0   46.862794      5.8320   46.862794      1.3180
   46.875001           5   46.875001           0   46.875001      5.8189   46.875001     -0.3662
   46.887208           5   46.887208           0   46.887208      5.8057   46.887208     -0.3603
   46.899415          15   46.899415           0   46.899415      5.7926   46.899415      2.3773
   46.911622           5   46.911622           0   46.911622      5.7795   46.911622     -0.3486
   46.923829          10   46.923829           0   46.923829      5.7665   46.923829      1.3388
   46.936036          10   46.936036           0   46.936036      5.7534   46.936036      1.3429
   46.948243           0   46.948243           0   46.948243      5.7405   46.948243     -5.7405
   46.960450           5   46.960450           0   46.960450      5.7282   46.960450     -0.3257
   46.972657           5   46.972657           0   46.972657      5.8111   46.972657     -0.3627
   46.984864           0   46.984864           0   46.984864      5.7980   46.984864     -5.7980
   46.997071           5   46.997071           0   46.997071      5.7849   46.997071     -0.3510
   47.009278          10   47.009278           0   47.009278      5.7718   47.009278      1.3371
   47.021485           0   47.021485           0   47.021485      5.7602   47.021485     -5.7602
   47.033692          10   47.033692           0   47.033692      5.9389   47.033692      1.2842
   47.045899           5   47.045899           0   47.045899      5.9255   47.045899     -0.4139
   47.058106           5   47.058106           0   47.058106      5.9121   47.058106     -0.4079
   47.070313           0   47.070313           0   47.070313      5.8987   47.070313     -5.8987
   47.082520          10   47.082520           0   47.082520      5.8854   47.082520      1.3012
   47.094727          10   47.094727           0   47.094727      5.8721   47.094727      1.3054
   47.106934           5   47.106934           5   47.106934      5.8588   47.106934     -0.3841
   47.119141          10   47.119141           0   47.119141      5.8456   47.119141      1.3137
   47.131348           5   47.131348           0   47.131348      5.8324   47.131348     -0.3723
   47.143555           0   47.143555           0   47.143555      5.8192   47.143555     -5.8192
   47.155762          10   47.155762           0   47.155762      5.8061   47.155762      1.3262
   47.167969          10   47.167969           0   47.167969      5.7930   47.167969      1.3304
   47.180176          25   47.180176           0   47.180176      5.7799   47.180176      3.8440
   47.192383           5   47.192383           0   47.192383      5.7669   47.192383     -0.3429
   47.204590          10   47.204590           0   47.204590      5.7538   47.204590      1.3428
   47.216797           5   47.216797           0   47.216797      5.7408   47.216797     -0.3313
   47.229004          10   47.229004           0   47.229004      5.7279   47.229004      1.3510
   47.241211          10   47.241211           0   47.241211      5.7149   47.241211      1.3551
   47.253419           5   47.253419           0   47.253419      5.7020   47.253419     -0.3140
   47.265626           5   47.265626           0   47.265626      5.6892   47.265626     -0.3082
   47.277833          10   47.277833           0   47.277833      5.6763   47.277833      1.3673
   47.290040           5   47.290040           0   47.290040      5.6635   47.290040     -0.2967
   47.302247           0   47.302247           5   47.302247      5.6507   47.302247     -5.6507
   47.314454           0   47.314454           0   47.314454      5.6379   47.314454     -5.6379
   47.326661           0   47.326661           0   47.326661      5.6252   47.326661     -5.6252
   47.338868           0   47.338868           0   47.338868      5.6125   47.338868     -5.6125
   47.351075           5   47.351075           0   47.351075      5.5998   47.351075     -0.2682
   47.363282           5   47.363282           0   47.363282      5.5872   47.363282     -0.2626
   47.375489          15   47.375489           0   47.375489      5.5746   47.375489      2.4336
   47.387696           0   47.387696           0   47.387696      5.5620   47.387696     -5.5620
   47.399903           0   47.399903           0   47.399903      5.5494   47.399903     -5.5494
   47.412110          15   47.412110           0   47.412110      5.5369   47.412110      2.4434
   47.424317           0   47.424317           0   47.424317      5.5244   47.424317     -5.5244
   47.436524           0   47.436524           0   47.436524      5.5119   47.436524     -5.5119
   47.448731           5   47.448731           0   47.448731      5.4994   47.448731     -0.2234
   47.460938          10   47.460938           0   47.460938      5.4870   47.460938      1.4271
   47.473145           0   47.473145           0   47.473145      5.4753   47.473145     -5.4753
   47.485352           5   47.485352           5   47.485352      5.5588   47.485352     -0.2499
   47.497559           0   47.497559           0   47.497559      5.5463   47.497559     -5.5463
   47.509766           5   47.509766           0   47.509766      5.5337   47.509766     -0.2387
   47.521973          10   47.521973           5   47.521973      5.5212   47.521973      1.4163
   47.534180          10   47.534180          10   47.534180      5.5088   47.534180      1.4203
   47.546387          15   47.546387           0   47.546387      5.4963   47.546387      2.4538
   47.558594           5   47.558594           0   47.558594      5.4839   47.558594     -0.2164
   47.570801           5   47.570801           0   47.570801      5.4715   47.570801     -0.2109
   47.583008           5   47.583008           0   47.583008      5.4592   47.583008     -0.2054
   47.595215           5   47.595215           0   47.595215      5.4468   47.595215     -0.1998
   47.607422          15   47.607422           0   47.607422      5.4345   47.607422      2.4698
   47.619629          20   47.619629           0   47.619629      5.4223   47.619629      3.2597
   47.631836          30   47.631836           0   47.631836      5.4100   47.631836      4.4895
   47.644044          10   47.644044          10   47.644044      5.3978   47.644044      1.4553
   47.656251          10   47.656251           0   47.656251      5.3856   47.656251      1.4592
   47.668458          15   47.668458           0   47.668458      5.3741   47.668458      2.4854
   47.680665           0   47.680665           0   47.680665      5.4579   47.680665     -5.4579
   47.692872           5   47.692872           0   47.692872      5.4455   47.692872     -0.1993
   47.705079           5   47.705079           0   47.705079      5.4332   47.705079     -0.1938
   47.717286           5   47.717286           5   47.717286      5.4210   47.717286     -0.1883
   47.729493           0   47.729493           0   47.729493      5.4087   47.729493     -5.4087
   47.741700           0   47.741700           0   47.741700      5.3965   47.741700     -5.3965
   47.753907           0   47.753907           0   47.753907      5.3843   47.753907     -5.3843
   47.766114           5   47.766114           0   47.766114      5.3722   47.766114     -0.1664
   47.778321          10   47.778321           0   47.778321      5.3600   47.778321      1.4673
   47.790528           0   47.790528           5   47.790528      5.3479   47.790528     -5.3479
   47.802735          10   47.802735           0   47.802735      5.3359   47.802735      1.4749
   47.814942          10   47.814942           0   47.814942      5.3238   47.814942      1.4787
   47.827149           0   47.827149           0   47.827149      5.3118   47.827149     -5.3118
   47.839356           5   47.839356           0   47.839356      5.2998   47.839356     -0.1341
   47.851563           5   47.851563           0   47.851563      5.2885   47.851563     -0.1290
   47.863770           0   47.863770           5   47.863770      5.3724   47.863770     -5.3724
   47.875977           0   47.875977           0   47.875977      5.3603   47.875977     -5.3603
   47.888184          15   47.888184           0   47.888184      5.3489   47.888184      2.4919
   47.900391           5   47.900391           5   47.900391      5.4340   47.900391     -0.1941
   47.912598           5   47.912598           0   47.912598      5.6135   47.912598     -0.2744
   47.924805           0   47.924805           0   47.924805      5.6008   47.924805     -5.6008
   47.937012           0   47.937012           0   47.937012      5.5881   47.937012     -5.5881
   47.949219          10   47.949219           0   47.949219      5.5755   47.949219      1.3991
   47.961426          10   47.961426           0   47.961426      5.5629   47.961426      1.4031
   47.973633           5   47.973633           0   47.973633      5.5504   47.973633     -0.2461
   47.985840          20   47.985840           0   47.985840      5.5378   47.985840      3.2338
   47.998047           5   47.998047           5   47.998047      5.5253   47.998047     -0.2349
   48.010254          10   48.010254           0   48.010254      5.5142   48.010254      1.4185
   48.022461           5   48.022461           0   48.022461      5.6935   48.022461     -0.3101
   48.034669           5   48.034669           0   48.034669      5.6806   48.034669     -0.3044
   48.046876           5   48.046876           0   48.046876      5.6678   48.046876     -0.2986
   48.059083           0   48.059083           0   48.059083      5.6550   48.059083     -5.6550
   48.071290           5   48.071290           0   48.071290      5.6422   48.071290     -0.2872
   48.083497          25   48.083497           0   48.083497      5.6302   48.083497      3.8740
   48.095704           5   48.095704           5   48.095704      5.7133   48.095704     -0.3190
   48.107911          10   48.107911           0   48.107911      5.7004   48.107911      1.3596
   48.120118          10   48.120118           0   48.120118      5.6875   48.120118      1.3637
   48.132325          15   48.132325           0   48.132325      5.6747   48.132325      2.4078
   48.144532           0   48.144532           0   48.144532      5.6619   48.144532     -5.6619
   48.156739           5   48.156739           0   48.156739      5.6498   48.156739     -0.2906
   48.168946           0   48.168946           0   48.168946      5.7329   48.168946     -5.7329
   48.181153           5   48.181153           0   48.181153      5.7199   48.181153     -0.3220
   48.193360           5   48.193360           0   48.193360      5.7070   48.193360     -0.3162
   48.205567          15   48.205567           0   48.205567      5.6941   48.205567      2.4028
   48.217774           5   48.217774           0   48.217774      5.6813   48.217774     -0.3047
   48.229981           0   48.229981           0   48.229981      5.6691   48.229981     -5.6691
   48.242188           5   48.242188           0   48.242188      5.7522   48.242188     -0.3364
   48.254395           5   48.254395           0   48.254395      5.7392   48.254395     -0.3306
   48.266602          10   48.266602           0   48.266602      5.7269   48.266602      1.3513
   48.278809           0   48.278809           0   48.278809      5.8098   48.278809     -5.8098
   48.291016           5   48.291016           0   48.291016      5.7967   48.291016     -0.3563
   48.303223           5   48.303223           0   48.303223      5.7836   48.303223     -0.3504
   48.315430           5   48.315430           0   48.315430      5.7706   48.315430     -0.3446
   48.327637          10   48.327637           0   48.327637      5.7575   48.327637      1.3416
   48.339844           0   48.339844           0   48.339844      5.7445   48.339844     -5.7445
   48.352051           5   48.352051           0   48.352051      5.7316   48.352051     -0.3272
   48.364258           0   48.364258           0   48.364258      5.7193   48.364258     -5.7193
   48.376465           5   48.376465           0   48.376465      5.8022   48.376465     -0.3588
   48.388672          10   48.388672           0   48.388672      5.7891   48.388672      1.3316
   48.400879          10   48.400879           0   48.400879      5.7761   48.400879      1.3357
   48.413087          10   48.413087           0   48.413087      5.7630   48.413087      1.3398
   48.425294           0   48.425294           0   48.425294      5.7500   48.425294     -5.7500
   48.437501           0   48.437501           0   48.437501      5.7370   48.437501     -5.7370
   48.449708           0   48.449708           0   48.449708      5.7241   48.449708     -5.7241
   48.461915           0   48.461915           0   48.461915      5.7118   48.461915     -5.7118
   48.474122           5   48.474122           0   48.474122      5.7948   48.474122     -0.3554
   48.486329           0   48.486329           0   48.486329      5.7817   48.486329     -5.7817
   48.498536          10   48.498536           0   48.498536      5.7686   48.498536      1.3381
   48.510743           0   48.510743           0   48.510743      5.7556   48.510743     -5.7556
   48.522950           5   48.522950           0   48.522950      5.7426   48.522950     -0.3321
   48.535157          10   48.535157           0   48.535157      5.7296   48.535157      1.3504
   48.547364           0   48.547364           5   48.547364      5.7167   48.547364     -5.7167
   48.559571          10   48.559571           0   48.559571      5.7038   48.559571      1.3586
   48.571778          10   48.571778           0   48.571778      5.6909   48.571778      1.3627
   48.583985          10   48.583985           0   48.583985      5.6781   48.583985      1.3667
   48.596192           0   48.596192           0   48.596192      5.6652   48.596192     -5.6652
   48.608399          10   48.608399           0   48.608399      5.6524   48.608399      1.3748
   48.620606          10   48.620606           0   48.620606      5.6397   48.620606      1.3789
   48.632813           0   48.632813           0   48.632813      5.6269   48.632813     -5.6269
   48.645020          10   48.645020           0   48.645020      5.6142   48.645020      1.3869
   48.657227           5   48.657227           0   48.657227      5.6016   48.657227     -0.2690
   48.669434          15   48.669434           0   48.669434      5.5889   48.669434      2.4299
   48.681641          20   48.681641           0   48.681641      5.5763   48.681641      3.2252
   48.693848          10   48.693848           0   48.693848      5.5637   48.693848      1.4029
   48.706055          15   48.706055           0   48.706055      5.5511   48.706055      2.4397
   48.718262          15   48.718262           5   48.718262      5.5386   48.718262      2.4429
   48.730469           0   48.730469           0   48.730469      5.5261   48.730469     -5.5261
   48.742676           0   48.742676           0   48.742676      5.5136   48.742676     -5.5136
   48.754883           0   48.754883           0   48.754883      5.5012   48.754883     -5.5012
   48.767090           5   48.767090           5   48.767090      5.4887   48.767090     -0.2186
   48.779297           0   48.779297           0   48.779297      5.4763   48.779297     -5.4763
   48.791504          15   48.791504           0   48.791504      5.4640   48.791504      2.4622
   48.803712          10   48.803712           0   48.803712      5.4516   48.803712      1.4383
   48.815919           5   48.815919           0   48.815919      5.4393   48.815919     -0.1965
   48.828126          10   48.828126           0   48.828126      5.4270   48.828126      1.4461
   48.840333          10   48.840333           0   48.840333      5.4148   48.840333      1.4500
   48.852540           0   48.852540           0   48.852540      5.4025   48.852540     -5.4025
   48.864747          10   48.864747           0   48.864747      5.3903   48.864747      1.4577
   48.876954           0   48.876954           0   48.876954      5.3782   48.876954     -5.3782
   48.889161           5   48.889161           5   48.889161      5.3660   48.889161     -0.1637
   48.901368           0   48.901368           0   48.901368      5.3539   48.901368     -5.3539
   48.913575           0   48.913575           0   48.913575      5.3425   48.913575     -5.3425
   48.925782           0   48.925782           0   48.925782      5.4263   48.925782     -5.4263
   48.937989           0   48.937989           0   48.937989      5.4140   48.937989     -5.4140
   48.950196           0   48.950196           0   48.950196      5.4018   48.950196     -5.4018
   48.962403           0   48.962403           0   48.962403      5.3896   48.962403     -5.3896
   48.974610           0   48.974610           0   48.974610      5.3774   48.974610     -5.3774
   48.986817          15   48.986817           5   48.986817      5.3653   48.986817      2.4877
   48.999024           0   48.999024           0   48.999024      5.3532   48.999024     -5.3532
   49.011231           5   49.011231           0   49.011231      5.3411   49.011231     -0.1525
   49.023438          10   49.023438           0   49.023438      5.3290   49.023438      1.4771
   49.035645           5   49.035645           0   49.035645      5.3170   49.035645     -0.1418
   49.047852          10   49.047852           5   49.047852      5.3050   49.047852      1.4847
   49.060059           5   49.060059           0   49.060059      5.2930   49.060059     -0.1310
   49.072266          10   49.072266           0   49.072266      5.2811   49.072266      1.4923
   49.084473           0   49.084473           0   49.084473      5.2698   49.084473     -5.2698
   49.096680           5   49.096680           0   49.096680      5.3538   49.096680     -0.1582
   49.108887          10   49.108887           0   49.108887      5.3417   49.108887      1.4731
   49.121094           0   49.121094           0   49.121094      5.3296   49.121094     -5.3296
   49.133301          15   49.133301           5   49.133301      5.3183   49.133301      2.4998
   49.145508          15   49.145508           0   49.145508      5.4021   49.145508      2.4782
   49.157715          10   49.157715           5   49.157715      5.3899   49.157715      1.4578
   49.169922           0   49.169922           0   49.169922      5.3777   49.169922     -5.3777
   49.182129           0   49.182129           0   49.182129      5.3656   49.182129     -5.3656
   49.194337           0   49.194337           0   49.194337      5.3535   49.194337     -5.3535
   49.206544           5   49.206544           0   49.206544      5.3414   49.206544     -0.1527
   49.218751           0   49.218751           0   49.218751      5.3293   49.218751     -5.3293
   49.230958           5   49.230958           0   49.230958      5.3173   49.230958     -0.1419
   49.243165           5   49.243165           0   49.243165      5.3053   49.243165     -0.1365
   49.255372          10   49.255372           0   49.255372      5.2940   49.255372      1.4882
   49.267579           5   49.267579           0   49.267579      5.3779   49.267579     -0.1690
   49.279786          15   49.279786           0   49.279786      5.3658   49.279786      2.4876
   49.291993          10   49.291993           5   49.291993      5.3536   49.291993      1.4693
   49.304200           5   49.304200           0   49.304200      5.3415   49.304200     -0.1527
   49.316407           0   49.316407           0   49.316407      5.3295   49.316407     -5.3295
   49.328614           5   49.328614           5   49.328614      5.3174   49.328614     -0.1420
   49.340821           0   49.340821           0   49.340821      5.3054   49.340821     -5.3054
   49.353028           0   49.353028           0   49.353028      5.2941   49.353028     -5.2941
   49.365235          10   49.365235           0   49.365235      5.3780   49.365235      1.4616
   49.377442           0   49.377442           0   49.377442      5.3659   49.377442     -5.3659
   49.389649           0   49.389649           0   49.389649      5.3538   49.389649     -5.3538
   49.401856           5   49.401856           0   49.401856      5.3417   49.401856     -0.1528
   49.414063          10   49.414063           0   49.414063      5.3303   49.414063      1.4767
   49.426270          10   49.426270           0   49.426270      5.4141   49.426270      1.4502
   49.438477          10   49.438477           0   49.438477      5.4019   49.438477      1.4540
   49.450684           0   49.450684           0   49.450684      5.3897   49.450684     -5.3897
   49.462891           0   49.462891           0   49.462891      5.3775   49.462891     -5.3775
   49.475098           5   49.475098           0   49.475098      5.3654   49.475098     -0.1634
   49.487305          10   49.487305           0   49.487305      5.3533   49.487305      1.4694
   49.499512          10   49.499512           5   49.499512      5.3419   49.499512      1.4730
   49.511719           5   49.511719           0   49.511719      5.4257   49.511719     -0.1904
   49.523926           0   49.523926           0   49.523926      5.4141   49.523926     -5.4141
   49.536133           0   49.536133           0   49.536133      5.4977   49.536133     -5.4977
   49.548340           5   49.548340           0   49.548340      5.4853   49.548340     -0.2170
   49.560547           0   49.560547           0   49.560547      5.4729   49.560547     -5.4729
   49.572754          10   49.572754           0   49.572754      5.4606   49.572754      1.4355
   49.584962          10   49.584962           0   49.584962      5.4482   49.584962      1.4394
   49.597169           5   49.597169           0   49.597169      5.4359   49.597169     -0.1950
   49.609376           5   49.609376           0   49.609376      5.4237   49.609376     -0.1895
   49.621583           5   49.621583           0   49.621583      5.4114   49.621583     -0.1840
   49.633790           0   49.633790           0   49.633790      5.3992   49.633790     -5.3992
   49.645997           0   49.645997           0   49.645997      5.3870   49.645997     -5.3870
   49.658204           0   49.658204           0   49.658204      5.3755   49.658204     -5.3755
   49.670411           0   49.670411           0   49.670411      5.4592   49.670411     -5.4592
   49.682618           0   49.682618           0   49.682618      5.4469   49.682618     -5.4469
   49.694825           5   49.694825           0   49.694825      5.4353   49.694825     -0.1947
   49.707032          10   49.707032           0   49.707032      5.5189   49.707032      1.4171
   49.719239           0   49.719239           0   49.719239      5.5064   49.719239     -5.5064
   49.731446           5   49.731446           0   49.731446      5.4940   49.731446     -0.2209
   49.743653           0   49.743653           0   49.743653      5.4816   49.743653     -5.4816
   49.755860          10   49.755860           0   49.755860      5.4692   49.755860      1.4328
   49.768067           0   49.768067           0   49.768067      5.4568   49.768067     -5.4568
   49.780274           5   49.780274           0   49.780274      5.4445   49.780274     -0.1988
   49.792481           0   49.792481           0   49.792481      5.4322   49.792481     -5.4322
   49.804688           0   49.804688           0   49.804688      5.4200   49.804688     -5.4200
   49.816895           5   49.816895           0   49.816895      5.4077   49.816895     -0.1823
   49.829102           0   49.829102           0   49.829102      5.3955   49.829102     -5.3955
   49.841309           0   49.841309           0   49.841309      5.3833   49.841309     -5.3833
   49.853516          15   49.853516           5   49.853516      5.3712   49.853516      2.4862
   49.865723           0   49.865723           0   49.865723      5.3597   49.865723     -5.3597
   49.877930           5   49.877930           0   49.877930      5.4435   49.877930     -0.1983
   49.890137           0   49.890137           0   49.890137      5.4312   49.890137     -5.4312
   49.902344          10   49.902344           0   49.902344      5.4189   49.902344      1.4487
   49.914551           5   49.914551           0   49.914551      5.4067   49.914551     -0.1819
   49.926758           0   49.926758           0   49.926758      5.3945   49.926758     -5.3945
   49.938965           5   49.938965           0   49.938965      5.3823   49.938965     -0.1710
   49.951172           0   49.951172           0   49.951172      5.3701   49.951172     -5.3701
   49.963379           0   49.963379           5   49.963379      5.3580   49.963379     -5.3580
   49.975587           5   49.975587           0   49.975587      5.3459   49.975587     -0.1547
   49.987794           5   49.987794           0   49.987794      5.3338   49.987794     -0.1493

Best Fit Parameters:

Data Set #0
Parameter              Value          Conf. Lower     Conf. Upper     Conf. Estimation
A1 [Cnts]            7778.41397              ---            ---     Fitting
t1 [ns]                 5.39917              ---            ---     Fitting
Bkgr. Dec [Cnts]        0.00000              ---            ---     <none>
Bkgr. IRF [Cnts]        0.00000              ---            ---     <none>
Shift IRF [ns]          0.37833              ---            ---     Fitting

Average Lifetime:
tAv.1=5.39917 ns (intensity weighted)
tAv.2=5.39917 ns (amplitude weighted)

Fractional Intensities of the Positive Decay Components:
t1 (5.39917 ns) : 100.00%

Fractional Amplitudes of the Positive Decay Components:
t1 (5.39917 ns) : 100.00%

Fitted Decay and Exponential Components:
     Time [ns]      t1 [kCounts]      Sum [kCounts]
     0.00000      7.77841397      7.77841397
     0.02202      7.74675214      7.74675214
     0.04404      7.71521919      7.71521919
     0.06607      7.68381459      7.68381459
     0.08809      7.65253782      7.65253782
     0.11011      7.62138836      7.62138836
     0.13213      7.59036570      7.59036570
     0.15415      7.55946931      7.55946931
     0.17618      7.52869869      7.52869869
     0.19820      7.49805332      7.49805332
     0.22022      7.46753269      7.46753269
     0.24224      7.43713629      7.43713629
     0.26426      7.40686362      7.40686362
     0.28629      7.37671418      7.37671418
     0.30831      7.34668745      7.34668745
     0.33033      7.31678295      7.31678295
     0.35235      7.28700018      7.28700018
     0.37437      7.25733863      7.25733863
     0.39640      7.22779782      7.22779782
     0.41842      7.19837726      7.19837726
     0.44044      7.16907645      7.16907645
     0.46246      7.13989491      7.13989491
     0.48448      7.11083216      7.11083216
     0.50651      7.08188770      7.08188770
     0.52853      7.05306106      7.05306106
     0.55055      7.02435176      7.02435176
     0.57257      6.99575932      6.99575932
     0.59459      6.96728326      6.96728326
     0.61662      6.93892312      6.93892312
     0.63864      6.91067841      6.91067841
     0.66066      6.88254867      6.88254867
     0.68268      6.85453344      6.85453344
     0.70470      6.82663224      6.82663224
     0.72673      6.79884461      6.79884461
     0.74875      6.77117009      6.77117009
     0.77077      6.74360822      6.74360822
     0.79279      6.71615854      6.71615854
     0.81481      6.68882059      6.68882059
     0.83684      6.66159392      6.66159392
     0.85886      6.63447807      6.63447807
     0.88088      6.60747260      6.60747260
     0.90290      6.58057706      6.58057706
     0.92492      6.55379099      6.55379099
     0.94695      6.52711395      6.52711395
     0.96897      6.50054550      6.50054550
     0.99099      6.47408520      6.47408520
     1.01301      6.44773261      6.44773261
     1.03504      6.42148728      6.42148728
     1.05706      6.39534878      6.39534878
     1.07908      6.36931668      6.36931668
     1.10110      6.34339054      6.34339054
     1.12312      6.31756994      6.31756994
     1.14515      6.29185443      6.29185443
     1.16717      6.26624360      6.26624360
     1.18919      6.24073702      6.24073702
     1.21121      6.21533426      6.21533426
     1.23323      6.19003491      6.19003491
     1.25526      6.16483853      6.16483853
     1.27728      6.13974472      6.13974472
     1.29930      6.11475305      6.11475305
     1.32132      6.08986310      6.08986310
     1.34334      6.06507447      6.06507447
     1.36537      6.04038675      6.04038675
     1.38739      6.01579951      6.01579951
     1.40941      5.99131235      5.99131235
     1.43143      5.96692487      5.96692487
     1.45345      5.94263666      5.94263666
     1.47548      5.91844731      5.91844731
     1.49750      5.89435643      5.89435643
     1.51952      5.87036360      5.87036360
     1.54154      5.84646844      5.84646844
     1.56356      5.82267054      5.82267054
     1.58559      5.79896951      5.79896951
     1.60761      5.77536496      5.77536496
     1.62963      5.75185648      5.75185648
     1.65165      5.72844370      5.72844370
     1.67367      5.70512622      5.70512622
     1.69570      5.68190365      5.68190365
     1.71772      5.65877561      5.65877561
     1.73974      5.63574171      5.63574171
     1.76176      5.61280157      5.61280157
     1.78378      5.58995481      5.58995481
     1.80581      5.56720104      5.56720104
     1.82783      5.54453990      5.54453990
     1.84985      5.52197099      5.52197099
     1.87187      5.49949395      5.49949395
     1.89389      5.47710841      5.47710841
     1.91592      5.45481398      5.45481398
     1.93794      5.43261030      5.43261030
     1.95996      5.41049700      5.41049700
     1.98198      5.38847371      5.38847371
     2.00400      5.36654007      5.36654007
     2.02603      5.34469571      5.34469571
     2.04805      5.32294026      5.32294026
     2.07007      5.30127337      5.30127337
     2.09209      5.27969468      5.27969468
     2.11411      5.25820382      5.25820382
     2.13614      5.23680044      5.23680044
     2.15816      5.21548418      5.21548418
     2.18018      5.19425468      5.19425468
     2.20220      5.17311161      5.17311161
     2.22422      5.15205459      5.15205459
     2.24625      5.13108329      5.13108329
     2.26827      5.11019734      5.11019734
     2.29029      5.08939642      5.08939642
     2.31231      5.06868016      5.06868016
     2.33433      5.04804823      5.04804823
     2.35636      5.02750028      5.02750028
     2.37838      5.00703597      5.00703597
     2.40040      4.98665496      4.98665496
     2.42242      4.96635692      4.96635692
     2.44444      4.94614149      4.94614149
     2.46647      4.92600835      4.92600835
     2.48849      4.90595716      4.90595716
     2.51051      4.88598759      4.88598759
     2.53253      4.86609930      4.86609930
     2.55455      4.84629197      4.84629197
     2.57658      4.82656527      4.82656527
     2.59860      4.80691886      4.80691886
     2.62062      4.78735242      4.78735242
     2.64264      4.76786563      4.76786563
     2.66466      4.74845815      4.74845815
     2.68669      4.72912968      4.72912968
     2.70871      4.70987988      4.70987988
     2.73073      4.69070844      4.69070844
     2.75275      4.67161503      4.67161503
     2.77477      4.65259934      4.65259934
     2.79680      4.63366106      4.63366106
     2.81882      4.61479986      4.61479986
     2.84084      4.59601544      4.59601544
     2.86286      4.57730748      4.57730748
     2.88488      4.55867566      4.55867566
     2.90691      4.54011969      4.54011969
     2.92893      4.52163925      4.52163925
     2.95095      4.50323404      4.50323404
     2.97297      4.48490374      4.48490374
     2.99499      4.46664806      4.46664806
     3.01702      4.44846668      4.44846668
     3.03904      4.43035932      4.43035932
     3.06106      4.41232565      4.41232565
     3.08308      4.39436540      4.39436540
     3.10511      4.37647825      4.37647825
     3.12713      4.35866391      4.35866391
     3.14915      4.34092208      4.34092208
     3.17117      4.32325247      4.32325247
     3.19319      4.30565478      4.30565478
     3.21522      4.28812872      4.28812872
     3.23724      4.27067401      4.27067401
     3.25926      4.25329034      4.25329034
     3.28128      4.23597743      4.23597743
     3.30330      4.21873500      4.21873500
     3.32533      4.20156275      4.20156275
     3.34735      4.18446039      4.18446039
     3.36937      4.16742766      4.16742766
     3.39139      4.15046425      4.15046425
     3.41341      4.13356989      4.13356989
     3.43544      4.11674431      4.11674431
     3.45746      4.09998720      4.09998720
     3.47948      4.08329831      4.08329831
     3.50150      4.06667735      4.06667735
     3.52352      4.05012405      4.05012405
     3.54555      4.03363812      4.03363812
     3.56757      4.01721931      4.01721931
     3.58959      4.00086732      4.00086732
     3.61161      3.98458189      3.98458189
     3.63363      3.96836276      3.96836276
     3.65566      3.95220964      3.95220964
     3.67768      3.93612227      3.93612227
     3.69970      3.92010039      3.92010039
     3.72172      3.90414372      3.90414372
     3.74374      3.88825201      3.88825201
     3.76577      3.87242498      3.87242498
     3.78779      3.85666237      3.85666237
     3.80981      3.84096393      3.84096393
     3.83183      3.82532938      3.82532938
     3.85385      3.80975848      3.80975848
     3.87588      3.79425096      3.79425096
     3.89790      3.77880656      3.77880656
     3.91992      3.76342502      3.76342502
     3.94194      3.74810610      3.74810610
     3.96396      3.73284953      3.73284953
     3.98599      3.71765507      3.71765507
     4.00801      3.70252245      3.70252245
     4.03003      3.68745143      3.68745143
     4.05205      3.67244175      3.67244175
     4.07407      3.65749317      3.65749317
     4.09610      3.64260544      3.64260544
     4.11812      3.62777831      3.62777831
     4.14014      3.61301153      3.61301153
     4.16216      3.59830486      3.59830486
     4.18418      3.58365806      3.58365806
     4.20621      3.56907087      3.56907087
     4.22823      3.55454306      3.55454306
     4.25025      3.54007439      3.54007439
     4.27227      3.52566460      3.52566460
     4.29429      3.51131348      3.51131348
     4.31632      3.49702077      3.49702077
     4.33834      3.48278624      3.48278624
     4.36036      3.46860965      3.46860965
     4.38238      3.45449076      3.45449076
     4.40440      3.44042935      3.44042935
     4.42643      3.42642517      3.42642517
     4.44845      3.41247799      3.41247799
     4.47047      3.39858759      3.39858759
     4.49249      3.38475373      3.38475373
     4.51451      3.37097618      3.37097618
     4.53654      3.35725470      3.35725470
     4.55856      3.34358909      3.34358909
     4.58058      3.32997909      3.32997909
     4.60260      3.31642450      3.31642450
     4.62462      3.30292508      3.30292508
     4.64665      3.28948061      3.28948061
     4.66867      3.27609087      3.27609087
     4.69069      3.26275562      3.26275562
     4.71271      3.24947466      3.24947466
     4.73473      3.23624776      3.23624776
     4.75676      3.22307470      3.22307470
     4.77878      3.20995525      3.20995525
     4.80080      3.19688922      3.19688922
     4.82282      3.18387636      3.18387636
     4.84484      3.17091647      3.17091647
     4.86687      3.15800934      3.15800934
     4.88889      3.14515475      3.14515475
     4.91091      3.13235248      3.13235248
     4.93293      3.11960232      3.11960232
     4.95495      3.10690406      3.10690406
     4.97698      3.09425748      3.09425748
     4.99900      3.08166239      3.08166239
     5.02102      3.06911856      3.06911856
     5.04304      3.05662580      3.05662580
     5.06507      3.04418388      3.04418388
     5.08709      3.03179261      3.03179261
     5.10911      3.01945178      3.01945178
     5.13113      3.00716118      3.00716118
     5.15315      2.99492060      2.99492060
     5.17518      2.98272986      2.98272986
     5.19720      2.97058873      2.97058873
     5.21922      2.95849703      2.95849703
     5.24124      2.94645454      2.94645454
     5.26326      2.93446108      2.93446108
     5.28529      2.92251643      2.92251643
     5.30731      2.91062040      2.91062040
     5.32933      2.89877280      2.89877280
     5.35135      2.88697342      2.88697342
     5.37337      2.87522207      2.87522207
     5.39540      2.86351855      2.86351855
     5.41742      2.85186267      2.85186267
     5.43944      2.84025424      2.84025424
     5.46146      2.82869306      2.82869306
     5.48348      2.81717894      2.81717894
     5.50551      2.80571169      2.80571169
     5.52753      2.79429111      2.79429111
     5.54955      2.78291702      2.78291702
     5.57157      2.77158923      2.77158923
     5.59359      2.76030755      2.76030755
     5.61562      2.74907179      2.74907179
     5.63764      2.73788176      2.73788176
     5.65966      2.72673728      2.72673728
     5.68168      2.71563817      2.71563817
     5.70370      2.70458424      2.70458424
     5.72573      2.69357530      2.69357530
     5.74775      2.68261117      2.68261117
     5.76977      2.67169167      2.67169167
     5.79179      2.66081662      2.66081662
     5.81381      2.64998583      2.64998583
     5.83584      2.63919914      2.63919914
     5.85786      2.62845634      2.62845634
     5.87988      2.61775728      2.61775728
     5.90190      2.60710177      2.60710177
     5.92392      2.59648963      2.59648963
     5.94595      2.58592068      2.58592068
     5.96797      2.57539476      2.57539476
     5.98999      2.56491168      2.56491168
     6.01201      2.55447128      2.55447128
     6.03403      2.54407337      2.54407337
     6.05606      2.53371778      2.53371778
     6.07808      2.52340435      2.52340435
     6.10010      2.51313290      2.51313290
     6.12212      2.50290326      2.50290326
     6.14414      2.49271526      2.49271526
     6.16617      2.48256872      2.48256872
     6.18819      2.47246349      2.47246349
     6.21021      2.46239939      2.46239939
     6.23223      2.45237626      2.45237626
     6.25425      2.44239393      2.44239393
     6.27628      2.43245223      2.43245223
     6.29830      2.42255099      2.42255099
     6.32032      2.41269006      2.41269006
     6.34234      2.40286927      2.40286927
     6.36436      2.39308845      2.39308845
     6.38639      2.38334745      2.38334745
     6.40841      2.37364609      2.37364609
     6.43043      2.36398423      2.36398423
     6.45245      2.35436169      2.35436169
     6.47447      2.34477833      2.34477833
     6.49650      2.33523397      2.33523397
     6.51852      2.32572846      2.32572846
     6.54054      2.31626164      2.31626164
     6.56256      2.30683336      2.30683336
     6.58458      2.29744345      2.29744345
     6.60661      2.28809177      2.28809177
     6.62863      2.27877815      2.27877815
     6.65065      2.26950244      2.26950244
     6.67267      2.26026449      2.26026449
     6.69469      2.25106414      2.25106414
     6.71672      2.24190125      2.24190125
     6.73874      2.23277565      2.23277565
     6.76076      2.22368719      2.22368719
     6.78278      2.21463573      2.21463573
     6.80480      2.20562111      2.20562111
     6.82683      2.19664319      2.19664319
     6.84885      2.18770181      2.18770181
     6.87087      2.17879683      2.17879683
     6.89289      2.16992809      2.16992809
     6.91491      2.16109545      2.16109545
     6.93694      2.15229877      2.15229877
     6.95896      2.14353790      2.14353790
     6.98098      2.13481268      2.13481268
     7.00300      2.12612298      2.12612298
     7.02503      2.11746865      2.11746865
     7.04705      2.10884955      2.10884955
     7.06907      2.10026553      2.10026553
     7.09109      2.09171646      2.09171646
     7.11311      2.08320218      2.08320218
     7.13514      2.07472256      2.07472256
     7.15716      2.06627746      2.06627746
     7.17918      2.05786673      2.05786673
     7.20120      2.04949023      2.04949023
     7.22322      2.04114784      2.04114784
     7.24525      2.03283940      2.03283940
     7.26727      2.02456478      2.02456478
     7.28929      2.01632384      2.01632384
     7.31131      2.00811645      2.00811645
     7.33333      1.99994246      1.99994246
     7.35536      1.99180175      1.99180175
     7.37738      1.98369417      1.98369417
     7.39940      1.97561959      1.97561959
     7.42142      1.96757789      1.96757789
     7.44344      1.95956891      1.95956891
     7.46547      1.95159254      1.95159254
     7.48749      1.94364863      1.94364863
     7.50951      1.93573706      1.93573706
     7.53153      1.92785769      1.92785769
     7.55355      1.92001040      1.92001040
     7.57558      1.91219505      1.91219505
     7.59760      1.90441150      1.90441150
     7.61962      1.89665965      1.89665965
     7.64164      1.88893934      1.88893934
     7.66366      1.88125047      1.88125047
     7.68569      1.87359288      1.87359288
     7.70771      1.86596647      1.86596647
     7.72973      1.85837110      1.85837110
     7.75175      1.85080665      1.85080665
     7.77377      1.84327299      1.84327299
     7.79580      1.83577000      1.83577000
     7.81782      1.82829754      1.82829754
     7.83984      1.82085551      1.82085551
     7.86186      1.81344376      1.81344376
     7.88388      1.80606219      1.80606219
     7.90591      1.79871066      1.79871066
     7.92793      1.79138905      1.79138905
     7.94995      1.78409725      1.78409725
     7.97197      1.77683513      1.77683513
     7.99399      1.76960257      1.76960257
     8.01602      1.76239945      1.76239945
     8.03804      1.75522564      1.75522564
     8.06006      1.74808104      1.74808104
     8.08208      1.74096553      1.74096553
     8.10410      1.73387897      1.73387897
     8.12613      1.72682126      1.72682126
     8.14815      1.71979228      1.71979228
     8.17017      1.71279191      1.71279191
     8.19219      1.70582004      1.70582004
     8.21421      1.69887654      1.69887654
     8.23624      1.69196131      1.69196131
     8.25826      1.68507422      1.68507422
     8.28028      1.67821517      1.67821517
     8.30230      1.67138404      1.67138404
     8.32432      1.66458072      1.66458072
     8.34635      1.65780508      1.65780508
     8.36837      1.65105703      1.65105703
     8.39039      1.64433645      1.64433645
     8.41241      1.63764322      1.63764322
     8.43443      1.63097723      1.63097723
     8.45646      1.62433838      1.62433838
     8.47848      1.61772656      1.61772656
     8.50050      1.61114164      1.61114164
     8.52252      1.60458353      1.60458353
     8.54454      1.59805212      1.59805212
     8.56657      1.59154729      1.59154729
     8.58859      1.58506893      1.58506893
     8.61061      1.57861695      1.57861695
     8.63263      1.57219123      1.57219123
     8.65465      1.56579167      1.56579167
     8.67668      1.55941816      1.55941816
     8.69870      1.55307058      1.55307058
     8.72072      1.54674885      1.54674885
     8.74274      1.54045285      1.54045285
     8.76476      1.53418248      1.53418248
     8.78679      1.52793763      1.52793763
     8.80881      1.52171820      1.52171820
     8.83083      1.51552408      1.51552408
     8.85285      1.50935518      1.50935518
     8.87487      1.50321139      1.50321139
     8.89690      1.49709261      1.49709261
     8.91892      1.49099873      1.49099873
     8.94094      1.48492966      1.48492966
     8.96296      1.47888529      1.47888529
     8.98498      1.47286553      1.47286553
     9.00701      1.46687027      1.46687027
     9.02903      1.46089941      1.46089941
     9.05105      1.45495286      1.45495286
     9.07307      1.44903051      1.44903051
     9.09510      1.44313227      1.44313227
     9.11712      1.43725803      1.43725803
     9.13914      1.43140771      1.43140771
     9.16116      1.42558121      1.42558121
     9.18318      1.41977841      1.41977841
     9.20521      1.41399924      1.41399924
     9.22723      1.40824360      1.40824360
     9.24925      1.40251138      1.40251138
     9.27127      1.39680249      1.39680249
     9.29329      1.39111684      1.39111684
     9.31532      1.38545434      1.38545434
     9.33734      1.37981488      1.37981488
     9.35936      1.37419838      1.37419838
     9.38138      1.36860474      1.36860474
     9.40340      1.36303387      1.36303387
     9.42543      1.35748568      1.35748568
     9.44745      1.35196007      1.35196007
     9.46947      1.34645695      1.34645695
     9.49149      1.34097623      1.34097623
     9.51351      1.33551782      1.33551782
     9.53554      1.33008163      1.33008163
     9.55756      1.32466757      1.32466757
     9.57958      1.31927555      1.31927555
     9.60160      1.31390547      1.31390547
     9.62362      1.30855725      1.30855725
     9.64565      1.30323080      1.30323080
     9.66767      1.29792604      1.29792604
     9.68969      1.29264286      1.29264286
     9.71171      1.28738119      1.28738119
     9.73373      1.28214094      1.28214094
     9.75576      1.27692202      1.27692202
     9.77778      1.27172434      1.27172434
     9.79980      1.26654782      1.26654782
     9.82182      1.26139237      1.26139237
     9.84384      1.25625791      1.25625791
     9.86587      1.25114434      1.25114434
     9.88789      1.24605159      1.24605159
     9.90991      1.24097957      1.24097957
     9.93193      1.23592819      1.23592819
     9.95395      1.23089738      1.23089738
     9.97598      1.22588704      1.22588704
     9.99800      1.22089710      1.22089710
    10.02002      1.21592747      1.21592747
    10.04204      1.21097807      1.21097807
    10.06406      1.20604882      1.20604882
    10.08609      1.20113963      1.20113963
    10.10811      1.19625042      1.19625042
    10.13013      1.19138111      1.19138111
    10.15215      1.18653163      1.18653163
    10.17417      1.18170188      1.18170188
    10.19620      1.17689179      1.17689179
    10.21822      1.17210129      1.17210129
    10.24024      1.16733028      1.16733028
    10.26226      1.16257869      1.16257869
    10.28428      1.15784645      1.15784645
    10.30631      1.15313346      1.15313346
    10.32833      1.14843966      1.14843966
    10.35035      1.14376497      1.14376497
    10.37237      1.13910930      1.13910930
    10.39439      1.13447259      1.13447259
    10.41642      1.12985475      1.12985475
    10.43844      1.12525570      1.12525570
    10.46046      1.12067538      1.12067538
    10.48248      1.11611370      1.11611370
    10.50450      1.11157059      1.11157059
    10.52653      1.10704597      1.10704597
    10.54855      1.10253977      1.10253977
    10.57057      1.09805191      1.09805191
    10.59259      1.09358231      1.09358231
    10.61461      1.08913092      1.08913092
    10.63664      1.08469764      1.08469764
    10.65866      1.08028240      1.08028240
    10.68068      1.07588514      1.07588514
    10.70270      1.07150578      1.07150578
    10.72472      1.06714424      1.06714424
    10.74675      1.06280046      1.06280046
    10.76877      1.05847436      1.05847436
    10.79079      1.05416587      1.05416587
    10.81281      1.04987491      1.04987491
    10.83483      1.04560142      1.04560142
    10.85686      1.04134533      1.04134533
    10.87888      1.03710656      1.03710656
    10.90090      1.03288504      1.03288504
    10.92292      1.02868071      1.02868071
    10.94494      1.02449350      1.02449350
    10.96697      1.02032332      1.02032332
    10.98899      1.01617012      1.01617012
    11.01101      1.01203383      1.01203383
    11.03303      1.00791437      1.00791437
    11.05506      1.00381168      1.00381168
    11.07708      0.99972569      0.99972569
    11.09910      0.99565633      0.99565633
    11.12112      0.99160354      0.99160354
    11.14314      0.98756724      0.98756724
    11.16517      0.98354738      0.98354738
    11.18719      0.97954387      0.97954387
    11.20921      0.97555667      0.97555667
    11.23123      0.97158569      0.97158569
    11.25325      0.96763087      0.96763087
    11.27528      0.96369216      0.96369216
    11.29730      0.95976947      0.95976947
    11.31932      0.95586276      0.95586276
    11.34134      0.95197194      0.95197194
    11.36336      0.94809697      0.94809697
    11.38539      0.94423776      0.94423776
    11.40741      0.94039427      0.94039427
    11.42943      0.93656642      0.93656642
    11.45145      0.93275415      0.93275415
    11.47347      0.92895739      0.92895739
    11.49550      0.92517610      0.92517610
    11.51752      0.92141019      0.92141019
    11.53954      0.91765962      0.91765962
    11.56156      0.91392431      0.91392431
    11.58358      0.91020420      0.91020420
    11.60561      0.90649924      0.90649924
    11.62763      0.90280936      0.90280936
    11.64965      0.89913450      0.89913450
    11.67167      0.89547459      0.89547459
    11.69369      0.89182959      0.89182959
    11.71572      0.88819942      0.88819942
    11.73774      0.88458402      0.88458402
    11.75976      0.88098335      0.88098335
    11.78178      0.87739733      0.87739733
    11.80380      0.87382590      0.87382590
    11.82583      0.87026902      0.87026902
    11.84785      0.86672661      0.86672661
    11.86987      0.86319862      0.86319862
    11.89189      0.85968500      0.85968500
    11.91391      0.85618567      0.85618567
    11.93594      0.85270059      0.85270059
    11.95796      0.84922969      0.84922969
    11.97998      0.84577293      0.84577293
    12.00200      0.84233023      0.84233023
    12.02402      0.83890155      0.83890155
    12.04605      0.83548682      0.83548682
    12.06807      0.83208599      0.83208599
    12.09009      0.82869901      0.82869901
    12.11211      0.82532581      0.82532581
    12.13413      0.82196634      0.82196634
    12.15616      0.81862055      0.81862055
    12.17818      0.81528838      0.81528838
    12.20020      0.81196977      0.81196977
    12.22222      0.80866466      0.80866466
    12.24424      0.80537302      0.80537302
    12.26627      0.80209477      0.80209477
    12.28829      0.79882986      0.79882986
    12.31031      0.79557824      0.79557824
    12.33233      0.79233986      0.79233986
    12.35435      0.78911466      0.78911466
    12.37638      0.78590259      0.78590259
    12.39840      0.78270360      0.78270360
    12.42042      0.77951762      0.77951762
    12.44244      0.77634462      0.77634462
    12.46446      0.77318453      0.77318453
    12.48649      0.77003730      0.77003730
    12.50851      0.76690288      0.76690288
    12.53053      0.76378122      0.76378122
    12.55255      0.76067227      0.76067227
    12.57457      0.75757598      0.75757598
    12.59660      0.75449228      0.75449228
    12.61862      0.75142114      0.75142114
    12.64064      0.74836250      0.74836250
    12.66266      0.74531631      0.74531631
    12.68468      0.74228252      0.74228252
    12.70671      0.73926108      0.73926108
    12.72873      0.73625194      0.73625194
    12.75075      0.73325504      0.73325504
    12.77277      0.73027035      0.73027035
    12.79479      0.72729780      0.72729780
    12.81682      0.72433735      0.72433735
    12.83884      0.72138896      0.72138896
    12.86086      0.71845256      0.71845256
    12.88288      0.71552812      0.71552812
    12.90490      0.71261558      0.71261558
    12.92693      0.70971490      0.70971490
    12.94895      0.70682602      0.70682602
    12.97097      0.70394890      0.70394890
    12.99299      0.70108350      0.70108350
    13.01502      0.69822976      0.69822976
    13.03704      0.69538763      0.69538763
    13.05906      0.69255707      0.69255707
    13.08108      0.68973804      0.68973804
    13.10310      0.68693048      0.68693048
    13.12513      0.68413434      0.68413434
    13.14715      0.68134959      0.68134959
    13.16917      0.67857618      0.67857618
    13.19119      0.67581405      0.67581405
    13.21321      0.67306317      0.67306317
    13.23524      0.67032348      0.67032348
    13.25726      0.66759495      0.66759495
    13.27928      0.66487752      0.66487752
    13.30130      0.66217115      0.66217115
    13.32332      0.65947580      0.65947580
    13.34535      0.65679142      0.65679142
    13.36737      0.65411797      0.65411797
    13.38939      0.65145540      0.65145540
    13.41141      0.64880367      0.64880367
    13.43343      0.64616273      0.64616273
    13.45546      0.64353254      0.64353254
    13.47748      0.64091306      0.64091306
    13.49950      0.63830424      0.63830424
    13.52152      0.63570604      0.63570604
    13.54354      0.63311841      0.63311841
    13.56557      0.63054132      0.63054132
    13.58759      0.62797472      0.62797472
    13.60961      0.62541856      0.62541856
    13.63163      0.62287281      0.62287281
    13.65365      0.62033743      0.62033743
    13.67568      0.61781236      0.61781236
    13.69770      0.61529757      0.61529757
    13.71972      0.61279302      0.61279302
    13.74174      0.61029866      0.61029866
    13.76376      0.60781445      0.60781445
    13.78579      0.60534036      0.60534036
    13.80781      0.60287634      0.60287634
    13.82983      0.60042235      0.60042235
    13.85185      0.59797834      0.59797834
    13.87387      0.59554429      0.59554429
    13.89590      0.59312014      0.59312014
    13.91792      0.59070586      0.59070586
    13.93994      0.58830141      0.58830141
    13.96196      0.58590674      0.58590674
    13.98398      0.58352182      0.58352182
    14.00601      0.58114661      0.58114661
    14.02803      0.57878107      0.57878107
    14.05005      0.57642516      0.57642516
    14.07207      0.57407883      0.57407883
    14.09409      0.57174206      0.57174206
    14.11612      0.56941480      0.56941480
    14.13814      0.56709701      0.56709701
    14.16016      0.56478866      0.56478866
    14.18218      0.56248970      0.56248970
    14.20420      0.56020010      0.56020010
    14.22623      0.55791982      0.55791982
    14.24825      0.55564882      0.55564882
    14.27027      0.55338707      0.55338707
    14.29229      0.55113452      0.55113452
    14.31431      0.54889114      0.54889114
    14.33634      0.54665689      0.54665689
    14.35836      0.54443174      0.54443174
    14.38038      0.54221565      0.54221565
    14.40240      0.54000857      0.54000857
    14.42442      0.53781048      0.53781048
    14.44645      0.53562134      0.53562134
    14.46847      0.53344110      0.53344110
    14.49049      0.53126975      0.53126975
    14.51251      0.52910723      0.52910723
    14.53453      0.52695351      0.52695351
    14.55656      0.52480856      0.52480856
    14.57858      0.52267234      0.52267234
    14.60060      0.52054482      0.52054482
    14.62262      0.51842595      0.51842595
    14.64464      0.51631571      0.51631571
    14.66667      0.51421406      0.51421406
    14.68869      0.51212097      0.51212097
    14.71071      0.51003639      0.51003639
    14.73273      0.50796030      0.50796030
    14.75475      0.50589266      0.50589266
    14.77678      0.50383344      0.50383344
    14.79880      0.50178260      0.50178260
    14.82082      0.49974011      0.49974011
    14.84284      0.49770593      0.49770593
    14.86486      0.49568003      0.49568003
    14.88689      0.49366238      0.49366238
    14.90891      0.49165294      0.49165294
    14.93093      0.48965168      0.48965168
    14.95295      0.48765856      0.48765856
    14.97497      0.48567356      0.48567356
    14.99700      0.48369664      0.48369664
    15.01902      0.48172776      0.48172776
    15.04104      0.47976690      0.47976690
    15.06306      0.47781402      0.47781402
    15.08509      0.47586909      0.47586909
    15.10711      0.47393208      0.47393208
    15.12913      0.47200295      0.47200295
    15.15115      0.47008168      0.47008168
    15.17317      0.46816822      0.46816822
    15.19520      0.46626256      0.46626256
    15.21722      0.46436465      0.46436465
    15.23924      0.46247446      0.46247446
    15.26126      0.46059197      0.46059197
    15.28328      0.45871714      0.45871714
    15.30531      0.45684995      0.45684995
    15.32733      0.45499035      0.45499035
    15.34935      0.45313833      0.45313833
    15.37137      0.45129384      0.45129384
    15.39339      0.44945686      0.44945686
    15.41542      0.44762736      0.44762736
    15.43744      0.44580530      0.44580530
    15.45946      0.44399066      0.44399066
    15.48148      0.44218341      0.44218341
    15.50350      0.44038351      0.44038351
    15.52553      0.43859094      0.43859094
    15.54755      0.43680567      0.43680567
    15.56957      0.43502766      0.43502766
    15.59159      0.43325690      0.43325690
    15.61361      0.43149333      0.43149333
    15.63564      0.42973695      0.42973695
    15.65766      0.42798772      0.42798772
    15.67968      0.42624561      0.42624561
    15.70170      0.42451058      0.42451058
    15.72372      0.42278263      0.42278263
    15.74575      0.42106170      0.42106170
    15.76777      0.41934778      0.41934778
    15.78979      0.41764083      0.41764083
    15.81181      0.41594084      0.41594084
    15.83383      0.41424776      0.41424776
    15.85586      0.41256158      0.41256158
    15.87788      0.41088226      0.41088226
    15.89990      0.40920977      0.40920977
    15.92192      0.40754409      0.40754409
    15.94394      0.40588520      0.40588520
    15.96597      0.40423305      0.40423305
    15.98799      0.40258763      0.40258763
    16.01001      0.40094891      0.40094891
    16.03203      0.39931686      0.39931686
    16.05405      0.39769145      0.39769145
    16.07608      0.39607265      0.39607265
    16.09810      0.39446045      0.39446045
    16.12012      0.39285481      0.39285481
    16.14214      0.39125570      0.39125570
    16.16416      0.38966311      0.38966311
    16.18619      0.38807699      0.38807699
    16.20821      0.38649734      0.38649734
    16.23023      0.38492411      0.38492411
    16.25225      0.38335729      0.38335729
    16.27427      0.38179684      0.38179684
    16.29630      0.38024275      0.38024275
    16.31832      0.37869498      0.37869498
    16.34034      0.37715351      0.37715351
    16.36236      0.37561832      0.37561832
    16.38438      0.37408937      0.37408937
    16.40641      0.37256665      0.37256665
    16.42843      0.37105013      0.37105013
    16.45045      0.36953978      0.36953978
    16.47247      0.36803558      0.36803558
    16.49449      0.36653750      0.36653750
    16.51652      0.36504552      0.36504552
    16.53854      0.36355961      0.36355961
    16.56056      0.36207975      0.36207975
    16.58258      0.36060591      0.36060591
    16.60460      0.35913807      0.35913807
    16.62663      0.35767621      0.35767621
    16.64865      0.35622030      0.35622030
    16.67067      0.35477031      0.35477031
    16.69269      0.35332623      0.35332623
    16.71471      0.35188803      0.35188803
    16.73674      0.35045567      0.35045567
    16.75876      0.34902915      0.34902915
    16.78078      0.34760844      0.34760844
    16.80280      0.34619351      0.34619351
    16.82482      0.34478434      0.34478434
    16.84685      0.34338090      0.34338090
    16.86887      0.34198318      0.34198318
    16.89089      0.34059114      0.34059114
    16.91291      0.33920478      0.33920478
    16.93493      0.33782405      0.33782405
    16.95696      0.33644895      0.33644895
    16.97898      0.33507944      0.33507944
    17.00100      0.33371551      0.33371551
    17.02302      0.33235713      0.33235713
    17.04505      0.33100428      0.33100428
    17.06707      0.32965693      0.32965693
    17.08909      0.32831507      0.32831507
    17.11111      0.32697868      0.32697868
    17.13313      0.32564772      0.32564772
    17.15516      0.32432218      0.32432218
    17.17718      0.32300203      0.32300203
    17.19920      0.32168726      0.32168726
    17.22122      0.32037784      0.32037784
    17.24324      0.31907375      0.31907375
    17.26527      0.31777497      0.31777497
    17.28729      0.31648148      0.31648148
    17.30931      0.31519325      0.31519325
    17.33133      0.31391026      0.31391026
    17.35335      0.31263250      0.31263250
    17.37538      0.31135993      0.31135993
    17.39740      0.31009255      0.31009255
    17.41942      0.30883033      0.30883033
    17.44144      0.30757324      0.30757324
    17.46346      0.30632127      0.30632127
    17.48549      0.30507440      0.30507440
    17.50751      0.30383260      0.30383260
    17.52953      0.30259586      0.30259586
    17.55155      0.30136415      0.30136415
    17.57357      0.30013746      0.30013746
    17.59560      0.29891576      0.29891576
    17.61762      0.29769903      0.29769903
    17.63964      0.29648725      0.29648725
    17.66166      0.29528041      0.29528041
    17.68368      0.29407848      0.29407848
    17.70571      0.29288144      0.29288144
    17.72773      0.29168927      0.29168927
    17.74975      0.29050196      0.29050196
    17.77177      0.28931948      0.28931948
    17.79379      0.28814181      0.28814181
    17.81582      0.28696894      0.28696894
    17.83784      0.28580084      0.28580084
    17.85986      0.28463749      0.28463749
    17.88188      0.28347888      0.28347888
    17.90390      0.28232499      0.28232499
    17.92593      0.28117579      0.28117579
    17.94795      0.28003127      0.28003127
    17.96997      0.27889141      0.27889141
    17.99199      0.27775619      0.27775619
    18.01401      0.27662559      0.27662559
    18.03604      0.27549960      0.27549960
    18.05806      0.27437818      0.27437818
    18.08008      0.27326133      0.27326133
    18.10210      0.27214903      0.27214903
    18.12412      0.27104125      0.27104125
    18.14615      0.26993799      0.26993799
    18.16817      0.26883921      0.26883921
    18.19019      0.26774491      0.26774491
    18.21221      0.26665506      0.26665506
    18.23423      0.26556965      0.26556965
    18.25626      0.26448865      0.26448865
    18.27828      0.26341206      0.26341206
    18.30030      0.26233985      0.26233985
    18.32232      0.26127200      0.26127200
    18.34434      0.26020850      0.26020850
    18.36637      0.25914933      0.25914933
    18.38839      0.25809447      0.25809447
    18.41041      0.25704390      0.25704390
    18.43243      0.25599761      0.25599761
    18.45445      0.25495558      0.25495558
    18.47648      0.25391779      0.25391779
    18.49850      0.25288422      0.25288422
    18.52052      0.25185486      0.25185486
    18.54254      0.25082969      0.25082969
    18.56456      0.24980870      0.24980870
    18.58659      0.24879186      0.24879186
    18.60861      0.24777916      0.24777916
    18.63063      0.24677058      0.24677058
    18.65265      0.24576611      0.24576611
    18.67467      0.24476572      0.24476572
    18.69670      0.24376941      0.24376941
    18.71872      0.24277715      0.24277715
    18.74074      0.24178893      0.24178893
    18.76276      0.24080474      0.24080474
    18.78478      0.23982455      0.23982455
    18.80681      0.23884835      0.23884835
    18.82883      0.23787612      0.23787612
    18.85085      0.23690785      0.23690785
    18.87287      0.23594353      0.23594353
    18.89489      0.23498313      0.23498313
    18.91692      0.23402663      0.23402663
    18.93894      0.23307403      0.23307403
    18.96096      0.23212531      0.23212531
    18.98298      0.23118045      0.23118045
    19.00501      0.23023944      0.23023944
    19.02703      0.22930225      0.22930225
    19.04905      0.22836889      0.22836889
    19.07107      0.22743932      0.22743932
    19.09309      0.22651353      0.22651353
    19.11512      0.22559151      0.22559151
    19.13714      0.22467325      0.22467325
    19.15916      0.22375872      0.22375872
    19.18118      0.22284792      0.22284792
    19.20320      0.22194082      0.22194082
    19.22523      0.22103742      0.22103742
    19.24725      0.22013769      0.22013769
    19.26927      0.21924162      0.21924162
    19.29129      0.21834921      0.21834921
    19.31331      0.21746042      0.21746042
    19.33534      0.21657526      0.21657526
    19.35736      0.21569369      0.21569369
    19.37938      0.21481572      0.21481572
    19.40140      0.21394131      0.21394131
    19.42342      0.21307047      0.21307047
    19.44545      0.21220317      0.21220317
    19.46747      0.21133941      0.21133941
    19.48949      0.21047915      0.21047915
    19.51151      0.20962240      0.20962240
    19.53353      0.20876914      0.20876914
    19.55556      0.20791935      0.20791935
    19.57758      0.20707302      0.20707302
    19.59960      0.20623014      0.20623014
    19.62162      0.20539068      0.20539068
    19.64364      0.20455465      0.20455465
    19.66567      0.20372201      0.20372201
    19.68769      0.20289277      0.20289277
    19.70971      0.20206690      0.20206690
    19.73173      0.20124439      0.20124439
    19.75375      0.20042523      0.20042523
    19.77578      0.19960940      0.19960940
    19.79780      0.19879690      0.19879690
    19.81982      0.19798770      0.19798770
    19.84184      0.19718180      0.19718180
    19.86386      0.19637917      0.19637917
    19.88589      0.19557982      0.19557982
    19.90791      0.19478371      0.19478371
    19.92993      0.19399085      0.19399085
    19.95195      0.19320122      0.19320122
    19.97397      0.19241480      0.19241480
    19.99600      0.19163158      0.19163158
    20.01802      0.19085155      0.19085155
    20.04004      0.19007469      0.19007469
    20.06206      0.18930100      0.18930100
    20.08408      0.18853045      0.18853045
    20.10611      0.18776304      0.18776304
    20.12813      0.18699876      0.18699876
    20.15015      0.18623758      0.18623758
    20.17217      0.18547951      0.18547951
    20.19419      0.18472452      0.18472452
    20.21622      0.18397260      0.18397260
    20.23824      0.18322375      0.18322375
    20.26026      0.18247794      0.18247794
    20.28228      0.18173517      0.18173517
    20.30430      0.18099542      0.18099542
    20.32633      0.18025868      0.18025868
    20.34835      0.17952494      0.17952494
    20.37037      0.17879419      0.17879419
    20.39239      0.17806642      0.17806642
    20.41441      0.17734160      0.17734160
    20.43644      0.17661974      0.17661974
    20.45846      0.17590081      0.17590081
    20.48048      0.17518481      0.17518481
    20.50250      0.17447173      0.17447173
    20.52452      0.17376154      0.17376154
    20.54655      0.17305425      0.17305425
    20.56857      0.17234984      0.17234984
    20.59059      0.17164829      0.17164829
    20.61261      0.17094960      0.17094960
    20.63463      0.17025376      0.17025376
    20.65666      0.16956074      0.16956074
    20.67868      0.16887055      0.16887055
    20.70070      0.16818317      0.16818317
    20.72272      0.16749858      0.16749858
    20.74474      0.16681678      0.16681678
    20.76677      0.16613776      0.16613776
    20.78879      0.16546150      0.16546150
    20.81081      0.16478799      0.16478799
    20.83283      0.16411723      0.16411723
    20.85485      0.16344919      0.16344919
    20.87688      0.16278388      0.16278388
    20.89890      0.16212127      0.16212127
    20.92092      0.16146136      0.16146136
    20.94294      0.16080414      0.16080414
    20.96496      0.16014959      0.16014959
    20.98699      0.15949770      0.15949770
    21.00901      0.15884847      0.15884847
    21.03103      0.15820188      0.15820188
    21.05305      0.15755793      0.15755793
    21.07508      0.15691659      0.15691659
    21.09710      0.15627787      0.15627787
    21.11912      0.15564174      0.15564174
    21.14114      0.15500821      0.15500821
    21.16316      0.15437725      0.15437725
    21.18519      0.15374886      0.15374886
    21.20721      0.15312303      0.15312303
    21.22923      0.15249975      0.15249975
    21.25125      0.15187900      0.15187900
    21.27327      0.15126078      0.15126078
    21.29530      0.15064508      0.15064508
    21.31732      0.15003188      0.15003188
    21.33934      0.14942118      0.14942118
    21.36136      0.14881296      0.14881296
    21.38338      0.14820722      0.14820722
    21.40541      0.14760395      0.14760395
    21.42743      0.14700313      0.14700313
    21.44945      0.14640476      0.14640476
    21.47147      0.14580882      0.14580882
    21.49349      0.14521531      0.14521531
    21.51552      0.14462422      0.14462422
    21.53754      0.14403553      0.14403553
    21.55956      0.14344924      0.14344924
    21.58158      0.14286533      0.14286533
    21.60360      0.14228380      0.14228380
    21.62563      0.14170464      0.14170464
    21.64765      0.14112783      0.14112783
    21.66967      0.14055337      0.14055337
    21.69169      0.13998126      0.13998126
    21.71371      0.13941147      0.13941147
    21.73574      0.13884400      0.13884400
    21.75776      0.13827883      0.13827883
    21.77978      0.13771597      0.13771597
    21.80180      0.13715540      0.13715540
    21.82382      0.13659712      0.13659712
    21.84585      0.13604110      0.13604110
    21.86787      0.13548735      0.13548735
    21.88989      0.13493585      0.13493585
    21.91191      0.13438660      0.13438660
    21.93393      0.13383958      0.13383958
    21.95596      0.13329479      0.13329479
    21.97798      0.13275222      0.13275222
    22.00000      0.13221185      0.13221185

Confidence Intervals:
A1 : [--- ; ---] Cnts
t1 : [--- ; ---] ns
Shift IRF : [--- ; ---] ns
