PicoQuant FluoFit-style Python Export
Saved : 09/11/2026 12:42:43 PM

Python 1-exponential reconvolution fit

Model: Exp. [Reconv.] (1 Exponential Components)
Plotted Data Set #0 Decay:
"tryptamine_0p067odat261ex_350em_200uw_50ns_20mins_1938_may20_2025.sdt" (0)
Plotted Data Set #0 IRF:
"irf_261ex_261emt261ex_100uw_2143_nodblexc_05202025_correctcuvetteposition.sdt" (0)
X²(reduced): 1.0048 ; Fitted Data Points: 3915

Data Set #0
     Decay                 IRF                   Model Decay           Residuals
     t[ns]     Intens.     t[ns]     Intens.     t[ns]     Intens.     t[ns]       diff.
    0.000000           0    0.000000           0    0.000000      0.0000    0.000000     -0.0000
    0.012207           0    0.012207           0    0.012207      0.0000    0.012207     -0.0000
    0.024414           0    0.024414           0    0.024414      0.0000    0.024414     -0.0000
    0.036621           0    0.036621           0    0.036621      0.0000    0.036621     -0.0000
    0.048828           0    0.048828           0    0.048828      0.0000    0.048828     -0.0000
    0.061035           0    0.061035           0    0.061035      0.0000    0.061035     -0.0000
    0.073242           0    0.073242           0    0.073242      0.0000    0.073242     -0.0000
    0.085449           0    0.085449           0    0.085449      0.0000    0.085449     -0.0000
    0.097656           0    0.097656           0    0.097656      0.0000    0.097656     -0.0000
    0.109863           0    0.109863           0    0.109863      0.0000    0.109863     -0.0000
    0.122070           0    0.122070           0    0.122070      0.0000    0.122070     -0.0000
    0.134277           0    0.134277           0    0.134277      0.0000    0.134277     -0.0000
    0.146484           0    0.146484           0    0.146484      0.0000    0.146484     -0.0000
    0.158691           0    0.158691           0    0.158691      0.0000    0.158691     -0.0000
    0.170898           0    0.170898           0    0.170898      0.0000    0.170898     -0.0000
    0.183105           0    0.183105           0    0.183105      0.0000    0.183105     -0.0000
    0.195313           0    0.195313           0    0.195313      0.0000    0.195313     -0.0000
    0.207520           0    0.207520           0    0.207520      0.0000    0.207520     -0.0000
    0.219727           0    0.219727           0    0.219727      0.0000    0.219727     -0.0000
    0.231934           0    0.231934           0    0.231934      0.0000    0.231934     -0.0000
    0.244141           0    0.244141           0    0.244141      0.0000    0.244141     -0.0000
    0.256348           0    0.256348           0    0.256348      0.0000    0.256348     -0.0000
    0.268555           0    0.268555           0    0.268555      0.0000    0.268555     -0.0000
    0.280762           0    0.280762           0    0.280762      0.0000    0.280762     -0.0000
    0.292969           0    0.292969           0    0.292969      0.0000    0.292969     -0.0000
    0.305176           0    0.305176           0    0.305176      0.0000    0.305176     -0.0000
    0.317383           0    0.317383           0    0.317383      0.0000    0.317383     -0.0000
    0.329590           0    0.329590           0    0.329590      0.0000    0.329590     -0.0000
    0.341797           0    0.341797           0    0.341797      0.0000    0.341797     -0.0000
    0.354004           0    0.354004           0    0.354004      0.0000    0.354004     -0.0000
    0.366211           0    0.366211           0    0.366211      0.0000    0.366211     -0.0000
    0.378418           0    0.378418           0    0.378418      0.0000    0.378418     -0.0000
    0.390625           0    0.390625           0    0.390625      0.0000    0.390625     -0.0000
    0.402832           0    0.402832           0    0.402832      0.0000    0.402832     -0.0000
    0.415039           0    0.415039           0    0.415039      0.0000    0.415039     -0.0000
    0.427246           0    0.427246           0    0.427246      0.0000    0.427246     -0.0000
    0.439453           0    0.439453           0    0.439453      0.0000    0.439453     -0.0000
    0.451660           0    0.451660           0    0.451660      0.0000    0.451660     -0.0000
    0.463867           0    0.463867           0    0.463867      0.0000    0.463867     -0.0000
    0.476074           0    0.476074           0    0.476074      0.0000    0.476074     -0.0000
    0.488281           0    0.488281           0    0.488281      0.0000    0.488281     -0.0000
    0.500488           0    0.500488           0    0.500488      0.0000    0.500488     -0.0000
    0.512695           0    0.512695           0    0.512695      0.0000    0.512695     -0.0000
    0.524902           0    0.524902           0    0.524902      0.0000    0.524902     -0.0000
    0.537109           0    0.537109           0    0.537109      0.0000    0.537109     -0.0000
    0.549316           0    0.549316           0    0.549316      0.0000    0.549316     -0.0000
    0.561523           0    0.561523           0    0.561523      0.0000    0.561523     -0.0000
    0.573730           0    0.573730           0    0.573730      0.0000    0.573730     -0.0000
    0.585938           0    0.585938           0    0.585938      0.0000    0.585938     -0.0000
    0.598145           0    0.598145           0    0.598145      0.0000    0.598145     -0.0000
    0.610352           0    0.610352           0    0.610352      0.0000    0.610352     -0.0000
    0.622559           0    0.622559           0    0.622559      0.0000    0.622559     -0.0000
    0.634766           0    0.634766           0    0.634766      0.0000    0.634766     -0.0000
    0.646973           0    0.646973           0    0.646973      0.0000    0.646973     -0.0000
    0.659180           0    0.659180           0    0.659180      0.0000    0.659180     -0.0000
    0.671387           0    0.671387           0    0.671387      0.0000    0.671387     -0.0000
    0.683594           0    0.683594           0    0.683594      0.0000    0.683594     -0.0000
    0.695801           0    0.695801           0    0.695801      0.0000    0.695801     -0.0000
    0.708008           0    0.708008           0    0.708008      0.0000    0.708008     -0.0000
    0.720215           0    0.720215           0    0.720215      0.0000    0.720215     -0.0000
    0.732422           0    0.732422           0    0.732422      0.0000    0.732422     -0.0000
    0.744629           0    0.744629           0    0.744629      0.0000    0.744629     -0.0000
    0.756836           0    0.756836           0    0.756836      0.0000    0.756836     -0.0000
    0.769043           0    0.769043           0    0.769043      0.0000    0.769043     -0.0000
    0.781250           0    0.781250           0    0.781250      0.0000    0.781250     -0.0000
    0.793457           0    0.793457           0    0.793457      0.0000    0.793457     -0.0000
    0.805664           0    0.805664           0    0.805664      0.0000    0.805664     -0.0000
    0.817871           0    0.817871           0    0.817871      0.0000    0.817871     -0.0000
    0.830078           0    0.830078           0    0.830078      0.0000    0.830078     -0.0000
    0.842285           0    0.842285           0    0.842285      0.0000    0.842285     -0.0000
    0.854492           0    0.854492           0    0.854492      0.0000    0.854492     -0.0000
    0.866699           0    0.866699           0    0.866699      0.0000    0.866699     -0.0000
    0.878906           0    0.878906           0    0.878906      0.0000    0.878906     -0.0000
    0.891113           0    0.891113           0    0.891113      0.0000    0.891113     -0.0000
    0.903320           0    0.903320           0    0.903320      0.0000    0.903320     -0.0000
    0.915527           0    0.915527           0    0.915527      0.0000    0.915527     -0.0000
    0.927734           0    0.927734           0    0.927734      0.0000    0.927734     -0.0000
    0.939941           0    0.939941           0    0.939941      0.0000    0.939941     -0.0000
    0.952148           0    0.952148           0    0.952148      0.0000    0.952148     -0.0000
    0.964355           0    0.964355           0    0.964355      0.0000    0.964355     -0.0000
    0.976563           0    0.976563           0    0.976563      0.0000    0.976563     -0.0000
    0.988770           0    0.988770           0    0.988770      0.0000    0.988770     -0.0000
    1.000977           0    1.000977           0    1.000977      0.0000    1.000977     -0.0000
    1.013184           0    1.013184           0    1.013184      0.0000    1.013184     -0.0000
    1.025391           0    1.025391           0    1.025391      0.0000    1.025391     -0.0000
    1.037598           0    1.037598           0    1.037598      0.0000    1.037598     -0.0000
    1.049805           0    1.049805           0    1.049805      0.0000    1.049805     -0.0000
    1.062012           0    1.062012           0    1.062012      0.0000    1.062012     -0.0000
    1.074219           0    1.074219           0    1.074219      0.0000    1.074219     -0.0000
    1.086426           0    1.086426           0    1.086426      0.0000    1.086426     -0.0000
    1.098633           0    1.098633           0    1.098633      0.0000    1.098633     -0.0000
    1.110840           0    1.110840           0    1.110840      0.0000    1.110840     -0.0000
    1.123047           0    1.123047           0    1.123047      0.0000    1.123047     -0.0000
    1.135254           0    1.135254           0    1.135254      0.0000    1.135254     -0.0000
    1.147461           0    1.147461           0    1.147461      0.0000    1.147461     -0.0000
    1.159668           0    1.159668           0    1.159668      0.0000    1.159668     -0.0000
    1.171875           0    1.171875           0    1.171875      0.0000    1.171875     -0.0000
    1.184082           0    1.184082           0    1.184082      0.0000    1.184082     -0.0000
    1.196289           0    1.196289           0    1.196289      0.0000    1.196289     -0.0000
    1.208496           0    1.208496           0    1.208496      0.0000    1.208496     -0.0000
    1.220703           0    1.220703           0    1.220703      0.0000    1.220703     -0.0000
    1.232910           0    1.232910           0    1.232910      0.0000    1.232910     -0.0000
    1.245117           0    1.245117           0    1.245117      0.0000    1.245117     -0.0000
    1.257324           0    1.257324           0    1.257324      0.0000    1.257324     -0.0000
    1.269531           0    1.269531           0    1.269531      0.0000    1.269531     -0.0000
    1.281738           0    1.281738           0    1.281738      0.0000    1.281738     -0.0000
    1.293945           0    1.293945           0    1.293945      0.0000    1.293945     -0.0000
    1.306152           0    1.306152           0    1.306152      0.0000    1.306152     -0.0000
    1.318359           0    1.318359           0    1.318359      0.0000    1.318359     -0.0000
    1.330566           0    1.330566           0    1.330566      0.0000    1.330566     -0.0000
    1.342773           0    1.342773           0    1.342773      0.0000    1.342773     -0.0000
    1.354980           0    1.354980           0    1.354980      0.0000    1.354980     -0.0000
    1.367188           0    1.367188           0    1.367188      0.0028    1.367188     -0.0028
    1.379395           0    1.379395           0    1.379395      0.0206    1.379395     -0.0206
    1.391602           0    1.391602           0    1.391602      0.0205    1.391602     -0.0205
    1.403809           0    1.403809           0    1.403809      0.0205    1.403809     -0.0205
    1.416016           0    1.416016           1    1.416016      0.0204    1.416016     -0.0204
    1.428223           0    1.428223           0    1.428223      0.0204    1.428223     -0.0204
    1.440430           0    1.440430           0    1.440430      0.0204    1.440430     -0.0204
    1.452637           0    1.452637           0    1.452637      0.0203    1.452637     -0.0203
    1.464844           0    1.464844           0    1.464844      0.0203    1.464844     -0.0203
    1.477051           0    1.477051           0    1.477051      0.0202    1.477051     -0.0202
    1.489258           0    1.489258           0    1.489258      0.0202    1.489258     -0.0202
    1.501465           0    1.501465           0    1.501465      0.0201    1.501465     -0.0201
    1.513672           0    1.513672           0    1.513672      0.0201    1.513672     -0.0201
    1.525879           0    1.525879           0    1.525879      0.0200    1.525879     -0.0200
    1.538086           0    1.538086           0    1.538086      0.0200    1.538086     -0.0200
    1.550293           0    1.550293           0    1.550293      0.0199    1.550293     -0.0199
    1.562500           0    1.562500           0    1.562500      0.0199    1.562500     -0.0199
    1.574707           0    1.574707           0    1.574707      0.0199    1.574707     -0.0199
    1.586914           0    1.586914           0    1.586914      0.0198    1.586914     -0.0198
    1.599121           0    1.599121           0    1.599121      0.0198    1.599121     -0.0198
    1.611328           0    1.611328           0    1.611328      0.0197    1.611328     -0.0197
    1.623535           0    1.623535           0    1.623535      0.0197    1.623535     -0.0197
    1.635742           0    1.635742           0    1.635742      0.0196    1.635742     -0.0196
    1.647949           0    1.647949           0    1.647949      0.0196    1.647949     -0.0196
    1.660156           0    1.660156           0    1.660156      0.0196    1.660156     -0.0196
    1.672363           0    1.672363           0    1.672363      0.0195    1.672363     -0.0195
    1.684570           0    1.684570           0    1.684570      0.0195    1.684570     -0.0195
    1.696777           0    1.696777           0    1.696777      0.0194    1.696777     -0.0194
    1.708984           0    1.708984           0    1.708984      0.0194    1.708984     -0.0194
    1.721191           0    1.721191           0    1.721191      0.0193    1.721191     -0.0193
    1.733398           0    1.733398           0    1.733398      0.0193    1.733398     -0.0193
    1.745605           0    1.745605           0    1.745605      0.0192    1.745605     -0.0192
    1.757813           0    1.757813           0    1.757813      0.0192    1.757813     -0.0192
    1.770020           0    1.770020           0    1.770020      0.0192    1.770020     -0.0192
    1.782227           0    1.782227           0    1.782227      0.0191    1.782227     -0.0191
    1.794434           0    1.794434           0    1.794434      0.0191    1.794434     -0.0191
    1.806641           0    1.806641           0    1.806641      0.0190    1.806641     -0.0190
    1.818848           0    1.818848           0    1.818848      0.0190    1.818848     -0.0190
    1.831055           0    1.831055           0    1.831055      0.0189    1.831055     -0.0189
    1.843262           0    1.843262           0    1.843262      0.0189    1.843262     -0.0189
    1.855469           0    1.855469           0    1.855469      0.0189    1.855469     -0.0189
    1.867676           0    1.867676           0    1.867676      0.0188    1.867676     -0.0188
    1.879883           0    1.879883           0    1.879883      0.0188    1.879883     -0.0188
    1.892090           0    1.892090           0    1.892090      0.0187    1.892090     -0.0187
    1.904297           0    1.904297           0    1.904297      0.0187    1.904297     -0.0187
    1.916504           0    1.916504           0    1.916504      0.0187    1.916504     -0.0187
    1.928711           0    1.928711           0    1.928711      0.0186    1.928711     -0.0186
    1.940918           0    1.940918           0    1.940918      0.0186    1.940918     -0.0186
    1.953125           0    1.953125           0    1.953125      0.0185    1.953125     -0.0185
    1.965332           0    1.965332           0    1.965332      0.0185    1.965332     -0.0185
    1.977539           0    1.977539           0    1.977539      0.0184    1.977539     -0.0184
    1.989746           0    1.989746           0    1.989746      0.0184    1.989746     -0.0184
    2.001953           0    2.001953           0    2.001953      0.0184    2.001953     -0.0184
    2.014160           0    2.014160           0    2.014160      0.0183    2.014160     -0.0183
    2.026367           0    2.026367           0    2.026367      0.0183    2.026367     -0.0183
    2.038574           0    2.038574           0    2.038574      0.0182    2.038574     -0.0182
    2.050781           0    2.050781           0    2.050781      0.0182    2.050781     -0.0182
    2.062988           0    2.062988           0    2.062988      0.0182    2.062988     -0.0182
    2.075195           0    2.075195           0    2.075195      0.0181    2.075195     -0.0181
    2.087402           0    2.087402           0    2.087402      0.0181    2.087402     -0.0181
    2.099609           0    2.099609           0    2.099609      0.0180    2.099609     -0.0180
    2.111816           0    2.111816           0    2.111816      0.0180    2.111816     -0.0180
    2.124023           0    2.124023           0    2.124023      0.0180    2.124023     -0.0180
    2.136230           0    2.136230           0    2.136230      0.0179    2.136230     -0.0179
    2.148438           0    2.148438           0    2.148438      0.0179    2.148438     -0.0179
    2.160645           0    2.160645           0    2.160645      0.0178    2.160645     -0.0178
    2.172852           0    2.172852           0    2.172852      0.0178    2.172852     -0.0178
    2.185059           0    2.185059           0    2.185059      0.0178    2.185059     -0.0178
    2.197266           0    2.197266           0    2.197266      0.0177    2.197266     -0.0177
    2.209473           1    2.209473           0    2.209473      0.0177    2.209473      0.9823
    2.221680           0    2.221680           0    2.221680      0.0176    2.221680     -0.0176
    2.233887           0    2.233887           0    2.233887      0.0176    2.233887     -0.0176
    2.246094           0    2.246094           0    2.246094      0.0176    2.246094     -0.0176
    2.258301           0    2.258301           0    2.258301      0.0175    2.258301     -0.0175
    2.270508           0    2.270508           0    2.270508      0.0203    2.270508     -0.0203
    2.282715           0    2.282715           0    2.282715      0.0380    2.282715     -0.0380
    2.294922           0    2.294922           0    2.294922      0.0407    2.294922     -0.0407
    2.307129           0    2.307129           0    2.307129      0.0584    2.307129     -0.0584
    2.319336           0    2.319336           1    2.319336      0.0583    2.319336     -0.0583
    2.331543           0    2.331543           0    2.331543      0.0582    2.331543     -0.0582
    2.343750           0    2.343750           1    2.343750      0.0580    2.343750     -0.0580
    2.355957           0    2.355957           0    2.355957      0.0579    2.355957     -0.0579
    2.368164           0    2.368164           0    2.368164      0.0578    2.368164     -0.0578
    2.380371           0    2.380371           0    2.380371      0.0577    2.380371     -0.0577
    2.392578           0    2.392578           0    2.392578      0.0575    2.392578     -0.0575
    2.404785           0    2.404785           0    2.404785      0.0574    2.404785     -0.0574
    2.416992           0    2.416992           0    2.416992      0.0573    2.416992     -0.0573
    2.429199           0    2.429199           0    2.429199      0.0571    2.429199     -0.0571
    2.441406           0    2.441406           0    2.441406      0.0570    2.441406     -0.0570
    2.453613           0    2.453613           0    2.453613      0.0569    2.453613     -0.0569
    2.465820           0    2.465820           0    2.465820      0.0568    2.465820     -0.0568
    2.478027           0    2.478027           0    2.478027      0.0566    2.478027     -0.0566
    2.490234           0    2.490234           0    2.490234      0.0565    2.490234     -0.0565
    2.502441           0    2.502441           0    2.502441      0.0564    2.502441     -0.0564
    2.514648           0    2.514648           0    2.514648      0.0563    2.514648     -0.0563
    2.526855           0    2.526855           0    2.526855      0.0561    2.526855     -0.0561
    2.539063           0    2.539063           0    2.539063      0.0560    2.539063     -0.0560
    2.551270           0    2.551270           0    2.551270      0.0559    2.551270     -0.0559
    2.563477           1    2.563477           0    2.563477      0.0558    2.563477      0.9442
    2.575684           0    2.575684           0    2.575684      0.0556    2.575684     -0.0556
    2.587891           0    2.587891           0    2.587891      0.0555    2.587891     -0.0555
    2.600098           0    2.600098           0    2.600098      0.0554    2.600098     -0.0554
    2.612305           0    2.612305           0    2.612305      0.0553    2.612305     -0.0553
    2.624512           0    2.624512           0    2.624512      0.0551    2.624512     -0.0551
    2.636719           0    2.636719           0    2.636719      0.0550    2.636719     -0.0550
    2.648926           0    2.648926           0    2.648926      0.0549    2.648926     -0.0549
    2.661133           0    2.661133           0    2.661133      0.0548    2.661133     -0.0548
    2.673340           0    2.673340           0    2.673340      0.0546    2.673340     -0.0546
    2.685547           0    2.685547           0    2.685547      0.0545    2.685547     -0.0545
    2.697754           0    2.697754           0    2.697754      0.0544    2.697754     -0.0544
    2.709961           0    2.709961           0    2.709961      0.0543    2.709961     -0.0543
    2.722168           0    2.722168           0    2.722168      0.0542    2.722168     -0.0542
    2.734375           0    2.734375           0    2.734375      0.0540    2.734375     -0.0540
    2.746582           0    2.746582           0    2.746582      0.0539    2.746582     -0.0539
    2.758789           0    2.758789           0    2.758789      0.0538    2.758789     -0.0538
    2.770996           0    2.770996           0    2.770996      0.0537    2.770996     -0.0537
    2.783203           0    2.783203           0    2.783203      0.0536    2.783203     -0.0536
    2.795410           0    2.795410           0    2.795410      0.0534    2.795410     -0.0534
    2.807617           0    2.807617           0    2.807617      0.0533    2.807617     -0.0533
    2.819824           0    2.819824           0    2.819824      0.0532    2.819824     -0.0532
    2.832031           0    2.832031           0    2.832031      0.0559    2.832031     -0.0559
    2.844238           0    2.844238           0    2.844238      0.0735    2.844238     -0.0735
    2.856445           1    2.856445           0    2.856445      0.0734    2.856445      0.9266
    2.868652           0    2.868652           0    2.868652      0.0732    2.868652     -0.0732
    2.880859           1    2.880859           1    2.880859      0.0731    2.880859      0.9269
    2.893066           0    2.893066           0    2.893066      0.0729    2.893066     -0.0729
    2.905273           0    2.905273           0    2.905273      0.0727    2.905273     -0.0727
    2.917481           0    2.917481           0    2.917481      0.0726    2.917481     -0.0726
    2.929688           0    2.929688           0    2.929688      0.0724    2.929688     -0.0724
    2.941895           0    2.941895           0    2.941895      0.0722    2.941895     -0.0722
    2.954102           0    2.954102           0    2.954102      0.0721    2.954102     -0.0721
    2.966309           0    2.966309           0    2.966309      0.0719    2.966309     -0.0719
    2.978516           0    2.978516           0    2.978516      0.0718    2.978516     -0.0718
    2.990723           0    2.990723           0    2.990723      0.0716    2.990723     -0.0716
    3.002930           0    3.002930           0    3.002930      0.0714    3.002930     -0.0714
    3.015137           0    3.015137           0    3.015137      0.0713    3.015137     -0.0713
    3.027344           0    3.027344           0    3.027344      0.0711    3.027344     -0.0711
    3.039551           0    3.039551           0    3.039551      0.0710    3.039551     -0.0710
    3.051758           0    3.051758           0    3.051758      0.0708    3.051758     -0.0708
    3.063965           0    3.063965           0    3.063965      0.0706    3.063965     -0.0706
    3.076172           0    3.076172           0    3.076172      0.0705    3.076172     -0.0705
    3.088379           0    3.088379           0    3.088379      0.0703    3.088379     -0.0703
    3.100586           0    3.100586           0    3.100586      0.0702    3.100586     -0.0702
    3.112793           0    3.112793           0    3.112793      0.0700    3.112793     -0.0700
    3.125000           0    3.125000           0    3.125000      0.0699    3.125000     -0.0699
    3.137207           1    3.137207           0    3.137207      0.0697    3.137207      0.9303
    3.149414           0    3.149414           0    3.149414      0.0695    3.149414     -0.0695
    3.161621           0    3.161621           0    3.161621      0.0694    3.161621     -0.0694
    3.173828           0    3.173828           0    3.173828      0.0692    3.173828     -0.0692
    3.186035           0    3.186035           0    3.186035      0.0691    3.186035     -0.0691
    3.198242           0    3.198242           0    3.198242      0.0689    3.198242     -0.0689
    3.210449           0    3.210449           0    3.210449      0.0688    3.210449     -0.0688
    3.222656           0    3.222656           0    3.222656      0.0686    3.222656     -0.0686
    3.234863           1    3.234863           0    3.234863      0.0685    3.234863      0.9315
    3.247070           0    3.247070           0    3.247070      0.0683    3.247070     -0.0683
    3.259277           0    3.259277           0    3.259277      0.0682    3.259277     -0.0682
    3.271484           0    3.271484           0    3.271484      0.0680    3.271484     -0.0680
    3.283691           0    3.283691           0    3.283691      0.0679    3.283691     -0.0679
    3.295898           1    3.295898           0    3.295898      0.0677    3.295898      0.9323
    3.308106           0    3.308106           0    3.308106      0.0676    3.308106     -0.0676
    3.320313           0    3.320313           0    3.320313      0.0674    3.320313     -0.0674
    3.332520           0    3.332520           0    3.332520      0.0673    3.332520     -0.0673
    3.344727           0    3.344727           0    3.344727      0.0671    3.344727     -0.0671
    3.356934           0    3.356934           0    3.356934      0.0670    3.356934     -0.0670
    3.369141           0    3.369141           0    3.369141      0.0668    3.369141     -0.0668
    3.381348           0    3.381348           0    3.381348      0.0667    3.381348     -0.0667
    3.393555           0    3.393555           0    3.393555      0.0665    3.393555     -0.0665
    3.405762           0    3.405762           0    3.405762      0.0664    3.405762     -0.0664
    3.417969           0    3.417969           0    3.417969      0.0662    3.417969     -0.0662
    3.430176           0    3.430176           0    3.430176      0.0661    3.430176     -0.0661
    3.442383           0    3.442383           0    3.442383      0.0659    3.442383     -0.0659
    3.454590           0    3.454590           0    3.454590      0.0658    3.454590     -0.0658
    3.466797           0    3.466797           0    3.466797      0.0656    3.466797     -0.0656
    3.479004           0    3.479004           0    3.479004      0.0655    3.479004     -0.0655
    3.491211           0    3.491211           0    3.491211      0.0653    3.491211     -0.0653
    3.503418           0    3.503418           0    3.503418      0.0652    3.503418     -0.0652
    3.515625           0    3.515625           0    3.515625      0.0650    3.515625     -0.0650
    3.527832           0    3.527832           0    3.527832      0.0649    3.527832     -0.0649
    3.540039           0    3.540039           0    3.540039      0.0647    3.540039     -0.0647
    3.552246           0    3.552246           0    3.552246      0.0646    3.552246     -0.0646
    3.564453           0    3.564453           0    3.564453      0.0645    3.564453     -0.0645
    3.576660           0    3.576660           0    3.576660      0.0643    3.576660     -0.0643
    3.588867           0    3.588867           0    3.588867      0.0642    3.588867     -0.0642
    3.601074           0    3.601074           0    3.601074      0.0640    3.601074     -0.0640
    3.613281           0    3.613281           0    3.613281      0.0667    3.613281     -0.0667
    3.625488           0    3.625488           0    3.625488      0.0843    3.625488     -0.0843
    3.637695           0    3.637695           0    3.637695      0.0841    3.637695     -0.0841
    3.649902           0    3.649902           0    3.649902      0.0839    3.649902     -0.0839
    3.662109           0    3.662109           1    3.662109      0.0838    3.662109     -0.0838
    3.674316           0    3.674316           0    3.674316      0.0836    3.674316     -0.0836
    3.686523           0    3.686523           0    3.686523      0.0834    3.686523     -0.0834
    3.698731           0    3.698731           0    3.698731      0.0832    3.698731     -0.0832
    3.710938           0    3.710938           0    3.710938      0.0830    3.710938     -0.0830
    3.723145           0    3.723145           0    3.723145      0.0828    3.723145     -0.0828
    3.735352           0    3.735352           0    3.735352      0.0826    3.735352     -0.0826
    3.747559           0    3.747559           0    3.747559      0.0825    3.747559     -0.0825
    3.759766           0    3.759766           0    3.759766      0.0823    3.759766     -0.0823
    3.771973           0    3.771973           0    3.771973      0.0821    3.771973     -0.0821
    3.784180           0    3.784180           0    3.784180      0.0819    3.784180     -0.0819
    3.796387           0    3.796387           0    3.796387      0.0817    3.796387     -0.0817
    3.808594           0    3.808594           0    3.808594      0.0815    3.808594     -0.0815
    3.820801           0    3.820801           0    3.820801      0.0814    3.820801     -0.0814
    3.833008           0    3.833008           0    3.833008      0.0812    3.833008     -0.0812
    3.845215           0    3.845215           0    3.845215      0.0810    3.845215     -0.0810
    3.857422           0    3.857422           0    3.857422      0.0808    3.857422     -0.0808
    3.869629           0    3.869629           0    3.869629      0.0806    3.869629     -0.0806
    3.881836           0    3.881836           0    3.881836      0.0832    3.881836     -0.0832
    3.894043           0    3.894043           0    3.894043      0.1009    3.894043     -0.1009
    3.906250           1    3.906250           0    3.906250      0.1006    3.906250      0.8994
    3.918457           0    3.918457           0    3.918457      0.1004    3.918457     -0.1004
    3.930664           0    3.930664           1    3.930664      0.1002    3.930664     -0.1002
    3.942871           0    3.942871           0    3.942871      0.1000    3.942871     -0.1000
    3.955078           0    3.955078           0    3.955078      0.0997    3.955078     -0.0997
    3.967285           0    3.967285           0    3.967285      0.0995    3.967285     -0.0995
    3.979492           0    3.979492           0    3.979492      0.0993    3.979492     -0.0993
    3.991699           0    3.991699           0    3.991699      0.0991    3.991699     -0.0991
    4.003906           0    4.003906           0    4.003906      0.0989    4.003906     -0.0989
    4.016113           0    4.016113           0    4.016113      0.0986    4.016113     -0.0986
    4.028320           0    4.028320           0    4.028320      0.0984    4.028320     -0.0984
    4.040527           0    4.040527           0    4.040527      0.0982    4.040527     -0.0982
    4.052734           0    4.052734           0    4.052734      0.0980    4.052734     -0.0980
    4.064941           0    4.064941           0    4.064941      0.0978    4.064941     -0.0978
    4.077148           0    4.077148           0    4.077148      0.0975    4.077148     -0.0975
    4.089356           0    4.089356           0    4.089356      0.0973    4.089356     -0.0973
    4.101563           0    4.101563           0    4.101563      0.0971    4.101563     -0.0971
    4.113770           0    4.113770           0    4.113770      0.0969    4.113770     -0.0969
    4.125977           0    4.125977           0    4.125977      0.0967    4.125977     -0.0967
    4.138184           0    4.138184           0    4.138184      0.0965    4.138184     -0.0965
    4.150391           0    4.150391           0    4.150391      0.0962    4.150391     -0.0962
    4.162598           0    4.162598           0    4.162598      0.0960    4.162598     -0.0960
    4.174805           0    4.174805           0    4.174805      0.0958    4.174805     -0.0958
    4.187012           0    4.187012           0    4.187012      0.0956    4.187012     -0.0956
    4.199219           0    4.199219           0    4.199219      0.0954    4.199219     -0.0954
    4.211426           0    4.211426           0    4.211426      0.0952    4.211426     -0.0952
    4.223633           0    4.223633           0    4.223633      0.0950    4.223633     -0.0950
    4.235840           0    4.235840           0    4.235840      0.0947    4.235840     -0.0947
    4.248047           1    4.248047           0    4.248047      0.0945    4.248047      0.9055
    4.260254           0    4.260254           0    4.260254      0.0943    4.260254     -0.0943
    4.272461           0    4.272461           0    4.272461      0.0969    4.272461     -0.0969
    4.284668           0    4.284668           0    4.284668      0.1145    4.284668     -0.1145
    4.296875           1    4.296875           0    4.296875      0.1142    4.296875      0.8858
    4.309082           0    4.309082           0    4.309082      0.1140    4.309082     -0.1140
    4.321289           0    4.321289           1    4.321289      0.1137    4.321289     -0.1137
    4.333496           0    4.333496           0    4.333496      0.1135    4.333496     -0.1135
    4.345703           0    4.345703           0    4.345703      0.1132    4.345703     -0.1132
    4.357910           0    4.357910           0    4.357910      0.1130    4.357910     -0.1130
    4.370117           0    4.370117           0    4.370117      0.1127    4.370117     -0.1127
    4.382324           0    4.382324           0    4.382324      0.1152    4.382324     -0.1152
    4.394531           0    4.394531           0    4.394531      0.1328    4.394531     -0.1328
    4.406738           0    4.406738           0    4.406738      0.1325    4.406738     -0.1325
    4.418945           0    4.418945           0    4.418945      0.1322    4.418945     -0.1322
    4.431152           0    4.431152           1    4.431152      0.1319    4.431152     -0.1319
    4.443359           0    4.443359           0    4.443359      0.1316    4.443359     -0.1316
    4.455566           0    4.455566           0    4.455566      0.1313    4.455566     -0.1313
    4.467773           0    4.467773           0    4.467773      0.1310    4.467773     -0.1310
    4.479981           0    4.479981           0    4.479981      0.1307    4.479981     -0.1307
    4.492188           0    4.492188           0    4.492188      0.1304    4.492188     -0.1304
    4.504395           0    4.504395           0    4.504395      0.1301    4.504395     -0.1301
    4.516602           0    4.516602           0    4.516602      0.1298    4.516602     -0.1298
    4.528809           0    4.528809           0    4.528809      0.1296    4.528809     -0.1296
    4.541016           0    4.541016           0    4.541016      0.1293    4.541016     -0.1293
    4.553223           0    4.553223           0    4.553223      0.1290    4.553223     -0.1290
    4.565430           0    4.565430           0    4.565430      0.1287    4.565430     -0.1287
    4.577637           0    4.577637           0    4.577637      0.1284    4.577637     -0.1284
    4.589844           0    4.589844           0    4.589844      0.1281    4.589844     -0.1281
    4.602051           0    4.602051           0    4.602051      0.1306    4.602051     -0.1306
    4.614258           0    4.614258           0    4.614258      0.1537    4.614258     -0.1537
    4.626465           0    4.626465           0    4.626465      0.2056    4.626465     -0.2056
    4.638672           0    4.638672           0    4.638672      0.3231    4.638672     -0.3231
    4.650879           0    4.650879           1    4.650879      0.3992    4.650879     -0.3992
    4.663086           0    4.663086           2    4.663086      0.4395    4.663086     -0.4395
    4.675293           0    4.675293           6    4.675293      0.4741    4.675293     -0.4741
    4.687500           0    4.687500           4    4.687500      0.4731    4.687500     -0.4731
    4.699707           0    4.699707           2    4.699707      0.4720    4.699707     -0.4720
    4.711914           0    4.711914           2    4.711914      0.4710    4.711914     -0.4710
    4.724121           0    4.724121           0    4.724121      0.4727    4.724121     -0.4727
    4.736328           0    4.736328           0    4.736328      0.4978    4.736328     -0.4978
    4.748535           0    4.748535           0    4.748535      0.5612    4.748535     -0.5612
    4.760742           0    4.760742           0    4.760742      0.7089    4.760742     -0.7089
    4.772949           0    4.772949           1    4.772949      1.7501    4.772949     -1.7501
    4.785156           2    4.785156           3    4.785156      7.5663    4.785156     -3.9360
    4.797363          23    4.797363           4    4.797363     30.7046    4.797363     -1.6065
    4.809570         108    4.809570          28    4.809570    103.0884    4.809570      0.4726
    4.821777         283    4.821777         196    4.821777    261.9787    4.821777      1.2496
    4.833984         551    4.833984         839    4.833984    505.0236    4.833984      1.9587
    4.846191         836    4.846191        2958    4.846191    767.2564    4.846191      2.3775
    4.858398        1003    4.858398        7120    4.858398    977.4625    4.858398      0.8064
    4.870606        1165    4.870606       11635    4.870606   1117.2747    4.870606      1.3983
    4.882813        1262    4.882813       13107    4.882813   1207.4004    4.882813      1.5370
    4.895020        1281    4.895020       10769    4.895020   1269.1914    4.895020      0.3299
    4.907227        1378    4.907227        7240    4.907227   1314.6052    4.907227      1.7078
    4.919434        1343    4.919434        4695    4.919434   1344.7081    4.919434     -0.0466
    4.931641        1370    4.931641        3239    4.931641   1364.2907    4.931641      0.1542
    4.943848        1396    4.943848        2447    4.943848   1379.0221    4.943848      0.4544
    4.956055        1407    4.956055        1679    4.956055   1388.9830    4.956055      0.4803
    4.968262        1423    4.968262        1128    4.968262   1397.5679    4.968262      0.6742
    4.980469        1370    4.980469         898    4.980469   1404.4845    4.980469     -0.9317
    4.992676        1421    4.992676         642    4.992676   1409.4240    4.992676      0.3071
    5.004883        1412    5.004883         578    5.004883   1413.1807    5.004883     -0.0314
    5.017090        1398    5.017090         501    5.017090   1416.8039    5.017090     -0.5029
    5.029297        1440    5.029297         401    5.029297   1420.1292    5.029297      0.5236
    5.041504        1384    5.041504         336    5.041504   1423.2035    5.041504     -1.0538
    5.053711        1435    5.053711         331    5.053711   1426.9887    5.053711      0.2115
    5.065918        1419    5.065918         318    5.065918   1429.9912    5.065918     -0.2918
    5.078125        1382    5.078125         297    5.078125   1433.0334    5.078125     -1.3728
    5.090332        1437    5.090332         344    5.090332   1436.7851    5.090332      0.0057
    5.102539        1422    5.102539         301    5.102539   1441.0371    5.102539     -0.5048
    5.114746        1423    5.114746         298    5.114746   1445.5438    5.114746     -0.5976
    5.126953        1477    5.126953         334    5.126953   1450.5649    5.126953      0.6878
    5.139160        1487    5.139160         361    5.139160   1455.3383    5.139160      0.8211
    5.151367        1445    5.151367         371    5.151367   1459.7409    5.151367     -0.3878
    5.163574        1357    5.163574         402    5.163574   1464.2005    5.163574     -2.9101
    5.175781        1447    5.175781         392    5.175781   1468.5048    5.175781     -0.5653
    5.187988        1437    5.187988         371    5.187988   1472.8401    5.187988     -0.9455
    5.200195        1464    5.200195         376    5.200195   1477.4648    5.200195     -0.3519
    5.212402        1460    5.212402         368    5.212402   1481.5204    5.212402     -0.5632
    5.224609        1523    5.224609         367    5.224609   1485.0406    5.224609      0.9727
    5.236816        1509    5.236816         388    5.236816   1488.2998    5.236816      0.5329
    5.249023        1489    5.249023         361    5.249023   1491.0041    5.249023     -0.0519
    5.261231        1473    5.261231         333    5.261231   1493.3555    5.261231     -0.5304
    5.273438        1485    5.273438         323    5.273438   1496.0821    5.273438     -0.2876
    5.285645        1505    5.285645         296    5.285645   1497.9382    5.285645      0.1820
    5.297852        1514    5.297852         272    5.297852   1499.6825    5.297852      0.3680
    5.310059        1475    5.310059         301    5.310059   1500.3038    5.310059     -0.6589
    5.322266        1438    5.322266         252    5.322266   1500.2161    5.322266     -1.6407
    5.334473        1503    5.334473         255    5.334473   1499.0783    5.334473      0.1012
    5.346680        1483    5.346680         197    5.346680   1497.5574    5.346680     -0.3780
    5.358887        1471    5.358887         166    5.358887   1495.7399    5.358887     -0.6450
    5.371094        1508    5.371094         110    5.371094   1493.9277    5.371094      0.3624
    5.383301        1520    5.383301          91    5.383301   1492.0264    5.383301      0.7175
    5.395508        1497    5.395508          74    5.395508   1490.1908    5.395508      0.1760
    5.407715        1509    5.407715          75    5.407715   1488.1339    5.407715      0.5372
    5.419922        1504    5.419922          69    5.419922   1485.7871    5.419922      0.4696
    5.432129        1439    5.432129          74    5.432129   1483.5156    5.432129     -1.1735
    5.444336        1432    5.444336          64    5.444336   1481.3034    5.444336     -1.3029
    5.456543        1498    5.456543          47    5.456543   1478.7604    5.456543      0.4971
    5.468750        1462    5.468750          50    5.468750   1476.2742    5.468750     -0.3733
    5.480957        1450    5.480957          56    5.480957   1473.9796    5.480957     -0.6297
    5.493164        1468    5.493164          37    5.493164   1471.4870    5.493164     -0.0910
    5.505371        1453    5.505371          38    5.505371   1468.8313    5.505371     -0.4153
    5.517578        1471    5.517578          50    5.517578   1466.1226    5.517578      0.1272
    5.529785        1466    5.529785          40    5.529785   1463.3731    5.529785      0.0686
    5.541992        1567    5.541992          31    5.541992   1460.5919    5.541992      2.6881
    5.554199        1426    5.554199          28    5.554199   1457.9918    5.554199     -0.8472
    5.566406        1470    5.566406          26    5.566406   1455.1842    5.566406      0.3864
    5.578613        1408    5.578613          22    5.578613   1452.6172    5.578613     -1.1891
    5.590820        1365    5.590820          34    5.590820   1450.0349    5.590820     -2.3016
    5.603027        1427    5.603027          20    5.603027   1447.2256    5.603027     -0.5354
    5.615234        1363    5.615234          33    5.615234   1444.5211    5.615234     -2.2081
    5.627441        1389    5.627441          34    5.627441   1441.7832    5.627441     -1.4163
    5.639649        1411    5.639649          20    5.639649   1439.1265    5.639649     -0.7488
    5.651856        1379    5.651856          26    5.651856   1436.3728    5.651856     -1.5450
    5.664063        1362    5.664063          23    5.664063   1433.5307    5.664063     -1.9382
    5.676270        1451    5.676270          28    5.676270   1430.6509    5.676270      0.5342
    5.688477        1428    5.688477          23    5.688477   1427.7408    5.688477      0.0069
    5.700684        1398    5.700684          18    5.700684   1424.9218    5.700684     -0.7200
    5.712891        1443    5.712891          16    5.712891   1421.9834    5.712891      0.5533
    5.725098        1349    5.725098          13    5.725098   1419.1416    5.725098     -1.9097
    5.737305        1362    5.737305          19    5.737305   1416.1911    5.737305     -1.4684
    5.749512        1405    5.749512          11    5.749512   1413.2048    5.749512     -0.2189
    5.761719        1376    5.761719          17    5.761719   1410.2936    5.761719     -0.9245
    5.773926        1453    5.773926          11    5.773926   1407.3683    5.773926      1.1971
    5.786133        1401    5.786133           8    5.786133   1404.4235    5.786133     -0.0915
    5.798340        1442    5.798340          12    5.798340   1401.4289    5.798340      1.0684
    5.810547        1406    5.810547          11    5.810547   1398.4205    5.810547      0.2021
    5.822754        1390    5.822754          10    5.822754   1395.4066    5.822754     -0.1450
    5.834961        1415    5.834961           7    5.834961   1392.4294    5.834961      0.6000
    5.847168        1347    5.847168           6    5.847168   1389.4316    5.847168     -1.1561
    5.859375        1378    5.859375           5    5.859375   1386.4829    5.859375     -0.2285
    5.871582        1402    5.871582           7    5.871582   1383.4750    5.871582      0.4947
    5.883789        1452    5.883789           5    5.883789   1380.5067    5.883789      1.8762
    5.895996        1392    5.895996           8    5.895996   1377.5188    5.895996      0.3881
    5.908203        1380    5.908203           4    5.908203   1374.4842    5.908203      0.1485
    5.920410        1333    5.920410           6    5.920410   1371.4564    5.920410     -1.0533
    5.932617        1407    5.932617           5    5.932617   1368.4492    5.932617      1.0277
    5.944824        1389    5.944824           2    5.944824   1365.5323    5.944824      0.6297
    5.957031        1398    5.957031           2    5.957031   1362.5806    5.957031      0.9473
    5.969238        1427    5.969238           2    5.969238   1359.6000    5.969238      1.7842
    5.981445        1388    5.981445           7    5.981445   1356.6343    5.981445      0.8419
    5.993652        1344    5.993652           5    5.993652   1353.7231    5.993652     -0.2652
    6.005859        1391    6.005859           3    6.005859   1350.7773    6.005859      1.0785
    6.018066        1282    6.018066           3    6.018066   1347.8024    6.018066     -1.8378
    6.030274        1376    6.030274           6    6.030274   1344.8425    6.030274      0.8400
    6.042481        1298    6.042481           4    6.042481   1341.9315    6.042481     -1.2194
    6.054688        1341    6.054688           2    6.054688   1338.9613    6.054688      0.0557
    6.066895        1324    6.066895           2    6.066895   1336.0279    6.066895     -0.3306
    6.079102        1317    6.079102           5    6.079102   1333.0736    6.079102     -0.4429
    6.091309        1345    6.091309           1    6.091309   1330.1767    6.091309      0.4042
    6.103516        1340    6.103516           3    6.103516   1327.2628    6.103516      0.3480
    6.115723        1359    6.115723           1    6.115723   1324.3171    6.115723      0.9408
    6.127930        1300    6.127930           4    6.127930   1321.3656    6.127930     -0.5926
    6.140137        1282    6.140137           3    6.140137   1318.4536    6.140137     -1.0181
    6.152344        1316    6.152344           1    6.152344   1315.5303    6.152344      0.0129
    6.164551        1336    6.164551           0    6.164551   1312.6136    6.164551      0.6398
    6.176758        1259    6.176758           2    6.176758   1309.7033    6.176758     -1.4290
    6.188965        1270    6.188965           1    6.188965   1306.8051    6.188965     -1.0328
    6.201172        1278    6.201172           1    6.201172   1303.9462    6.201172     -0.7258
    6.213379        1293    6.213379           1    6.213379   1301.0786    6.213379     -0.2247
    6.225586        1345    6.225586           1    6.225586   1298.2298    6.225586      1.2753
    6.237793        1306    6.237793           3    6.237793   1295.3516    6.237793      0.2947
    6.250000        1294    6.250000           2    6.250000   1292.4799    6.250000      0.0423
    6.262207        1304    6.262207           3    6.262207   1289.6229    6.262207      0.3981
    6.274414        1273    6.274414           1    6.274414   1286.8202    6.274414     -0.3873
    6.286621        1303    6.286621           1    6.286621   1283.9909    6.286621      0.5266
    6.298828        1300    6.298828           1    6.298828   1281.1802    6.298828      0.5220
    6.311035        1313    6.311035           4    6.311035   1278.3429    6.311035      0.9564
    6.323242        1268    6.323242           2    6.323242   1275.5241    6.323242     -0.2113
    6.335449        1326    6.335449           3    6.335449   1272.6844    6.335449      1.4641
    6.347656        1236    6.347656           1    6.347656   1269.8962    6.347656     -0.9641
    6.359863        1287    6.359863           2    6.359863   1267.0635    6.359863      0.5557
    6.372070        1311    6.372070           0    6.372070   1264.2577    6.372070      1.2909
    6.384277        1193    6.384277           3    6.384277   1261.4760    6.384277     -1.9825
    6.396484        1254    6.396484           0    6.396484   1258.6949    6.396484     -0.1326
    6.408691        1257    6.408691           1    6.408691   1255.8845    6.408691      0.0315
    6.420899        1233    6.420899           2    6.420899   1253.0803    6.420899     -0.5719
    6.433106        1252    6.433106           2    6.433106   1250.2824    6.433106      0.0485
    6.445313        1227    6.445313           0    6.445313   1247.4907    6.445313     -0.5850
    6.457520        1169    6.457520           0    6.457520   1244.7108    6.457520     -2.2144
    6.469727        1255    6.469727           0    6.469727   1241.9672    6.469727      0.3679
    6.481934        1228    6.481934           0    6.481934   1239.1941    6.481934     -0.3194
    6.494141        1241    6.494141           0    6.494141   1236.4272    6.494141      0.1298
    6.506348        1211    6.506348           2    6.506348   1233.6664    6.506348     -0.6513
    6.518555        1214    6.518555           0    6.518555   1230.9118    6.518555     -0.4854
    6.530762        1158    6.530762           0    6.530762   1228.1634    6.530762     -2.0618
    6.542969        1248    6.542969           0    6.542969   1225.4239    6.542969      0.6391
    6.555176        1228    6.555176           0    6.555176   1222.7055    6.555176      0.1511
    6.567383        1175    6.567383           0    6.567383   1219.9754    6.567383     -1.3121
    6.579590        1281    6.579590           0    6.579590   1217.2514    6.579590      1.7811
    6.591797        1209    6.591797           1    6.591797   1214.5335    6.591797     -0.1591
    6.604004        1174    6.604004           0    6.604004   1211.8216    6.604004     -1.1038
    6.616211        1236    6.616211           0    6.616211   1209.1158    6.616211      0.7647
    6.628418        1208    6.628418           0    6.628418   1206.4161    6.628418      0.0456
    6.640625        1239    6.640625           0    6.640625   1203.7224    6.640625      1.0022
    6.652832        1138    6.652832           0    6.652832   1201.0346    6.652832     -1.8686
    6.665039        1237    6.665039           0    6.665039   1198.3529    6.665039      1.0988
    6.677246        1225    6.677246           0    6.677246   1195.6772    6.677246      0.8378
    6.689453        1163    6.689453           0    6.689453   1193.0102    6.689453     -0.8800
    6.701660        1196    6.701660           0    6.701660   1190.3670    6.701660      0.1629
    6.713867        1221    6.713867           0    6.713867   1187.7269    6.713867      0.9522
    6.726074        1130    6.726074           0    6.726074   1185.0749    6.726074     -1.6384
    6.738281        1200    6.738281           1    6.738281   1182.4288    6.738281      0.5072
    6.750488        1230    6.750488           1    6.750488   1179.7887    6.750488      1.4317
    6.762695        1249    6.762695           0    6.762695   1177.1544    6.762695      2.0329
    6.774902        1168    6.774902           0    6.774902   1174.5260    6.774902     -0.1910
    6.787109        1202    6.787109           0    6.787109   1171.9035    6.787109      0.8681
    6.799316        1136    6.799316           0    6.799316   1169.2868    6.799316     -0.9876
    6.811524        1132    6.811524           0    6.811524   1166.6760    6.811524     -1.0306
    6.823731        1161    6.823731           0    6.823731   1164.0710    6.823731     -0.0901
    6.835938        1123    6.835938           0    6.835938   1161.4718    6.835938     -1.1480
    6.848145        1139    6.848145           0    6.848145   1158.8812    6.848145     -0.5891
    6.860352        1170    6.860352           0    6.860352   1156.3114    6.860352      0.4002
    6.872559        1186    6.872559           0    6.872559   1153.7296    6.872559      0.9370
    6.884766        1153    6.884766           0    6.884766   1151.1535    6.884766      0.0544
    6.896973        1141    6.896973           1    6.896973   1148.5831    6.896973     -0.2245
    6.909180        1181    6.909180           0    6.909180   1146.0185    6.909180      1.0179
    6.921387        1197    6.921387           0    6.921387   1143.4597    6.921387      1.5475
    6.933594        1125    6.933594           0    6.933594   1140.9065    6.933594     -0.4742
    6.945801        1172    6.945801           0    6.945801   1138.3618    6.945801      0.9826
    6.958008        1157    6.958008           0    6.958008   1135.8379    6.958008      0.6221
    6.970215        1113    6.970215           0    6.970215   1133.3017    6.970215     -0.6085
    6.982422        1073    6.982422           0    6.982422   1130.7740    6.982422     -1.7637
    6.994629        1119    6.994629           1    6.994629   1128.2670    6.994629     -0.2770
    7.006836        1145    7.006836           0    7.006836   1125.7477    7.006836      0.5690
    7.019043        1094    7.019043           0    7.019043   1123.2341    7.019043     -0.8839
    7.031250        1083    7.031250           1    7.031250   1120.7261    7.031250     -1.1464
    7.043457        1155    7.043457           0    7.043457   1118.2237    7.043457      1.0821
    7.055664        1162    7.055664           0    7.055664   1115.7269    7.055664      1.3575
    7.067871        1068    7.067871           0    7.067871   1113.2357    7.067871     -1.3842
    7.080078        1116    7.080078           0    7.080078   1110.7500    7.080078      0.1572
    7.092285        1091    7.092285           0    7.092285   1108.2699    7.092285     -0.5229
    7.104492        1085    7.104492           0    7.104492   1105.7953    7.104492     -0.6313
    7.116699        1080    7.116699           0    7.116699   1103.3262    7.116699     -0.7098
    7.128906        1079    7.128906           0    7.128906   1100.8627    7.128906     -0.6656
    7.141113        1112    7.141113           0    7.141113   1098.4046    7.141113      0.4077
    7.153320        1059    7.153320           0    7.153320   1095.9521    7.153320     -1.1355
    7.165527        1092    7.165527           0    7.165527   1093.5050    7.165527     -0.0455
    7.177734        1144    7.177734           0    7.177734   1091.0634    7.177734      1.5651
    7.189941        1099    7.189941           0    7.189941   1088.6272    7.189941      0.3129
    7.202149        1044    7.202149           0    7.202149   1086.1965    7.202149     -1.3059
    7.214356        1106    7.214356           0    7.214356   1083.7740    7.214356      0.6683
    7.226563        1133    7.226563           0    7.226563   1081.3747    7.226563      1.5337
    7.238770        1089    7.238770           0    7.238770   1078.9779    7.238770      0.3037
    7.250977        1083    7.250977           0    7.250977   1076.5688    7.250977      0.1954
    7.263184        1030    7.263184           1    7.263184   1074.1650    7.263184     -1.3761
    7.275391        1082    7.275391           1    7.275391   1071.7665    7.275391      0.3111
    7.287598        1065    7.287598           0    7.287598   1069.3734    7.287598     -0.1340
    7.299805        1050    7.299805           0    7.299805   1066.9857    7.299805     -0.5242
    7.312012        1093    7.312012           0    7.312012   1064.6033    7.312012      0.8589
    7.324219        1051    7.324219           0    7.324219   1062.2262    7.324219     -0.3463
    7.336426        1110    7.336426           0    7.336426   1059.8544    7.336426      1.5051
    7.348633        1039    7.348633           0    7.348633   1057.4879    7.348633     -0.5736
    7.360840        1013    7.360840           0    7.360840   1055.1267    7.360840     -1.3236
    7.373047        1052    7.373047           0    7.373047   1052.7708    7.373047     -0.0238
    7.385254        1015    7.385254           0    7.385254   1050.4202    7.385254     -1.1118
    7.397461        1030    7.397461           0    7.397461   1048.0747    7.397461     -0.5632
    7.409668        1027    7.409668           0    7.409668   1045.7346    7.409668     -0.5846
    7.421875        1029    7.421875           0    7.421875   1043.3996    7.421875     -0.4489
    7.434082         985    7.434082           0    7.434082   1041.0699    7.434082     -1.7865
    7.446289        1001    7.446289           0    7.446289   1038.7453    7.446289     -1.1930
    7.458496        1071    7.458496           0    7.458496   1036.4287    7.458496      1.0564
    7.470703        1044    7.470703           0    7.470703   1034.1324    7.470703      0.3054
    7.482910        1053    7.482910           0    7.482910   1031.8233    7.482910      0.6526
    7.495117        1042    7.495117           0    7.495117   1029.5194    7.495117      0.3866
    7.507324        1061    7.507324           1    7.507324   1027.2207    7.507324      1.0370
    7.519531        1034    7.519531           0    7.519531   1024.9271    7.519531      0.2822
    7.531738        1002    7.531738           0    7.531738   1022.6386    7.531738     -0.6520
    7.543945        1013    7.543945           0    7.543945   1020.3552    7.543945     -0.2311
    7.556152        1054    7.556152           0    7.556152   1018.0769    7.556152      1.1065
    7.568359         929    7.568359           0    7.568359   1015.8037    7.568359     -2.8479
    7.580566         976    7.580566           0    7.580566   1013.5356    7.580566     -1.2015
    7.592774         945    7.592774           0    7.592774   1011.2725    7.592774     -2.1558
    7.604981         968    7.604981           0    7.604981   1009.0145    7.604981     -1.3183
    7.617188         952    7.617188           0    7.617188   1006.7615    7.617188     -1.7748
    7.629395        1050    7.629395           0    7.629395   1004.5136    7.629395      1.4037
    7.641602         988    7.641602           0    7.641602   1002.2707    7.641602     -0.4540
    7.653809        1006    7.653809           0    7.653809   1000.0328    7.653809      0.1881
    7.666016        1016    7.666016           0    7.666016    997.7999    7.666016      0.5710
    7.678223         985    7.678223           0    7.678223    995.5719    7.678223     -0.3369
    7.690430        1010    7.690430           0    7.690430    993.3490    7.690430      0.5239
    7.702637         994    7.702637           0    7.702637    991.1310    7.702637      0.0910
    7.714844        1006    7.714844           0    7.714844    988.9180    7.714844      0.5386
    7.727051         950    7.727051           0    7.727051    986.7099    7.727051     -1.1910
    7.739258        1006    7.739258           0    7.739258    984.5067    7.739258      0.6776
    7.751465         977    7.751465           0    7.751465    982.3085    7.751465     -0.1698
    7.763672         918    7.763672           0    7.763672    980.1151    7.763672     -2.0501
    7.775879         975    7.775879           0    7.775879    977.9267    7.775879     -0.0937
    7.788086         917    7.788086           0    7.788086    975.7432    7.788086     -1.9399
    7.800293         975    7.800293           0    7.800293    973.5645    7.800293      0.0460
    7.812500         964    7.812500           0    7.812500    971.3907    7.812500     -0.2380
    7.824707         962    7.824707           0    7.824707    969.2217    7.824707     -0.2328
    7.836914         904    7.836914           0    7.836914    967.0604    7.836914     -2.0974
    7.849121         954    7.849121           0    7.849121    964.9189    7.849121     -0.3535
    7.861328         959    7.861328           0    7.861328    962.7644    7.861328     -0.1216
    7.873535         930    7.873535           0    7.873535    960.6147    7.873535     -1.0039
    7.885742         922    7.885742           1    7.885742    958.4698    7.885742     -1.2011
    7.897949         971    7.897949           0    7.897949    956.3297    7.897949      0.4708
    7.910156         957    7.910156           0    7.910156    954.1944    7.910156      0.0907
    7.922363         907    7.922363           0    7.922363    952.0666    7.922363     -1.4964
    7.934570         938    7.934570           0    7.934570    949.9586    7.934570     -0.3905
    7.946777         932    7.946777           0    7.946777    947.8375    7.946777     -0.5188
    7.958984         933    7.958984           0    7.958984    945.7211    7.958984     -0.4165
    7.971191         974    7.971191           1    7.971191    943.6095    7.971191      0.9738
    7.983399         952    7.983399           0    7.983399    941.5025    7.983399      0.3402
    7.995606         976    7.995606           0    7.995606    939.4003    7.995606      1.1715
    8.007813         945    8.007813           0    8.007813    937.3028    8.007813      0.2504
    8.020020         919    8.020020           0    8.020020    935.2099    8.020020     -0.5347
    8.032227         892    8.032227           0    8.032227    933.1218    8.032227     -1.3769
    8.044434         911    8.044434           0    8.044434    931.0383    8.044434     -0.6639
    8.056641         953    8.056641           0    8.056641    928.9594    8.056641      0.7788
    8.068848         905    8.068848           0    8.068848    926.8852    8.068848     -0.7275
    8.081055         960    8.081055           0    8.081055    924.8156    8.081055      1.1356
    8.093262         908    8.093262           0    8.093262    922.7506    8.093262     -0.4895
    8.105469         979    8.105469           0    8.105469    920.6903    8.105469      1.8636
    8.117676         894    8.117676           0    8.117676    918.6345    8.117676     -0.8239
    8.129883         950    8.129883           0    8.129883    916.5889    8.129883      1.0840
    8.142090         917    8.142090           0    8.142090    914.5780    8.142090      0.0800
    8.154297         823    8.154297           0    8.154297    912.5386    8.154297     -3.1211
    8.166504         879    8.166504           0    8.166504    910.5189    8.166504     -1.0631
    8.178711         891    8.178711           2    8.178711    908.4858    8.178711     -0.5858
    8.190918         880    8.190918           0    8.190918    906.4573    8.190918     -0.8919
    8.203125         948    8.203125           1    8.203125    904.4334    8.203125      1.4150
    8.215332         902    8.215332           0    8.215332    902.4139    8.215332     -0.0138
    8.227539         864    8.227539           0    8.227539    900.3990    8.227539     -1.2383
    8.239746         885    8.239746           0    8.239746    898.3885    8.239746     -0.4501
    8.251953         924    8.251953           0    8.251953    896.3826    8.251953      0.9085
    8.264160         859    8.264160           0    8.264160    894.3811    8.264160     -1.2072
    8.276367         892    8.276367           0    8.276367    892.3841    8.276367     -0.0129
    8.288574         944    8.288574           0    8.288574    890.3915    8.288574      1.7448
    8.300781         897    8.300781           0    8.300781    888.4034    8.300781      0.2870
    8.312988         901    8.312988           0    8.312988    886.4198    8.312988      0.4857
    8.325195         864    8.325195           0    8.325195    884.4406    8.325195     -0.6954
    8.337402         912    8.337402           0    8.337402    882.4657    8.337402      0.9780
    8.349609         856    8.349609           0    8.349609    880.4953    8.349609     -0.8372
    8.361817         915    8.361817           0    8.361817    878.5293    8.361817      1.2057
    8.374024         893    8.374024           0    8.374024    876.5677    8.374024      0.5499
    8.386231         920    8.386231           0    8.386231    874.6105    8.386231      1.4964
    8.398438         903    8.398438           0    8.398438    872.6576    8.398438      1.0097
    8.410645         875    8.410645           0    8.410645    870.7091    8.410645      0.1451
    8.422852         864    8.422852           0    8.422852    868.7650    8.422852     -0.1621
    8.435059         843    8.435059           0    8.435059    866.8252    8.435059     -0.8206
    8.447266         889    8.447266           0    8.447266    864.8897    8.447266      0.8086
    8.459473         837    8.459473           0    8.459473    862.9585    8.459473     -0.8973
    8.471680         844    8.471680           0    8.471680    861.0317    8.471680     -0.5863
    8.483887         893    8.483887           0    8.483887    859.1091    8.483887      1.1341
    8.496094         850    8.496094           0    8.496094    857.1909    8.496094     -0.2466
    8.508301         795    8.508301           0    8.508301    855.2769    8.508301     -2.1378
    8.520508         853    8.520508           0    8.520508    853.3672    8.520508     -0.0126
    8.532715         839    8.532715           0    8.532715    851.4618    8.532715     -0.4302
    8.544922         853    8.544922           0    8.544922    849.5606    8.544922      0.1178
    8.557129         837    8.557129           0    8.557129    847.6637    8.557129     -0.3686
    8.569336         763    8.569336           0    8.569336    845.7710    8.569336     -2.9965
    8.581543         870    8.581543           0    8.581543    843.8825    8.581543      0.8855
    8.593750         798    8.593750           0    8.593750    841.9983    8.593750     -1.5575
    8.605957         844    8.605957           0    8.605957    840.1182    8.605957      0.1336
    8.618164         824    8.618164           0    8.618164    838.2424    8.618164     -0.4962
    8.630371         876    8.630371           0    8.630371    836.3707    8.630371      1.3389
    8.642578         785    8.642578           0    8.642578    834.5032    8.642578     -1.7668
    8.654785         821    8.654785           0    8.654785    832.6399    8.654785     -0.4062
    8.666992         816    8.666992           0    8.666992    830.7808    8.666992     -0.5174
    8.679199         742    8.679199           0    8.679199    828.9258    8.679199     -3.1911
    8.691406         809    8.691406           0    8.691406    827.0749    8.691406     -0.6355
    8.703613         798    8.703613           0    8.703613    825.2282    8.703613     -0.9639
    8.715820         796    8.715820           0    8.715820    823.3856    8.715820     -0.9707
    8.728027         765    8.728027           0    8.728027    821.5471    8.728027     -2.0445
    8.740234         805    8.740234           0    8.740234    819.7127    8.740234     -0.5186
    8.752442         832    8.752442           0    8.752442    817.8824    8.752442      0.4894
    8.764649         809    8.764649           0    8.764649    816.0562    8.764649     -0.2481
    8.776856         841    8.776856           0    8.776856    814.2341    8.776856      0.9230
    8.789063         796    8.789063           0    8.789063    812.4161    8.789063     -0.5819
    8.801270         819    8.801270           0    8.801270    810.6021    8.801270      0.2934
    8.813477         772    8.813477           0    8.813477    808.7921    8.813477     -1.3242
    8.825684         803    8.825684           0    8.825684    806.9862    8.825684     -0.1407
    8.837891         797    8.837891           0    8.837891    805.1844    8.837891     -0.2899
    8.850098         763    8.850098           0    8.850098    803.3865    8.850098     -1.4621
    8.862305         759    8.862305           0    8.862305    801.5927    8.862305     -1.5460
    8.874512         768    8.874512           0    8.874512    799.8029    8.874512     -1.1476
    8.886719         798    8.886719           0    8.886719    798.0170    8.886719     -0.0006
    8.898926         775    8.898926           0    8.898926    796.2352    8.898926     -0.7628
    8.911133         800    8.911133           0    8.911133    794.4573    8.911133      0.1960
    8.923340         786    8.923340           0    8.923340    792.6834    8.923340     -0.2384
    8.935547         788    8.935547           0    8.935547    790.9163    8.935547     -0.1039
    8.947754         792    8.947754           0    8.947754    789.1681    8.947754      0.1006
    8.959961         744    8.959961           0    8.959961    787.4060    8.959961     -1.5913
    8.972168         743    8.972168           0    8.972168    785.6479    8.972168     -1.5646
    8.984375         817    8.984375           1    8.984375    783.8936    8.984375      1.1582
    8.996582         783    8.996582           0    8.996582    782.1433    8.996582      0.0306
    9.008789         755    9.008789           0    9.008789    780.3969    9.008789     -0.9243
    9.020996         777    9.020996           0    9.020996    778.6544    9.020996     -0.0594
    9.033203         808    9.033203           0    9.033203    776.9158    9.033203      1.0935
    9.045410         799    9.045410           0    9.045410    775.1811    9.045410      0.8427
    9.057617         751    9.057617           0    9.057617    773.4502    9.057617     -0.8192
    9.069824         790    9.069824           0    9.069824    771.7232    9.069824      0.6503
    9.082031         766    9.082031           0    9.082031    770.0001    9.082031     -0.1445
    9.094238         750    9.094238           0    9.094238    768.2808    9.094238     -0.6675
    9.106445         745    9.106445           0    9.106445    766.5654    9.106445     -0.7901
    9.118652         757    9.118652           0    9.118652    764.8538    9.118652     -0.2855
    9.130859         814    9.130859           0    9.130859    763.1488    9.130859      1.7823
    9.143067         749    9.143067           0    9.143067    761.4626    9.143067     -0.4554
    9.155274         793    9.155274           0    9.155274    759.7651    9.155274      1.1802
    9.167481         737    9.167481           0    9.167481    758.0865    9.167481     -0.7767
    9.179688         741    9.179688           1    9.179688    756.3938    9.179688     -0.5655
    9.191895         759    9.191895           0    9.191895    754.7049    9.191895      0.1559
    9.204102         769    9.204102           1    9.204102    753.0198    9.204102      0.5763
    9.216309         740    9.216309           0    9.216309    751.3384    9.216309     -0.4168
    9.228516         747    9.228516           0    9.228516    749.6608    9.228516     -0.0974
    9.240723         761    9.240723           0    9.240723    747.9869    9.240723      0.4717
    9.252930         744    9.252930           0    9.252930    746.3168    9.252930     -0.0849
    9.265137         752    9.265137           0    9.265137    744.6504    9.265137      0.2680
    9.277344         786    9.277344           0    9.277344    742.9877    9.277344      1.5342
    9.289551         756    9.289551           0    9.289551    741.3287    9.289551      0.5336
    9.301758         737    9.301758           0    9.301758    739.6735    9.301758     -0.0985
    9.313965         737    9.313965           0    9.313965    738.0247    9.313965     -0.0377
    9.326172         715    9.326172           0    9.326172    736.3946    9.326172     -0.8001
    9.338379         724    9.338379           0    9.338379    734.7503    9.338379     -0.3995
    9.350586         748    9.350586           0    9.350586    733.1098    9.350586      0.5444
    9.362793         741    9.362793           1    9.362793    731.4729    9.362793      0.3500
    9.375000         700    9.375000           0    9.375000    729.8396    9.375000     -1.1278
    9.387207         724    9.387207           0    9.387207    728.2100    9.387207     -0.1565
    9.399414         723    9.399414           0    9.399414    726.5840    9.399414     -0.1333
    9.411621         710    9.411621           0    9.411621    724.9617    9.411621     -0.5615
    9.423828         725    9.423828           0    9.423828    723.3429    9.423828      0.0615
    9.436035         723    9.436035           0    9.436035    721.7278    9.436035      0.0473
    9.448242         729    9.448242           0    9.448242    720.1191    9.448242      0.3289
    9.460449         704    9.460449           0    9.460449    718.5290    9.460449     -0.5476
    9.472656         719    9.472656           0    9.472656    716.9247    9.472656      0.0774
    9.484863         671    9.484863           0    9.484863    715.3239    9.484863     -1.7111
    9.497070         730    9.497070           1    9.497070    713.7267    9.497070      0.6023
    9.509277         725    9.509277           0    9.509277    712.1330    9.509277      0.4779
    9.521484         672    9.521484           0    9.521484    710.5430    9.521484     -1.4868
    9.533692         734    9.533692           0    9.533692    708.9564    9.533692      0.9244
    9.545899         701    9.545899           0    9.545899    707.3735    9.545899     -0.2407
    9.558106         687    9.558106           0    9.558106    705.7940    9.558106     -0.7170
    9.570313         690    9.570313           0    9.570313    704.2181    9.570313     -0.5413
    9.582520         763    9.582520           0    9.582520    702.6457    9.582520      2.1850
    9.594727         741    9.594727           0    9.594727    701.0796    9.594727      1.4665
    9.606934         657    9.606934           0    9.606934    699.5320    9.606934     -1.6593
    9.619141         668    9.619141           0    9.619141    697.9700    9.619141     -1.1596
    9.631348         680    9.631348           0    9.631348    696.4116    9.631348     -0.6294
    9.643555         721    9.643555           1    9.643555    694.8566    9.643555      0.9736
    9.655762         673    9.655762           0    9.655762    693.3051    9.655762     -0.7827
    9.667969         704    9.667969           0    9.667969    691.7571    9.667969      0.4614
    9.680176         692    9.680176           0    9.680176    690.2125    9.680176      0.0680
    9.692383         689    9.692383           0    9.692383    688.6741    9.692383      0.0124
    9.704590         678    9.704590           0    9.704590    687.1542    9.704590     -0.3516
    9.716797         735    9.716797           0    9.716797    685.6199    9.716797      1.8214
    9.729004         687    9.729004           0    9.729004    684.0891    9.729004      0.1111
    9.741211         677    9.741211           1    9.741211    682.5616    9.741211     -0.2137
    9.753418         682    9.753418           0    9.753418    681.0375    9.753418      0.0369
    9.765625         717    9.765625           0    9.765625    679.5169    9.765625      1.3998
    9.777832         676    9.777832           0    9.777832    677.9997    9.777832     -0.0769
    9.790039         655    9.790039           0    9.790039    676.4858    9.790039     -0.8395
    9.802246         651    9.802246           0    9.802246    674.9753    9.802246     -0.9397
    9.814453         676    9.814453           0    9.814453    673.4682    9.814453      0.0974
    9.826660         628    9.826660           0    9.826660    671.9644    9.826660     -1.7544
    9.838867         680    9.838867           0    9.838867    670.4641    9.838867      0.3657
    9.851074         702    9.851074           0    9.851074    668.9670    9.851074      1.2467
    9.863281         678    9.863281           0    9.863281    667.4761    9.863281      0.4042
    9.875488         658    9.875488           0    9.875488    666.0036    9.875488     -0.3120
    9.887695         645    9.887695           0    9.887695    664.5165    9.887695     -0.7685
    9.899902         671    9.899902           0    9.899902    663.0327    9.899902      0.3076
    9.912109         639    9.912109           1    9.912109    661.5523    9.912109     -0.8922
    9.924317         611    9.924317           0    9.924317    660.0751    9.924317     -1.9854
    9.936524         654    9.936524           0    9.936524    658.6013    9.936524     -0.1799
    9.948731         620    9.948731           0    9.948731    657.1307    9.948731     -1.4912
    9.960938         647    9.960938           0    9.960938    655.6635    9.960938     -0.3406
    9.973145         668    9.973145           0    9.973145    654.1995    9.973145      0.5340
    9.985352         616    9.985352           0    9.985352    652.7388    9.985352     -1.4802
    9.997559         639    9.997559           0    9.997559    651.2813    9.997559     -0.4858
   10.009766         675   10.009766           0   10.009766    649.8271   10.009766      0.9689
   10.021973         636   10.021973           0   10.021973    648.3761   10.021973     -0.4907
   10.034180         675   10.034180           0   10.034180    646.9284   10.034180      1.0805
   10.046387         658   10.046387           0   10.046387    645.4839   10.046387      0.4879
   10.058594         639   10.058594           0   10.058594    644.0427   10.058594     -0.1995
   10.070801         634   10.070801           0   10.070801    642.6046   10.070801     -0.3417
   10.083008         658   10.083008           0   10.083008    641.1698   10.083008      0.6561
   10.095215         640   10.095215           0   10.095215    639.7382   10.095215      0.0103
   10.107422         613   10.107422           0   10.107422    638.3097   10.107422     -1.0223
   10.119629         644   10.119629           0   10.119629    636.8845   10.119629      0.2804
   10.131836         606   10.131836           0   10.131836    635.4624   10.131836     -1.1968
   10.144043         669   10.144043           0   10.144043    634.0436   10.144043      1.3515
   10.156250         631   10.156250           0   10.156250    632.6278   10.156250     -0.0648
   10.168457         646   10.168457           0   10.168457    631.2153   10.168457      0.5817
   10.180664         609   10.180664           0   10.180664    629.8059   10.180664     -0.8431
   10.192871         617   10.192871           0   10.192871    628.3996   10.192871     -0.4589
   10.205078         631   10.205078           0   10.205078    626.9965   10.205078      0.1594
   10.217285         609   10.217285           0   10.217285    625.5965   10.217285     -0.6725
   10.229492         639   10.229492           0   10.229492    624.1997   10.229492      0.5855
   10.241699         643   10.241699           0   10.241699    622.8059   10.241699      0.7964
   10.253906         647   10.253906           0   10.253906    621.4153   10.253906      1.0058
   10.266113         578   10.266113           0   10.266113    620.0278   10.266113     -1.7481
   10.278320         629   10.278320           0   10.278320    618.6434   10.278320      0.4129
   10.290527         587   10.290527           0   10.290527    617.2620   10.290527     -1.2490
   10.302734         633   10.302734           0   10.302734    615.8838   10.302734      0.6803
   10.314942         633   10.314942           0   10.314942    614.5086   10.314942      0.7350
   10.327149         594   10.327149           0   10.327149    613.1365   10.327149     -0.7852
   10.339356         673   10.339356           0   10.339356    611.7675   10.339356      2.3603
   10.351563         580   10.351563           0   10.351563    610.4015   10.351563     -1.2624
   10.363770         611   10.363770           0   10.363770    609.0386   10.363770      0.0793
   10.375977         655   10.375977           0   10.375977    607.6787   10.375977      1.8490
   10.388184         632   10.388184           0   10.388184    606.3219   10.388184      1.0214
   10.400391         585   10.400391           0   10.400391    604.9680   10.400391     -0.8256
   10.412598         592   10.412598           0   10.412598    603.6200   10.412598     -0.4776
   10.424805         588   10.424805           0   10.424805    602.2901   10.424805     -0.5893
   10.437012         629   10.437012           0   10.437012    600.9452   10.437012      1.1186
   10.449219         618   10.449219           0   10.449219    599.6034   10.449219      0.7400
   10.461426         605   10.461426           1   10.461426    598.2646   10.461426      0.2738
   10.473633         595   10.473633           0   10.473633    596.9288   10.473633     -0.0791
   10.485840         617   10.485840           0   10.485840    595.5959   10.485840      0.8617
   10.498047         579   10.498047           0   10.498047    594.2688   10.498047     -0.6346
   10.510254         598   10.510254           0   10.510254    592.9597   10.510254      0.2061
   10.522461         574   10.522461           0   10.522461    591.6358   10.522461     -0.7361
   10.534668         593   10.534668           0   10.534668    590.3147   10.534668      0.1103
   10.546875         573   10.546875           1   10.546875    588.9967   10.546875     -0.6683
   10.559082         635   10.559082           0   10.559082    587.6815   10.559082      1.8778
   10.571289         632   10.571289           0   10.571289    586.3693   10.571289      1.8151
   10.583496         533   10.583496           0   10.583496    585.0601   10.583496     -2.2550
   10.595703         621   10.595703           0   10.595703    583.7537   10.595703      1.4946
   10.607910         600   10.607910           0   10.607910    582.4503   10.607910      0.7165
   10.620117         604   10.620117           0   10.620117    581.1498   10.620117      0.9298
   10.632324         571   10.632324           0   10.632324    579.8522   10.632324     -0.3705
   10.644531         587   10.644531           0   10.644531    578.5574   10.644531      0.3485
   10.656738         599   10.656738           0   10.656738    577.2656   10.656738      0.8880
   10.668945         597   10.668945           0   10.668945    575.9767   10.668945      0.8604
   10.681152         559   10.681152           0   10.681152    574.6906   10.681152     -0.6636
   10.693359         565   10.693359           0   10.693359    573.4074   10.693359     -0.3537
   10.705567         605   10.705567           0   10.705567    572.1271   10.705567      1.3365
   10.717774         544   10.717774           0   10.717774    570.8496   10.717774     -1.1512
   10.729981         545   10.729981           0   10.729981    569.5750   10.729981     -1.0527
   10.742188         586   10.742188           0   10.742188    568.3033   10.742188      0.7310
   10.754395         583   10.754395           0   10.754395    567.0343   10.754395      0.6612
   10.766602         550   10.766602           0   10.766602    565.7682   10.766602     -0.6724
   10.778809         539   10.778809           0   10.778809    564.5050   10.778809     -1.0986
   10.791016         550   10.791016           0   10.791016    563.2445   10.791016     -0.5647
   10.803223         569   10.803223           0   10.803223    561.9869   10.803223      0.2940
   10.815430         571   10.815430           0   10.815430    560.7321   10.815430      0.4297
   10.827637         598   10.827637           0   10.827637    559.4800   10.827637      1.5752
   10.839844         582   10.839844           0   10.839844    558.2308   10.839844      0.9853
   10.852051         588   10.852051           0   10.852051    556.9844   10.852051      1.2791
   10.864258         585   10.864258           0   10.864258    555.7407   10.864258      1.2097
   10.876465         543   10.876465           0   10.876465    554.4998   10.876465     -0.4935
   10.888672         556   10.888672           0   10.888672    553.2617   10.888672      0.1161
   10.900879         549   10.900879           0   10.900879    552.0264   10.900879     -0.1292
   10.913086         542   10.913086           0   10.913086    550.7966   10.913086     -0.3778
   10.925293         528   10.925293           0   10.925293    549.5845   10.925293     -0.9393
   10.937500         538   10.937500           0   10.937500    548.3602   10.937500     -0.4467
   10.949707         571   10.949707           0   10.949707    547.1536   10.949707      0.9979
   10.961914         541   10.961914           1   10.961914    545.9319   10.961914     -0.2120
   10.974121         570   10.974121           0   10.974121    544.7129   10.974121      1.0592
   10.986328         558   10.986328           1   10.986328    543.4967   10.986328      0.6140
   10.998535         510   10.998535           0   10.998535    542.2831   10.998535     -1.4295
   11.010742         586   11.010742           0   11.010742    541.0723   11.010742      1.8559
   11.022949         538   11.022949           0   11.022949    539.8642   11.022949     -0.0804
   11.035156         564   11.035156           0   11.035156    538.6615   11.035156      1.0669
   11.047363         545   11.047363           0   11.047363    537.4766   11.047363      0.3223
   11.059570         549   11.059570           0   11.059570    536.2765   11.059570      0.5430
   11.071777         540   11.071777           0   11.071777    535.0791   11.071777      0.2118
   11.083985         537   11.083985           1   11.083985    533.8843   11.083985      0.1345
   11.096192         537   11.096192           0   11.096192    532.6922   11.096192      0.1859
   11.108399         553   11.108399           0   11.108399    531.5028   11.108399      0.9142
   11.120606         523   11.120606           0   11.120606    530.3161   11.120606     -0.3199
   11.132813         555   11.132813           0   11.132813    529.1320   11.132813      1.0980
   11.145020         519   11.145020           0   11.145020    527.9505   11.145020     -0.3929
   11.157227         560   11.157227           0   11.157227    526.7717   11.157227      1.4042
   11.169434         549   11.169434           0   11.169434    525.5955   11.169434      0.9989
   11.181641         615   11.181641           0   11.181641    524.4219   11.181641      3.6525
   11.193848         543   11.193848           0   11.193848    523.2509   11.193848      0.8475
   11.206055         521   11.206055           0   11.206055    522.0826   11.206055     -0.0474
   11.218262         507   11.218262           0   11.218262    520.9169   11.218262     -0.6181
   11.230469         541   11.230469           0   11.230469    519.7538   11.230469      0.9134
   11.242676         538   11.242676           0   11.242676    518.5932   11.242676      0.8367
   11.254883         494   11.254883           0   11.254883    517.4353   11.254883     -1.0544
   11.267090         506   11.267090           0   11.267090    516.2800   11.267090     -0.4570
   11.279297         532   11.279297           0   11.279297    515.1300   11.279297      0.7314
   11.291504         501   11.291504           0   11.291504    513.9976   11.291504     -0.5807
   11.303711         522   11.303711           0   11.303711    512.8499   11.303711      0.4005
   11.315918         559   11.315918           0   11.315918    511.7048   11.315918      2.0004
   11.328125         451   11.328125           1   11.328125    510.5622   11.328125     -2.8047
   11.340332         538   11.340332           0   11.340332    509.4222   11.340332      1.2321
   11.352539         485   11.352539           0   11.352539    508.2848   11.352539     -1.0573
   11.364746         474   11.364746           0   11.364746    507.1499   11.364746     -1.5226
   11.376953         540   11.376953           0   11.376953    506.0175   11.376953      1.4624
   11.389160         502   11.389160           0   11.389160    504.8876   11.389160     -0.1289
   11.401367         513   11.401367           0   11.401367    503.7631   11.401367      0.4078
   11.413574         518   11.413574           0   11.413574    502.6561   11.413574      0.6742
   11.425781         513   11.425781           0   11.425781    501.5337   11.425781      0.5062
   11.437988         544   11.437988           0   11.437988    500.4139   11.437988      1.8687
   11.450195         488   11.450195           1   11.450195    499.2965   11.450195     -0.5114
   11.462402         482   11.462402           0   11.462402    498.1817   11.462402     -0.7371
   11.474610         503   11.474610           0   11.474610    497.0693   11.474610      0.2644
   11.486817         481   11.486817           0   11.486817    495.9594   11.486817     -0.6821
   11.499024         511   11.499024           0   11.499024    494.8520   11.499024      0.7143
   11.511231         472   11.511231           0   11.511231    493.7471   11.511231     -1.0010
   11.523438         491   11.523438           0   11.523438    492.6447   11.523438     -0.0742
   11.535645         534   11.535645           0   11.535645    491.5447   11.535645      1.8372
   11.547852         487   11.547852           0   11.547852    490.4471   11.547852     -0.1562
   11.560059         459   11.560059           0   11.560059    489.3520   11.560059     -1.4167
   11.572266         494   11.572266           0   11.572266    488.2594   11.572266      0.2583
   11.584473         506   11.584473           0   11.584473    487.1692   11.584473      0.8371
   11.596680         497   11.596680           0   11.596680    486.0814   11.596680      0.4898
   11.608887         494   11.608887           0   11.608887    484.9961   11.608887      0.4051
   11.621094         480   11.621094           0   11.621094    483.9132   11.621094     -0.1786
   11.633301         495   11.633301           0   11.633301    482.8327   11.633301      0.5469
   11.645508         484   11.645508           0   11.645508    481.7546   11.645508      0.1021
   11.657715         480   11.657715           0   11.657715    480.6789   11.657715     -0.0310
   11.669922         515   11.669922           0   11.669922    479.6056   11.669922      1.5597
   11.682129         496   11.682129           0   11.682129    478.5347   11.682129      0.7842
   11.694336         468   11.694336           0   11.694336    477.4662   11.694336     -0.4376
   11.706543         490   11.706543           0   11.706543    476.4001   11.706543      0.6144
   11.718750         484   11.718750           0   11.718750    475.3364   11.718750      0.3938
   11.730957         515   11.730957           0   11.730957    474.2751   11.730957      1.7946
   11.743164         488   11.743164           0   11.743164    473.2161   11.743164      0.6692
   11.755371         478   11.755371           0   11.755371    472.1595   11.755371      0.2671
   11.767578         457   11.767578           0   11.767578    471.1052   11.767578     -0.6598
   11.779785         474   11.779785           0   11.779785    470.0533   11.779785      0.1813
   11.791992         492   11.791992           0   11.791992    469.0038   11.791992      1.0368
   11.804199         506   11.804199           0   11.804199    467.9566   11.804199      1.6912
   11.816406         494   11.816406           0   11.816406    466.9117   11.816406      1.2188
   11.828613         482   11.828613           0   11.828613    465.8691   11.828613      0.7347
   11.840820         481   11.840820           0   11.840820    464.8289   11.840820      0.7373
   11.853027         441   11.853027           0   11.853027    463.7938   11.853027     -1.0854
   11.865235         450   11.865235           0   11.865235    462.7761   11.865235     -0.6023
   11.877442         503   11.877442           0   11.877442    461.7428   11.877442      1.8396
   11.889649         419   11.889649           0   11.889649    460.7118   11.889649     -2.0378
   11.901856         461   11.901856           1   11.901856    459.6831   11.901856      0.0613
   11.914063         459   11.914063           0   11.914063    458.6567   11.914063      0.0160
   11.926270         456   11.926270           0   11.926270    457.6326   11.926270     -0.0765
   11.938477         451   11.938477           0   11.938477    456.6107   11.938477     -0.2642
   11.950684         430   11.950684           0   11.950684    455.5912   11.950684     -1.2341
   11.962891         480   11.962891           0   11.962891    454.5739   11.962891      1.1605
   11.975098         451   11.975098           0   11.975098    453.5590   11.975098     -0.1205
   11.987305         440   11.987305           0   11.987305    452.5462   11.987305     -0.5981
   11.999512         459   11.999512           0   11.999512    451.5358   11.999512      0.3484
   12.011719         474   12.011719           0   12.011719    450.5276   12.011719      1.0781
   12.023926         426   12.023926           0   12.023926    449.5216   12.023926     -1.1396
   12.036133         512   12.036133           0   12.036133    448.5207   12.036133      2.8054
   12.048340         431   12.048340           0   12.048340    447.5398   12.048340     -0.7967
   12.060547         466   12.060547           0   12.060547    446.5583   12.060547      0.9006
   12.072754         446   12.072754           0   12.072754    445.5612   12.072754      0.0208
   12.084961         441   12.084961           1   12.084961    444.5664   12.084961     -0.1698
   12.097168         431   12.097168           1   12.097168    443.5737   12.097168     -0.6057
   12.109375         432   12.109375           0   12.109375    442.5833   12.109375     -0.5092
   12.121582         404   12.121582           0   12.121582    441.5951   12.121582     -1.8704
   12.133789         419   12.133789           0   12.133789    440.6091   12.133789     -1.0557
   12.145996         435   12.145996           0   12.145996    439.6252   12.145996     -0.2218
   12.158203         416   12.158203           0   12.158203    438.6436   12.158203     -1.1102
   12.170410         435   12.170410           0   12.170410    437.6642   12.170410     -0.1277
   12.182617         450   12.182617           0   12.182617    436.6870   12.182617      0.6276
   12.194824         443   12.194824           0   12.194824    435.7119   12.194824      0.3463
   12.207031         442   12.207031           0   12.207031    434.7391   12.207031      0.3454
   12.219238         393   12.219238           0   12.219238    433.7684   12.219238     -2.0565
   12.231445         440   12.231445           0   12.231445    432.7998   12.231445      0.3433
   12.243652         421   12.243652           0   12.243652    431.8335   12.243652     -0.5280
   12.255860         449   12.255860           0   12.255860    430.8720   12.255860      0.8555
   12.268067         475   12.268067           0   12.268067    429.9278   12.268067      2.0681
   12.280274         420   12.280274           0   12.280274    428.9678   12.280274     -0.4376
   12.292481         412   12.292481           0   12.292481    428.0100   12.292481     -0.7888
   12.304688         438   12.304688           1   12.304688    427.0571   12.304688      0.5229
   12.316895         470   12.316895           0   12.316895    426.1213   12.316895      2.0240
   12.329102         445   12.329102           0   12.329102    425.1699   12.329102      0.9400
   12.341309         435   12.341309           0   12.341309    424.2206   12.341309      0.5168
   12.353516         431   12.353516           1   12.353516    423.2733   12.353516      0.3722
   12.365723         440   12.365723           0   12.365723    422.3282   12.365723      0.8425
   12.377930         344   12.377930           0   12.377930    421.3852   12.377930     -4.1723
   12.390137         437   12.390137           0   12.390137    420.4444   12.390137      0.7920
   12.402344         424   12.402344           0   12.402344    419.5056   12.402344      0.2183
   12.414551         436   12.414551           0   12.414551    418.5689   12.414551      0.8348
   12.426758         426   12.426758           0   12.426758    417.6343   12.426758      0.4053
   12.438965         432   12.438965           0   12.438965    416.7018   12.438965      0.7360
   12.451172         384   12.451172           0   12.451172    415.7714   12.451172     -1.6213
   12.463379         392   12.463379           0   12.463379    414.8430   12.463379     -1.1537
   12.475586         437   12.475586           0   12.475586    413.9167   12.475586      1.1042
   12.487793         396   12.487793           0   12.487793    412.9925   12.487793     -0.8539
   12.500000         430   12.500000           0   12.500000    412.0704   12.500000      0.8646
   12.512207         413   12.512207           0   12.512207    411.1503   12.512207      0.0910
   12.524414         413   12.524414           0   12.524414    410.2323   12.524414      0.1362
   12.536621         404   12.536621           0   12.536621    409.3163   12.536621     -0.2645
   12.548828         438   12.548828           0   12.548828    408.4023   12.548828      1.4142
   12.561035         422   12.561035           0   12.561035    407.4904   12.561035      0.7063
   12.573242         449   12.573242           0   12.573242    406.5806   12.573242      2.0019
   12.585449         437   12.585449           0   12.585449    405.6728   12.585449      1.4986
   12.597656         411   12.597656           0   12.597656    404.7670   12.597656      0.3075
   12.609863         391   12.609863           0   12.609863    403.8632   12.609863     -0.6505
   12.622070         396   12.622070           0   12.622070    402.9614   12.622070     -0.3498
   12.634277         379   12.634277           0   12.634277    402.0617   12.634277     -1.1846
   12.646485         416   12.646485           0   12.646485    401.1639   12.646485      0.7274
   12.658692         375   12.658692           0   12.658692    400.2682   12.658692     -1.3048
   12.670899         401   12.670899           0   12.670899    399.3745   12.670899      0.0812
   12.683106         399   12.683106           0   12.683106    398.4855   12.683106      0.0258
   12.695313         400   12.695313           0   12.695313    397.6136   12.695313      0.1193
   12.707520         378   12.707520           0   12.707520    396.7257   12.707520     -0.9631
   12.719727         394   12.719727           0   12.719727    395.8399   12.719727     -0.0927
   12.731934         380   12.731934           1   12.731934    394.9561   12.731934     -0.7672
   12.744141         400   12.744141           0   12.744141    394.0742   12.744141      0.2963
   12.756348         412   12.756348           0   12.756348    393.1943   12.756348      0.9265
   12.768555         393   12.768555           0   12.768555    392.3164   12.768555      0.0345
   12.780762         375   12.780762           0   12.780762    391.4404   12.780762     -0.8490
   12.792969         408   12.792969           0   12.792969    390.5664   12.792969      0.8631
   12.805176         415   12.805176           0   12.805176    389.6943   12.805176      1.2422
   12.817383         409   12.817383           0   12.817383    388.8242   12.817383      0.9976
   12.829590         384   12.829590           0   12.829590    387.9560   12.829590     -0.2019
   12.841797         370   12.841797           0   12.841797    387.0897   12.841797     -0.8885
   12.854004         414   12.854004           0   12.854004    386.2282   12.854004      1.3649
   12.866211         384   12.866211           0   12.866211    385.3836   12.866211     -0.0706
   12.878418         390   12.878418           0   12.878418    384.5231   12.878418      0.2773
   12.890625         390   12.890625           0   12.890625    383.6646   12.890625      0.3208
   12.902832         414   12.902832           1   12.902832    382.8079   12.902832      1.5330
   12.915039         375   12.915039           0   12.915039    381.9532   12.915039     -0.3591
   12.927246         366   12.927246           0   12.927246    381.1003   12.927246     -0.7893
   12.939453         398   12.939453           0   12.939453    380.2494   12.939453      0.8898
   12.951660         406   12.951660           0   12.951660    379.4003   12.951660      1.3201
   12.963867         372   12.963867           0   12.963867    378.5532   12.963867     -0.3398
   12.976074         397   12.976074           0   12.976074    377.7080   12.976074      0.9682
   12.988281         403   12.988281           0   12.988281    376.8646   12.988281      1.3019
   13.000488         399   13.000488           0   13.000488    376.0231   13.000488      1.1503
   13.012695         358   13.012695           0   13.012695    375.1835   13.012695     -0.9082
   13.024902         420   13.024902           0   13.024902    374.3458   13.024902      2.2277
   13.037110         379   13.037110           0   13.037110    373.5099   13.037110      0.2820
   13.049317         375   13.049317           0   13.049317    372.6760   13.049317      0.1200
   13.061524         387   13.061524           0   13.061524    371.8438   13.061524      0.7704
   13.073731         389   13.073731           0   13.073731    371.0136   13.073731      0.9119
   13.085938         345   13.085938           0   13.085938    370.1851   13.085938     -1.3559
   13.098145         392   13.098145           0   13.098145    369.3586   13.098145      1.1436
   13.110352         384   13.110352           0   13.110352    368.5339   13.110352      0.7893
   13.122559         348   13.122559           0   13.122559    367.7110   13.122559     -1.0566
   13.134766         378   13.134766           0   13.134766    366.8900   13.134766      0.5714
   13.146973         400   13.146973           0   13.146973    366.0707   13.146973      1.6965
   13.159180         381   13.159180           0   13.159180    365.2534   13.159180      0.8067
   13.171387         382   13.171387           0   13.171387    364.4378   13.171387      0.8986
   13.183594         365   13.183594           0   13.183594    363.6241   13.183594      0.0720
   13.195801         329   13.195801           0   13.195801    362.8122   13.195801     -1.8641
   13.208008         373   13.208008           0   13.208008    362.0021   13.208008      0.5695
   13.220215         378   13.220215           0   13.220215    361.1938   13.220215      0.8644
   13.232422         354   13.232422           0   13.232422    360.3873   13.232422     -0.3395
   13.244629         352   13.244629           0   13.244629    359.5826   13.244629     -0.4042
   13.256836         344   13.256836           0   13.256836    358.7797   13.256836     -0.7969
   13.269043         336   13.269043           0   13.269043    357.9786   13.269043     -1.1990
   13.281250         358   13.281250           0   13.281250    357.1793   13.281250      0.0434
   13.293457         336   13.293457           0   13.293457    356.3818   13.293457     -1.1119
   13.305664         359   13.305664           0   13.305664    355.5860   13.305664      0.1802
   13.317871         348   13.317871           0   13.317871    354.7921   13.317871     -0.3641
   13.330078         381   13.330078           0   13.330078    353.9999   13.330078      1.3833
   13.342285         335   13.342285           0   13.342285    353.2095   13.342285     -0.9949
   13.354492         351   13.354492           0   13.354492    352.4208   13.354492     -0.0758
   13.366699         359   13.366699           0   13.366699    351.6339   13.366699      0.3888
   13.378906         374   13.378906           0   13.378906    350.8488   13.378906      1.1971
   13.391113         334   13.391113           0   13.391113    350.0654   13.391113     -0.8791
   13.403320         380   13.403320           0   13.403320    349.2837   13.403320      1.5757
   13.415528         354   13.415528           0   13.415528    348.5038   13.415528      0.2921
   13.427735         358   13.427735           0   13.427735    347.7257   13.427735      0.5430
   13.439942         350   13.439942           0   13.439942    346.9493   13.439942      0.1631
   13.452149         326   13.452149           0   13.452149    346.1746   13.452149     -1.1174
   13.464356         345   13.464356           0   13.464356    345.4016   13.464356     -0.0216
   13.476563         353   13.476563           0   13.476563    344.6304   13.476563      0.4455
   13.488770         335   13.488770           0   13.488770    343.8609   13.488770     -0.4841
   13.500977         359   13.500977           0   13.500977    343.0931   13.500977      0.8395
   13.513184         327   13.513184           0   13.513184    342.3271   13.513184     -0.8476
   13.525391         356   13.525391           0   13.525391    341.5627   13.525391      0.7652
   13.537598         316   13.537598           0   13.537598    340.8000   13.537598     -1.3951
   13.549805         339   13.549805           0   13.549805    340.0391   13.549805     -0.0564
   13.562012         350   13.562012           0   13.562012    339.2798   13.562012      0.5730
   13.574219         318   13.574219           0   13.574219    338.5223   13.574219     -1.1508
   13.586426         340   13.586426           0   13.586426    337.7664   13.586426      0.1211
   13.598633         362   13.598633           0   13.598633    337.0122   13.598633      1.3133
   13.610840         360   13.610840           0   13.610840    336.2597   13.610840      1.2512
   13.623047         342   13.623047           0   13.623047    335.5089   13.623047      0.3510
   13.635254         356   13.635254           0   13.635254    334.7598   13.635254      1.1257
   13.647461         311   13.647461           0   13.647461    334.0123   13.647461     -1.3049
   13.659668         338   13.659668           0   13.659668    333.2665   13.659668      0.2575
   13.671875         347   13.671875           0   13.671875    332.5224   13.671875      0.7772
   13.684082         329   13.684082           0   13.684082    331.7799   13.684082     -0.1533
   13.696289         303   13.696289           0   13.696289    331.0391   13.696289     -1.6108
   13.708496         368   13.708496           0   13.708496    330.3000   13.708496      1.9652
   13.720703         342   13.720703           0   13.720703    329.5652   13.720703      0.6724
   13.732910         360   13.732910           0   13.732910    328.8472   13.732910      1.6419
   13.745117         357   13.745117           0   13.745117    328.1129   13.745117      1.5289
   13.757324         326   13.757324           0   13.757324    327.3803   13.757324     -0.0764
   13.769531         361   13.769531           1   13.769531    326.6493   13.769531      1.8079
   13.781738         308   13.781738           0   13.781738    325.9200   13.781738     -1.0211
   13.793945         341   13.793945           0   13.793945    325.1922   13.793945      0.8560
   13.806153         323   13.806153           0   13.806153    324.4661   13.806153     -0.0816
   13.818360         318   13.818360           0   13.818360    323.7417   13.818360     -0.3220
   13.830567         318   13.830567           0   13.830567    323.0188   13.830567     -0.2814
   13.842774         314   13.842774           0   13.842774    322.2975   13.842774     -0.4683
   13.854981         327   13.854981           0   13.854981    321.5779   13.854981      0.2998
   13.867188         291   13.867188           0   13.867188    320.8599   13.867188     -1.7504
   13.879395         324   13.879395           0   13.879395    320.1434   13.879395      0.2143
   13.891602         315   13.891602           0   13.891602    319.4286   13.891602     -0.2495
   13.903809         373   13.903809           0   13.903809    318.7154   13.903809      2.8108
   13.916016         324   13.916016           0   13.916016    318.0037   13.916016      0.3331
   13.928223         317   13.928223           0   13.928223    317.2937   13.928223     -0.0165
   13.940430         315   13.940430           0   13.940430    316.5852   13.940430     -0.0893
   13.952637         309   13.952637           0   13.952637    315.8783   13.952637     -0.3913
   13.964844         321   13.964844           0   13.964844    315.1730   13.964844      0.3252
   13.977051         294   13.977051           0   13.977051    314.4693   13.977051     -1.1938
   13.989258         310   13.989258           0   13.989258    313.7671   13.989258     -0.2140
   14.001465         319   14.001465           0   14.001465    313.0666   14.001465      0.3322
   14.013672         272   14.013672           0   14.013672    312.3675   14.013672     -2.4476
   14.025879         302   14.025879           0   14.025879    311.6701   14.025879     -0.5564
   14.038086         304   14.038086           0   14.038086    310.9742   14.038086     -0.4000
   14.050293         317   14.050293           0   14.050293    310.2798   14.050293      0.3774
   14.062500         347   14.062500           0   14.062500    309.5870   14.062500      2.0084
   14.074707         313   14.074707           0   14.074707    308.8957   14.074707      0.2320
   14.086914         313   14.086914           0   14.086914    308.2060   14.086914      0.2710
   14.099121         306   14.099121           0   14.099121    307.5179   14.099121     -0.0868
   14.111328         322   14.111328           0   14.111328    306.8312   14.111328      0.8453
   14.123535         269   14.123535           0   14.123535    306.1461   14.123535     -2.2648
   14.135742         281   14.135742           0   14.135742    305.4625   14.135742     -1.4593
   14.147949         323   14.147949           0   14.147949    304.7805   14.147949      1.0138
   14.160156         325   14.160156           0   14.160156    304.1000   14.160156      1.1593
   14.172363         340   14.172363           0   14.172363    303.4237   14.172363      1.9836
   14.184570         290   14.184570           0   14.184570    302.7640   14.184570     -0.7495
   14.196778         321   14.196778           0   14.196778    302.0880   14.196778      1.0556
   14.208985         272   14.208985           0   14.208985    301.4135   14.208985     -1.7835
   14.221192         300   14.221192           1   14.221192    300.7405   14.221192     -0.0428
   14.233399         301   14.233399           0   14.233399    300.0690   14.233399      0.0537
   14.245606         321   14.245606           0   14.245606    299.3990   14.245606      1.2057
   14.257813         303   14.257813           0   14.257813    298.7305   14.257813      0.2453
   14.270020         309   14.270020           0   14.270020    298.0635   14.270020      0.6222
   14.282227         272   14.282227           0   14.282227    297.3979   14.282227     -1.5400
   14.294434         280   14.294434           0   14.294434    296.7339   14.294434     -1.0000
   14.306641         327   14.306641           0   14.306641    296.0713   14.306641      1.7104
   14.318848         298   14.318848           0   14.318848    295.4103   14.318848      0.1500
   14.331055         282   14.331055           0   14.331055    294.7507   14.331055     -0.7593
   14.343262         268   14.343262           0   14.343262    294.0925   14.343262     -1.5939
   14.355469         310   14.355469           0   14.355469    293.4359   14.355469      0.9408
   14.367676         295   14.367676           0   14.367676    292.7807   14.367676      0.1292
   14.379883         290   14.379883           0   14.379883    292.1269   14.379883     -0.1249
   14.392090         312   14.392090           0   14.392090    291.4747   14.392090      1.1620
   14.404297         293   14.404297           0   14.404297    290.8239   14.404297      0.1271
   14.416504         266   14.416504           0   14.416504    290.1745   14.416504     -1.4822
   14.428711         289   14.428711           0   14.428711    289.5266   14.428711     -0.0310
   14.440918         276   14.440918           0   14.440918    288.8801   14.440918     -0.7753
   14.453125         283   14.453125           0   14.453125    288.2351   14.453125     -0.3112
   14.465332         296   14.465332           0   14.465332    287.5915   14.465332      0.4887
   14.477539         308   14.477539           0   14.477539    286.9494   14.477539      1.1995
   14.489746         299   14.489746           0   14.489746    286.3087   14.489746      0.7340
   14.501953         297   14.501953           0   14.501953    285.6694   14.501953      0.6575
   14.514160         290   14.514160           0   14.514160    285.0315   14.514160      0.2918
   14.526367         285   14.526367           0   14.526367    284.3951   14.526367      0.0358
   14.538574         303   14.538574           0   14.538574    283.7601   14.538574      1.1053
   14.550781         268   14.550781           0   14.550781    283.1265   14.550781     -0.9240
   14.562988         298   14.562988           0   14.562988    282.4971   14.562988      0.8981
   14.575195         283   14.575195           0   14.575195    281.8841   14.575195      0.0663
   14.587403         293   14.587403           0   14.587403    281.2547   14.587403      0.6862
   14.599610         289   14.599610           0   14.599610    280.6267   14.599610      0.4925
   14.611817         305   14.611817           1   14.611817    280.0001   14.611817      1.4315
   14.624024         265   14.624024           0   14.624024    279.3777   14.624024     -0.8832
   14.636231         280   14.636231           0   14.636231    278.7717   14.636231      0.0734
   14.648438         313   14.648438           0   14.648438    278.1493   14.648438      1.9699
   14.660645         281   14.660645           0   14.660645    277.5282   14.660645      0.2071
   14.672852         280   14.672852           1   14.672852    276.9085   14.672852      0.1847
   14.685059         294   14.685059           0   14.685059    276.2902   14.685059      1.0329
   14.697266         327   14.697266           0   14.697266    275.6733   14.697266      2.8384
   14.709473         269   14.709473           0   14.709473    275.0578   14.709473     -0.3694
   14.721680         277   14.721680           0   14.721680    274.4436   14.721680      0.1536
   14.733887         278   14.733887           0   14.733887    273.8309   14.733887      0.2500
   14.746094         289   14.746094           0   14.746094    273.2194   14.746094      0.9283
   14.758301         284   14.758301           0   14.758301    272.6094   14.758301      0.6759
   14.770508         310   14.770508           0   14.770508    272.0007   14.770508      2.1582
   14.782715         271   14.782715           0   14.782715    271.3934   14.782715     -0.0239
   14.794922         287   14.794922           0   14.794922    270.7874   14.794922      0.9570
   14.807129         259   14.807129           0   14.807129    270.1828   14.807129     -0.6949
   14.819336         270   14.819336           0   14.819336    269.5795   14.819336      0.0256
   14.831543         274   14.831543           0   14.831543    268.9776   14.831543      0.3034
   14.843750         268   14.843750           0   14.843750    268.3770   14.843750     -0.0230
   14.855957         285   14.855957           0   14.855957    267.7777   14.855957      1.0202
   14.868164         292   14.868164           0   14.868164    267.1798   14.868164      1.4525
   14.880371         286   14.880371           0   14.880371    266.5833   14.880371      1.1481
   14.892578         265   14.892578           0   14.892578    265.9880   14.892578     -0.0607
   14.904785         251   14.904785           0   14.904785    265.3941   14.904785     -0.9085
   14.916992         264   14.916992           0   14.916992    264.8015   14.916992     -0.0493
   14.929199         256   14.929199           0   14.929199    264.2103   14.929199     -0.5131
   14.941406         287   14.941406           0   14.941406    263.6203   14.941406      1.3801
   14.953613         249   14.953613           0   14.953613    263.0317   14.953613     -0.8892
   14.965820         253   14.965820           0   14.965820    262.4444   14.965820     -0.5938
   14.978028         249   14.978028           0   14.978028    261.8584   14.978028     -0.8149
   14.990235         234   14.990235           0   14.990235    261.2737   14.990235     -1.7829
   15.002442         250   15.002442           0   15.002442    260.6903   15.002442     -0.6761
   15.014649         301   15.014649           0   15.014649    260.1083   15.014649      2.3570
   15.026856         276   15.026856           0   15.026856    259.5275   15.026856      0.9915
   15.039063         268   15.039063           0   15.039063    258.9480   15.039063      0.5529
   15.051270         256   15.051270           0   15.051270    258.3698   15.051270     -0.1481
   15.063477         299   15.063477           0   15.063477    257.7929   15.063477      2.3831
   15.075684         241   15.075684           0   15.075684    257.2173   15.075684     -1.0446
   15.087891         252   15.087891           0   15.087891    256.6430   15.087891     -0.2925
   15.100098         294   15.100098           0   15.100098    256.0699   15.100098      2.2121
   15.112305         244   15.112305           0   15.112305    255.4982   15.112305     -0.7361
   15.124512         241   15.124512           0   15.124512    254.9277   15.124512     -0.8972
   15.136719         264   15.136719           0   15.136719    254.3585   15.136719      0.5934
   15.148926         286   15.148926           0   15.148926    253.7905   15.148926      1.9046
   15.161133         253   15.161133           0   15.161133    253.2239   15.161133     -0.0141
   15.173340         275   15.173340           0   15.173340    252.6585   15.173340      1.3472
   15.185547         248   15.185547           0   15.185547    252.0943   15.185547     -0.2600
   15.197754         265   15.197754           0   15.197754    251.5314   15.197754      0.8274
   15.209961         269   15.209961           0   15.209961    250.9698   15.209961      1.0993
   15.222168         265   15.222168           0   15.222168    250.4094   15.222168      0.8963
   15.234375         255   15.234375           0   15.234375    249.8503   15.234375      0.3225
   15.246582         232   15.246582           0   15.246582    249.2924   15.246582     -1.1353
   15.258789         252   15.258789           0   15.258789    248.7358   15.258789      0.2056
   15.270996         248   15.270996           0   15.270996    248.1804   15.270996     -0.0115
   15.283203         265   15.283203           0   15.283203    247.6263   15.283203      1.0673
   15.295410         246   15.295410           0   15.295410    247.0733   15.295410     -0.0684
   15.307617         255   15.307617           0   15.307617    246.5217   15.307617      0.5309
   15.319824         242   15.319824           0   15.319824    245.9712   15.319824     -0.2553
   15.332031         233   15.332031           0   15.332031    245.4220   15.332031     -0.8138
   15.344238         257   15.344238           0   15.344238    244.8740   15.344238      0.7564
   15.356445         264   15.356445           0   15.356445    244.3273   15.356445      1.2108
   15.368653         228   15.368653           0   15.368653    243.7817   15.368653     -1.0452
   15.380860         219   15.380860           0   15.380860    243.2374   15.380860     -1.6378
   15.393067         227   15.393067           0   15.393067    242.6943   15.393067     -1.0417
   15.405274         232   15.405274           0   15.405274    242.1524   15.405274     -0.6665
   15.417481         232   15.417481           0   15.417481    241.6117   15.417481     -0.6310
   15.429688         248   15.429688           0   15.429688    241.0722   15.429688      0.4399
   15.441895         241   15.441895           0   15.441895    240.5339   15.441895      0.0300
   15.454102         263   15.454102           0   15.454102    239.9969   15.454102      1.4184
   15.466309         245   15.466309           0   15.466309    239.4610   15.466309      0.3539
   15.478516         234   15.478516           0   15.478516    238.9263   15.478516     -0.3220
   15.490723         241   15.490723           0   15.490723    238.3928   15.490723      0.1679
   15.502930         225   15.502930           0   15.502930    237.8605   15.502930     -0.8574
   15.515137         257   15.515137           0   15.515137    237.3294   15.515137      1.2270
   15.527344         250   15.527344           0   15.527344    236.7995   15.527344      0.8349
   15.539551         239   15.539551           0   15.539551    236.2708   15.539551      0.1765
   15.551758         267   15.551758           0   15.551758    235.7432   15.551758      1.9129
   15.563965         241   15.563965           0   15.563965    235.2169   15.563965      0.3725
   15.576172         221   15.576172           0   15.576172    234.6917   15.576172     -0.9210
   15.588379         259   15.588379           0   15.588379    234.1676   15.588379      1.5430
   15.600586         234   15.600586           0   15.600586    233.6448   15.600586      0.0232
   15.612793         227   15.612793           0   15.612793    233.1231   15.612793     -0.4064
   15.625000         229   15.625000           0   15.625000    232.6053   15.625000     -0.2382
   15.637207         242   15.637207           0   15.637207    232.1038   15.637207      0.6362
   15.649414         265   15.649414           0   15.649414    231.5855   15.649414      2.0526
   15.661621         223   15.661621           0   15.661621    231.0684   15.661621     -0.5403
   15.673828         237   15.673828           1   15.673828    230.5525   15.673828      0.4188
   15.686035         239   15.686035           0   15.686035    230.0377   15.686035      0.5797
   15.698242         263   15.698242           0   15.698242    229.5241   15.698242      2.0642
   15.710449         228   15.710449           0   15.710449    229.0116   15.710449     -0.0670
   15.722656         238   15.722656           0   15.722656    228.5002   15.722656      0.6158
   15.734863         233   15.734863           0   15.734863    227.9928   15.734863      0.3280
   15.747070         224   15.747070           0   15.747070    227.5015   15.747070     -0.2340
   15.759278         216   15.759278           0   15.759278    226.9936   15.759278     -0.7480
   15.771485         214   15.771485           0   15.771485    226.4867   15.771485     -0.8536
   15.783692         227   15.783692           1   15.783692    225.9810   15.783692      0.0676
   15.795899         230   15.795899           0   15.795899    225.4764   15.795899      0.2983
   15.808106         225   15.808106           0   15.808106    224.9730   15.808106      0.0018
   15.820313         246   15.820313           0   15.820313    224.4707   15.820313      1.3727
   15.832520         214   15.832520           0   15.832520    223.9695   15.832520     -0.6815
   15.844727         244   15.844727           0   15.844727    223.4694   15.844727      1.3143
   15.856934         248   15.856934           0   15.856934    222.9704   15.856934      1.5894
   15.869141         230   15.869141           0   15.869141    222.4725   15.869141      0.4963
   15.881348         235   15.881348           0   15.881348    221.9786   15.881348      0.8494
   15.893555         238   15.893555           0   15.893555    221.5007   15.893555      1.0695
   15.905762         226   15.905762           0   15.905762    221.0062   15.905762      0.3322
   15.917969         226   15.917969           0   15.917969    220.5127   15.917969      0.3650
   15.930176         217   15.930176           1   15.930176    220.0203   15.930176     -0.2050
   15.942383         230   15.942383           0   15.942383    219.5291   15.942383      0.6904
   15.954590         181   15.954590           0   15.954590    219.0389   15.954590     -2.8274
   15.966797         233   15.966797           0   15.966797    218.5498   15.966797      0.9467
   15.979004         216   15.979004           0   15.979004    218.0618   15.979004     -0.1403
   15.991211         199   15.991211           0   15.991211    217.5749   15.991211     -1.3167
   16.003418         219   16.003418           0   16.003418    217.0891   16.003418      0.1291
   16.015625         205   16.015625           0   16.015625    216.6044   16.015625     -0.8105
   16.027832         219   16.027832           0   16.027832    216.1207   16.027832      0.1946
   16.040039         250   16.040039           0   16.040039    215.6382   16.040039      2.1732
   16.052246         207   16.052246           0   16.052246    215.1567   16.052246     -0.5669
   16.064453         226   16.064453           0   16.064453    214.6763   16.064453      0.7532
   16.076660         231   16.076660           0   16.076660    214.1970   16.076660      1.1056
   16.088867         219   16.088867           0   16.088867    213.7187   16.088867      0.3569
   16.101074         237   16.101074           0   16.101074    213.2415   16.101074      1.5433
   16.113281         227   16.113281           0   16.113281    212.7654   16.113281      0.9448
   16.125488         205   16.125488           0   16.125488    212.2903   16.125488     -0.5092
   16.137696         218   16.137696           0   16.137696    211.8163   16.137696      0.4188
   16.149903         226   16.149903           0   16.149903    211.3433   16.149903      0.9749
   16.162110         207   16.162110           0   16.162110    210.8714   16.162110     -0.2691
   16.174317         218   16.174317           0   16.174317    210.4006   16.174317      0.5147
   16.186524         203   16.186524           0   16.186524    209.9308   16.186524     -0.4864
   16.198731         189   16.198731           0   16.198731    209.4621   16.198731     -1.4884
   16.210938         199   16.210938           0   16.210938    208.9944   16.210938     -0.7085
   16.223145         212   16.223145           0   16.223145    208.5277   16.223145      0.2385
   16.235352         230   16.235352           0   16.235352    208.0649   16.235352      1.4464
   16.247559         213   16.247559           0   16.247559    207.6181   16.247559      0.3688
   16.259766         215   16.259766           0   16.259766    207.1545   16.259766      0.5351
   16.271973         203   16.271973           0   16.271973    206.6920   16.271973     -0.2591
   16.284180         222   16.284180           1   16.284180    206.2305   16.284180      1.0584
   16.296387         217   16.296387           0   16.296387    205.7700   16.296387      0.7623
   16.308594         196   16.308594           0   16.308594    205.3106   16.308594     -0.6650
   16.320801         163   16.320801           0   16.320801    204.8521   16.320801     -3.2781
   16.333008         217   16.333008           0   16.333008    204.3947   16.333008      0.8557
   16.345215         186   16.345215           0   16.345215    203.9383   16.345215     -1.3153
   16.357422         223   16.357422           0   16.357422    203.4830   16.357422      1.3070
   16.369629         199   16.369629           0   16.369629    203.0286   16.369629     -0.2856
   16.381836         208   16.381836           0   16.381836    202.5753   16.381836      0.3761
   16.394043         198   16.394043           0   16.394043    202.1230   16.394043     -0.2930
   16.406250         190   16.406250           0   16.406250    201.6717   16.406250     -0.8468
   16.418457         195   16.418457           0   16.418457    201.2214   16.418457     -0.4455
   16.430664         189   16.430664           0   16.430664    200.7721   16.430664     -0.8563
   16.442871         233   16.442871           0   16.442871    200.3238   16.442871      2.1407
   16.455078         204   16.455078           0   16.455078    199.8765   16.455078      0.2887
   16.467285         205   16.467285           0   16.467285    199.4302   16.467285      0.3890
   16.479492         199   16.479492           0   16.479492    198.9849   16.479492      0.0011
   16.491699         199   16.491699           0   16.491699    198.5406   16.491699      0.0326
   16.503906         194   16.503906           0   16.503906    198.0973   16.503906     -0.2942
   16.516113         203   16.516113           0   16.516113    197.6550   16.516113      0.3751
   16.528321         188   16.528321           0   16.528321    197.2137   16.528321     -0.6720
   16.540528         176   16.540528           0   16.540528    196.7733   16.540528     -1.5658
   16.552735         215   16.552735           0   16.552735    196.3340   16.552735      1.2730
   16.564942         191   16.564942           0   16.564942    195.8956   16.564942     -0.3542
   16.577149         183   16.577149           0   16.577149    195.4582   16.577149     -0.9209
   16.589356         185   16.589356           0   16.589356    195.0217   16.589356     -0.7368
   16.601563         228   16.601563           0   16.601563    194.5863   16.601563      2.2129
   16.613770         190   16.613770           0   16.613770    194.1518   16.613770     -0.3012
   16.625977         209   16.625977           0   16.625977    193.7183   16.625977      1.0571
   16.638184         199   16.638184           0   16.638184    193.2858   16.638184      0.4051
   16.650391         208   16.650391           0   16.650391    192.8542   16.650391      1.0502
   16.662598         200   16.662598           0   16.662598    192.4236   16.662598      0.5357
   16.674805         210   16.674805           0   16.674805    191.9939   16.674805      1.2425
   16.687012         178   16.687012           0   16.687012    191.5652   16.687012     -1.0168
   16.699219         196   16.699219           0   16.699219    191.1375   16.699219      0.3473
   16.711426         233   16.711426           0   16.711426    190.7107   16.711426      2.7705
   16.723633         193   16.723633           0   16.723633    190.2849   16.723633      0.1954
   16.735840         179   16.735840           0   16.735840    189.8600   16.735840     -0.8117
   16.748047         184   16.748047           0   16.748047    189.4361   16.748047     -0.4008
   16.760254         170   16.760254           0   16.760254    189.0131   16.760254     -1.4582
   16.772461         212   16.772461           0   16.772461    188.5911   16.772461      1.6077
   16.784668         191   16.784668           0   16.784668    188.1728   16.784668      0.2046
   16.796875         201   16.796875           0   16.796875    187.7704   16.796875      0.9331
   16.809082         182   16.809082           0   16.809082    187.3511   16.809082     -0.3967
   16.821289         182   16.821289           0   16.821289    186.9328   16.821289     -0.3656
   16.833496         207   16.833496           1   16.833496    186.5154   16.833496      1.4238
   16.845703         202   16.845703           0   16.845703    186.0990   16.845703      1.1188
   16.857910         190   16.857910           0   16.857910    185.6834   16.857910      0.3132
   16.870117         205   16.870117           0   16.870117    185.2688   16.870117      1.3781
   16.882324         173   16.882324           0   16.882324    184.8552   16.882324     -0.9013
   16.894531         198   16.894531           0   16.894531    184.4424   16.894531      0.9635
   16.906738         196   16.906738           0   16.906738    184.0306   16.906738      0.8550
   16.918946         174   16.918946           0   16.918946    183.6197   16.918946     -0.7293
   16.931153         164   16.931153           0   16.931153    183.2097   16.931153     -1.5000
   16.943360         204   16.943360           0   16.943360    182.8006   16.943360      1.4843
   16.955567         203   16.955567           0   16.955567    182.3924   16.955567      1.4464
   16.967774         178   16.967774           0   16.967774    181.9852   16.967774     -0.2987
   16.979981         191   16.979981           0   16.979981    181.5788   16.979981      0.6817
   16.992188         180   16.992188           0   16.992188    181.1734   16.992188     -0.0875
   17.004395         198   17.004395           0   17.004395    180.7689   17.004395      1.2246
   17.016602         188   17.016602           0   17.016602    180.3653   17.016602      0.5568
   17.028809         161   17.028809           0   17.028809    179.9625   17.028809     -1.4945
   17.041016         169   17.041016           0   17.041016    179.5607   17.041016     -0.8124
   17.053223         190   17.053223           0   17.053223    179.1598   17.053223      0.7864
   17.065430         179   17.065430           0   17.065430    178.7597   17.065430      0.0180
   17.077637         177   17.077637           0   17.077637    178.3606   17.077637     -0.1023
   17.089844         173   17.089844           0   17.089844    177.9623   17.089844     -0.3773
   17.102051         184   17.102051           0   17.102051    177.5650   17.102051      0.4744
   17.114258         186   17.114258           0   17.114258    177.1685   17.114258      0.6476
   17.126465         156   17.126465           0   17.126465    176.7729   17.126465     -1.6632
   17.138672         168   17.138672           0   17.138672    176.3782   17.138672     -0.6464
   17.150879         186   17.150879           0   17.150879    175.9844   17.150879      0.7344
   17.163086         179   17.163086           0   17.163086    175.5914   17.163086      0.2548
   17.175293         174   17.175293           0   17.175293    175.2022   17.175293     -0.0911
   17.187500         194   17.187500           0   17.187500    174.8288   17.187500      1.3764
   17.199707         185   17.199707           0   17.199707    174.4384   17.199707      0.7765
   17.211914         166   17.211914           0   17.211914    174.0489   17.211914     -0.6247
   17.224121         191   17.224121           1   17.224121    173.6603   17.224121      1.2547
   17.236328         152   17.236328           0   17.236328    173.2725   17.236328     -1.7254
   17.248535         174   17.248535           0   17.248535    172.8856   17.248535      0.0845
   17.260742         167   17.260742           0   17.260742    172.4996   17.260742     -0.4256
   17.272949         194   17.272949           0   17.272949    172.1145   17.272949      1.5713
   17.285156         185   17.285156           0   17.285156    171.7329   17.285156      0.9754
   17.297363         209   17.297363           0   17.297363    171.3673   17.297363      2.6031
   17.309571         162   17.309571           0   17.309571    170.9847   17.309571     -0.7059
   17.321778         155   17.321778           0   17.321778    170.6029   17.321778     -1.2533
   17.333985         168   17.333985           1   17.333985    170.2219   17.333985     -0.1714
   17.346192         161   17.346192           0   17.346192    169.8419   17.346192     -0.6968
   17.358399         168   17.358399           0   17.358399    169.4626   17.358399     -0.1128
   17.370606         177   17.370606           0   17.370606    169.0843   17.370606      0.5950
   17.382813         173   17.382813           0   17.382813    168.7067   17.382813      0.3264
   17.395020         160   17.395020           0   17.395020    168.3300   17.395020     -0.6585
   17.407227         194   17.407227           0   17.407227    167.9569   17.407227      1.8698
   17.419434         172   17.419434           0   17.419434    167.5997   17.419434      0.3355
   17.431641         161   17.431641           0   17.431641    167.2255   17.431641     -0.4906
   17.443848         152   17.443848           0   17.443848    166.8521   17.443848     -1.2047
   17.456055         180   17.456055           1   17.456055    166.4796   17.456055      1.0078
   17.468262         170   17.468262           0   17.468262    166.1078   17.468262      0.2985
   17.480469         158   17.480469           0   17.480469    165.7370   17.480469     -0.6155
   17.492676         166   17.492676           0   17.492676    165.3669   17.492676      0.0491
   17.504883         181   17.504883           0   17.504883    164.9977   17.504883      1.1894
   17.517090         168   17.517090           0   17.517090    164.6292   17.517090      0.2601
   17.529297         166   17.529297           0   17.529297    164.2644   17.529297      0.1347
   17.541504         178   17.541504           0   17.541504    163.9155   17.541504      1.0557
   17.553711         173   17.553711           0   17.553711    163.5495   17.553711      0.7185
   17.565918         152   17.565918           0   17.565918    163.1843   17.565918     -0.9072
   17.578125         162   17.578125           1   17.578125    162.8199   17.578125     -0.0644
   17.590332         161   17.590332           0   17.590332    162.4564   17.590332     -0.1148
   17.602539         172   17.602539           0   17.602539    162.0936   17.602539      0.7554
   17.614746         204   17.614746           0   17.614746    161.7317   17.614746      2.9594
   17.626953         172   17.626953           0   17.626953    161.3706   17.626953      0.8105
   17.639160         169   17.639160           0   17.639160    161.0103   17.639160      0.6146
   17.651367         169   17.651367           0   17.651367    160.6508   17.651367      0.6422
   17.663574         178   17.663574           0   17.663574    160.2921   17.663574      1.3273
   17.675781         162   17.675781           0   17.675781    159.9341   17.675781      0.1623
   17.687988         166   17.687988           0   17.687988    159.5770   17.687988      0.4985
   17.700196         157   17.700196           0   17.700196    159.2207   17.700196     -0.1772
   17.712403         150   17.712403           0   17.712403    158.8652   17.712403     -0.7238
   17.724610         170   17.724610           0   17.724610    158.5105   17.724610      0.8812
   17.736817         154   17.736817           0   17.736817    158.1566   17.736817     -0.3349
   17.749024         163   17.749024           0   17.749024    157.8034   17.749024      0.4070
   17.761231         152   17.761231           0   17.761231    157.4511   17.761231     -0.4421
   17.773438         147   17.773438           0   17.773438    157.0995   17.773438     -0.8330
   17.785645         191   17.785645           0   17.785645    156.7487   17.785645      2.4783
   17.797852         168   17.797852           0   17.797852    156.3987   17.797852      0.8951
   17.810059         161   17.810059           0   17.810059    156.0495   17.810059      0.3902
   17.822266         142   17.822266           0   17.822266    155.7011   17.822266     -1.1498
   17.834473         143   17.834473           0   17.834473    155.3534   17.834473     -1.0330
   17.846680         155   17.846680           0   17.846680    155.0066   17.846680     -0.0005
   17.858887         147   17.858887           0   17.858887    154.6605   17.858887     -0.6318
   17.871094         148   17.871094           0   17.871094    154.3151   17.871094     -0.5191
   17.883301         140   17.883301           0   17.883301    153.9706   17.883301     -1.1807
   17.895508         147   17.895508           0   17.895508    153.6268   17.895508     -0.5466
   17.907715         155   17.907715           0   17.907715    153.2838   17.907715      0.1379
   17.919922         174   17.919922           0   17.919922    152.9415   17.919922      1.5964
   17.932129         153   17.932129           0   17.932129    152.6000   17.932129      0.0323
   17.944336         164   17.944336           0   17.944336    152.2593   17.944336      0.9168
   17.956543         147   17.956543           0   17.956543    151.9193   17.956543     -0.4057
   17.968750         170   17.968750           0   17.968750    151.5829   17.968750      1.4125
   17.980957         159   17.980957           0   17.980957    151.2622   17.980957      0.6136
   17.993164         156   17.993164           0   17.993164    150.9245   17.993164      0.4064
   18.005371         148   18.005371           0   18.005371    150.5875   18.005371     -0.2127
   18.017578         150   18.017578           1   18.017578    150.2512   18.017578     -0.0205
   18.029785         162   18.029785           0   18.029785    149.9158   18.029785      0.9494
   18.041992         160   18.041992           0   18.041992    149.5810   18.041992      0.8237
   18.054199         155   18.054199           0   18.054199    149.2470   18.054199      0.4621
   18.066406         148   18.066406           0   18.066406    148.9138   18.066406     -0.0751
   18.078613         139   18.078613           0   18.078613    148.5813   18.078613     -0.8127
   18.090821         147   18.090821           0   18.090821    148.2495   18.090821     -0.1031
   18.103028         176   18.103028           0   18.103028    147.9185   18.103028      2.1167
   18.115235         153   18.115235           0   18.115235    147.5910   18.115235      0.4373
   18.127442         149   18.127442           0   18.127442    147.2793   18.127442      0.1410
   18.139649         145   18.139649           0   18.139649    146.9504   18.139649     -0.1620
   18.151856         150   18.151856           0   18.151856    146.6223   18.151856      0.2758
   18.164063         145   18.164063           1   18.164063    146.2977   18.164063     -0.1078
   18.176270         145   18.176270           0   18.176270    145.9916   18.176270     -0.0824
   18.188477         146   18.188477           0   18.188477    145.6835   18.188477      0.0262
   18.200684         148   18.200684           0   18.200684    145.3582   18.200684      0.2172
   18.212891         156   18.212891           1   18.212891    145.0336   18.212891      0.8780
   18.225098         144   18.225098           1   18.225098    144.7098   18.225098     -0.0591
   18.237305         138   18.237305           0   18.237305    144.3867   18.237305     -0.5437
   18.249512         133   18.249512           0   18.249512    144.0643   18.249512     -0.9594
   18.261719         133   18.261719           0   18.261719    143.7426   18.261719     -0.9315
   18.273926         135   18.273926           0   18.273926    143.4217   18.273926     -0.7248
   18.286133         150   18.286133           0   18.286133    143.1014   18.286133      0.5633
   18.298340         153   18.298340           0   18.298340    142.7819   18.298340      0.8261
   18.310547         129   18.310547           0   18.310547    142.4631   18.310547     -1.1854
   18.322754         133   18.322754           0   18.322754    142.1450   18.322754     -0.7930
   18.334961         121   18.334961           0   18.334961    141.8276   18.334961     -1.8934
   18.347168         154   18.347168           0   18.347168    141.5109   18.347168      1.0064
   18.359375         120   18.359375           0   18.359375    141.1950   18.359375     -1.9348
   18.371582         131   18.371582           0   18.371582    140.8797   18.371582     -0.8632
   18.383789         128   18.383789           0   18.383789    140.5651   18.383789     -1.1106
   18.395996         137   18.395996           0   18.395996    140.2513   18.395996     -0.2778
   18.408203         151   18.408203           0   18.408203    139.9381   18.408203      0.9002
   18.420410         140   18.420410           0   18.420410    139.6256   18.420410      0.0316
   18.432617         177   18.432617           0   18.432617    139.3139   18.432617      2.8327
   18.444824         144   18.444824           0   18.444824    139.0028   18.444824      0.4164
   18.457031         153   18.457031           0   18.457031    138.6980   18.457031      1.1562
   18.469238         132   18.469238           0   18.469238    138.4239   18.469238     -0.5591
   18.481446         143   18.481446           0   18.481446    138.1149   18.481446      0.4085
   18.493653         146   18.493653           0   18.493653    137.8065   18.493653      0.6781
   18.505860         159   18.505860           2   18.505860    137.4988   18.505860      1.7052
   18.518067         128   18.518067           0   18.518067    137.1918   18.518067     -0.8124
   18.530274         117   18.530274           0   18.530274    136.8854   18.530274     -1.8384
   18.542481         140   18.542481           0   18.542481    136.5798   18.542481      0.2891
   18.554688         140   18.554688           0   18.554688    136.2748   18.554688      0.3148
   18.566895         137   18.566895           0   18.566895    135.9705   18.566895      0.0880
   18.579102         138   18.579102           0   18.579102    135.6669   18.579102      0.1986
   18.591309         142   18.591309           0   18.591309    135.3640   18.591309      0.5569
   18.603516         132   18.603516           0   18.603516    135.0618   18.603516     -0.2665
   18.615723         126   18.615723           0   18.615723    134.7602   18.615723     -0.7804
   18.627930         124   18.627930           0   18.627930    134.4593   18.627930     -0.9393
   18.640137         131   18.640137           0   18.640137    134.1591   18.640137     -0.2760
   18.652344         148   18.652344           0   18.652344    133.8595   18.652344      1.1623
   18.664551         142   18.664551           0   18.664551    133.5606   18.664551      0.7082
   18.676758         129   18.676758           0   18.676758    133.2624   18.676758     -0.3753
   18.688965         147   18.688965           0   18.688965    132.9649   18.688965      1.1576
   18.701172         139   18.701172           0   18.701172    132.6680   18.701172      0.5371
   18.713379         112   18.713379           0   18.713379    132.3718   18.713379     -1.9249
   18.725586         133   18.725586           0   18.725586    132.0762   18.725586      0.0801
   18.737793         157   18.737793           0   18.737793    131.7813   18.737793      2.0127
   18.750000         162   18.750000           0   18.750000    131.4870   18.750000      2.3973
   18.762207         144   18.762207           0   18.762207    131.1935   18.762207      1.0672
   18.774414         139   18.774414           0   18.774414    130.9005   18.774414      0.6870
   18.786621         122   18.786621           0   18.786621    130.6082   18.786621     -0.7794
   18.798828         100   18.798828           0   18.798828    130.3166   18.798828     -3.0317
   18.811035         130   18.811035           0   18.811035    130.0256   18.811035     -0.0022
   18.823242         142   18.823242           0   18.823242    129.7353   18.823242      1.0292
   18.835449         136   18.835449           0   18.835449    129.4456   18.835449      0.5620
   18.847656         130   18.847656           0   18.847656    129.1594   18.847656      0.0737
   18.859864         138   18.859864           0   18.859864    128.8888   18.859864      0.7756
   18.872071         138   18.872071           0   18.872071    128.6010   18.872071      0.8001
   18.884278         137   18.884278           0   18.884278    128.3139   18.884278      0.7421
   18.896485         145   18.896485           1   18.896485    128.0274   18.896485      1.4095
   18.908692         133   18.908692           0   18.908692    127.7415   18.908692      0.4560
   18.920899         147   18.920899           0   18.920899    127.4563   18.920899      1.6119
   18.933106         130   18.933106           0   18.933106    127.1717   18.933106      0.2481
   18.945313         144   18.945313           0   18.945313    126.8877   18.945313      1.4260
   18.957520         140   18.957520           0   18.957520    126.6044   18.957520      1.1321
   18.969727         159   18.969727           0   18.969727    126.3217   18.969727      2.5916
   18.981934         138   18.981934           0   18.981934    126.0397   18.981934      1.0181
   18.994141         137   18.994141           0   18.994141    125.7582   18.994141      0.9604
   19.006348         143   19.006348           0   19.006348    125.4774   19.006348      1.4653
   19.018555         108   19.018555           0   19.018555    125.1973   19.018555     -1.6548
   19.030762         119   19.030762           0   19.030762    124.9177   19.030762     -0.5425
   19.042969         122   19.042969           0   19.042969    124.6388   19.042969     -0.2389
   19.055176         131   19.055176           0   19.055176    124.3633   19.055176      0.5799
   19.067383         127   19.067383           0   19.067383    124.1034   19.067383      0.2570
   19.079590         126   19.079590           0   19.079590    123.8263   19.079590      0.1936
   19.091797         115   19.091797           0   19.091797    123.5498   19.091797     -0.7973
   19.104004         132   19.104004           1   19.104004    123.2740   19.104004      0.7595
   19.116211         137   19.116211           0   19.116211    122.9987   19.116211      1.1962
   19.128418         138   19.128418           0   19.128418    122.7241   19.128418      1.3004
   19.140625         125   19.140625           0   19.140625    122.4500   19.140625      0.2281
   19.152832         134   19.152832           0   19.152832    122.1766   19.152832      1.0214
   19.165039         116   19.165039           0   19.165039    121.9038   19.165039     -0.5482
   19.177246         112   19.177246           0   19.177246    121.6316   19.177246     -0.9101
   19.189453         119   19.189453           0   19.189453    121.3601   19.189453     -0.2163
   19.201660         127   19.201660           0   19.201660    121.0919   19.201660      0.5243
   19.213867         114   19.213867           0   19.213867    120.8393   19.213867     -0.6406
   19.226074         130   19.226074           0   19.226074    120.5695   19.226074      0.8271
   19.238281         136   19.238281           0   19.238281    120.3030   19.238281      1.3460
   19.250489         121   19.250489           1   19.250489    120.0522   19.250489      0.0862
   19.262696         134   19.262696           0   19.262696    119.7842   19.262696      1.2281
   19.274903         130   19.274903           0   19.274903    119.5167   19.274903      0.9194
   19.287110         110   19.287110           1   19.287110    119.2499   19.287110     -0.8819
   19.299317         109   19.299317           0   19.299317    118.9836   19.299317     -0.9563
   19.311524         115   19.311524           0   19.311524    118.7179   19.311524     -0.3467
   19.323731         127   19.323731           0   19.323731    118.4528   19.323731      0.7584
   19.335938         116   19.335938           0   19.335938    118.1884   19.335938     -0.2032
   19.348145         124   19.348145           0   19.348145    117.9245   19.348145      0.5456
   19.360352         121   19.360352           0   19.360352    117.6612   19.360352      0.3035
   19.372559         132   19.372559           0   19.372559    117.3984   19.372559      1.2709
   19.384766         123   19.384766           0   19.384766    117.1363   19.384766      0.5287
   19.396973         121   19.396973           0   19.396973    116.8748   19.396973      0.3750
   19.409180         113   19.409180           0   19.409180    116.6138   19.409180     -0.3400
   19.421387         135   19.421387           0   19.421387    116.3534   19.421387      1.6048
   19.433594         134   19.433594           0   19.433594    116.0936   19.433594      1.5469
   19.445801         102   19.445801           0   19.445801    115.8344   19.445801     -1.3698
   19.458008         121   19.458008           0   19.458008    115.5758   19.458008      0.4931
   19.470215         117   19.470215           0   19.470215    115.3177   19.470215      0.1555
   19.482422         114   19.482422           0   19.482422    115.0602   19.482422     -0.0993
   19.494629         117   19.494629           0   19.494629    114.8033   19.494629      0.2031
   19.506836         124   19.506836           0   19.506836    114.5497   19.506836      0.8487
   19.519043         117   19.519043           0   19.519043    114.3118   19.519043      0.2485
   19.531250         130   19.531250           0   19.531250    114.0565   19.531250      1.3983
   19.543457         113   19.543457           0   19.543457    113.8019   19.543457     -0.0754
   19.555664         123   19.555664           1   19.555664    113.5478   19.555664      0.8523
   19.567871         112   19.567871           0   19.567871    113.2942   19.567871     -0.1223
   19.580078         121   19.580078           0   19.580078    113.0440   19.580078      0.7233
   19.592285         128   19.592285           0   19.592285    112.8095   19.592285      1.3427
   19.604492         152   19.604492           0   19.604492    112.5576   19.604492      3.1992
   19.616699         114   19.616699           0   19.616699    112.3062   19.616699      0.1586
   19.628906         116   19.628906           1   19.628906    112.0555   19.628906      0.3662
   19.641114         111   19.641114           0   19.641114    111.8053   19.641114     -0.0764
   19.653321         130   19.653321           0   19.653321    111.5556   19.653321      1.6177
   19.665528         113   19.665528           0   19.665528    111.3066   19.665528      0.1593
   19.677735         112   19.677735           0   19.677735    111.0580   19.677735      0.0890
   19.689942         126   19.689942           0   19.689942    110.8100   19.689942      1.3532
   19.702149         144   19.702149           0   19.702149    110.5626   19.702149      2.7864
   19.714356         122   19.714356           0   19.714356    110.3185   19.714356      1.0576
   19.726563         108   19.726563           0   19.726563    110.0900   19.726563     -0.2011
   19.738770         127   19.738770           0   19.738770    109.8442   19.738770      1.5223
   19.750977         107   19.750977           0   19.750977    109.5989   19.750977     -0.2512
   19.763184         100   19.763184           1   19.763184    109.3542   19.763184     -0.9354
   19.775391         126   19.775391           0   19.775391    109.1101   19.775391      1.5047
   19.787598          95   19.787598           0   19.787598    108.8664   19.787598     -1.4227
   19.799805         124   19.799805           0   19.799805    108.6234   19.799805      1.3809
   19.812012         115   19.812012           0   19.812012    108.3808   19.812012      0.6172
   19.824219         125   19.824219           0   19.824219    108.1388   19.824219      1.5081
   19.836426         118   19.836426           0   19.836426    107.8974   19.836426      0.9300
   19.848633         123   19.848633           0   19.848633    107.6564   19.848633      1.3835
   19.860840         110   19.860840           0   19.860840    107.4161   19.860840      0.2464
   19.873047          96   19.873047           0   19.873047    107.1762   19.873047     -1.1407
   19.885254         120   19.885254           0   19.885254    106.9369   19.885254      1.1925
   19.897461         121   19.897461           0   19.897461    106.6981   19.897461      1.3002
   19.909668         103   19.909668           0   19.909668    106.4599   19.909668     -0.3409
   19.921875         113   19.921875           0   19.921875    106.2222   19.921875      0.6376
   19.934082         104   19.934082           0   19.934082    105.9850   19.934082     -0.1946
   19.946289         121   19.946289           0   19.946289    105.7484   19.946289      1.3865
   19.958496         109   19.958496           0   19.958496    105.5123   19.958496      0.3341
   19.970703         118   19.970703           0   19.970703    105.2767   19.970703      1.1713
   19.982910          91   19.982910           0   19.982910    105.0416   19.982910     -1.4720
   19.995117         121   19.995117           0   19.995117    104.8071   19.995117      1.4721
   20.007324          88   20.007324           0   20.007324    104.5730   20.007324     -1.7667
   20.019531         108   20.019531           0   20.019531    104.3395   20.019531      0.3522
   20.031739         116   20.031739           0   20.031739    104.1066   20.031739      1.1043
   20.043946         110   20.043946           0   20.043946    103.8741   20.043946      0.5841
   20.056153          97   20.056153           0   20.056153    103.6422   20.056153     -0.6744
   20.068360          98   20.068360           0   20.068360    103.4108   20.068360     -0.5466
   20.080567         100   20.080567           0   20.080567    103.1799   20.080567     -0.3180
   20.092774         101   20.092774           0   20.092774    102.9495   20.092774     -0.1940
   20.104981         106   20.104981           0   20.104981    102.7196   20.104981      0.3186
   20.117188          99   20.117188           0   20.117188    102.4903   20.117188     -0.3508
   20.129395         106   20.129395           0   20.129395    102.2614   20.129395      0.3631
   20.141602         104   20.141602           0   20.141602    102.0331   20.141602      0.1929
   20.153809         103   20.153809           0   20.153809    101.8053   20.153809      0.1177
   20.166016         101   20.166016           0   20.166016    101.5779   20.166016     -0.0575
   20.178223         104   20.178223           0   20.178223    101.3511   20.178223      0.2597
   20.190430         102   20.190430           0   20.190430    101.1248   20.190430      0.0867
   20.202637         101   20.202637           0   20.202637    100.8990   20.202637      0.0100
   20.214844          97   20.214844           0   20.214844    100.6737   20.214844     -0.3730
   20.227051          88   20.227051           0   20.227051    100.4490   20.227051     -1.3271
   20.239258         107   20.239258           0   20.239258    100.2247   20.239258      0.6550
   20.251465         121   20.251465           0   20.251465    100.0009   20.251465      1.9090
   20.263672         110   20.263672           0   20.263672     99.7776   20.263672      0.9747
   20.275879         100   20.275879           0   20.275879     99.5548   20.275879      0.0445
   20.288086         101   20.288086           0   20.288086     99.3325   20.288086      0.1659
   20.300293         112   20.300293           0   20.300293     99.1107   20.300293      1.2179
   20.312500         116   20.312500           0   20.312500     98.8894   20.312500      1.5887
   20.324707          86   20.324707           0   20.324707     98.6686   20.324707     -1.3661
   20.336914         103   20.336914           0   20.336914     98.4483   20.336914      0.4485
   20.349121         105   20.349121           0   20.349121     98.2285   20.349121      0.6608
   20.361328         121   20.361328           0   20.361328     98.0092   20.361328      2.0901
   20.373535          96   20.373535           0   20.373535     97.7903   20.373535     -0.1827
   20.385742          94   20.385742           0   20.385742     97.5720   20.385742     -0.3684
   20.397949          85   20.397949           0   20.397949     97.3541   20.397949     -1.3400
   20.410156         107   20.410156           0   20.410156     97.1367   20.410156      0.9535
   20.422364         114   20.422364           0   20.422364     96.9199   20.422364      1.5997
   20.434571         101   20.434571           0   20.434571     96.7034   20.434571      0.4275
   20.446778          95   20.446778           0   20.446778     96.4903   20.446778     -0.1529
   20.458985          89   20.458985           0   20.458985     96.2927   20.458985     -0.7730
   20.471192         111   20.471192           0   20.471192     96.0777   20.471192      1.4164
   20.483399         109   20.483399           0   20.483399     95.8631   20.483399      1.2583
   20.495606          92   20.495606           1   20.495606     95.6491   20.495606     -0.3804
   20.507813          83   20.507813           0   20.507813     95.4355   20.507813     -1.3650
   20.520020          80   20.520020           0   20.520020     95.2224   20.520020     -1.7019
   20.532227          90   20.532227           0   20.532227     95.0098   20.532227     -0.5281
   20.544434          87   20.544434           0   20.544434     94.7977   20.544434     -0.8360
   20.556641         101   20.556641           0   20.556641     94.5860   20.556641      0.6382
   20.568848          84   20.568848           0   20.568848     94.3748   20.568848     -1.1320
   20.581055         104   20.581055           0   20.581055     94.1641   20.581055      0.9645
   20.593262         114   20.593262           0   20.593262     93.9538   20.593262      1.8775
   20.605469         104   20.605469           0   20.605469     93.7440   20.605469      1.0057
   20.617676         100   20.617676           0   20.617676     93.5347   20.617676      0.6465
   20.629883         113   20.629883           0   20.629883     93.3259   20.629883      1.8508
   20.642090         106   20.642090           0   20.642090     93.1175   20.642090      1.2513
   20.654297          83   20.654297           0   20.654297     92.9096   20.654297     -1.0877
   20.666504          85   20.666504           0   20.666504     92.7021   20.666504     -0.8354
   20.678711          94   20.678711           0   20.678711     92.4951   20.678711      0.1552
   20.690918          90   20.690918           0   20.690918     92.2886   20.690918     -0.2412
   20.703125          92   20.703125           0   20.703125     92.0826   20.703125     -0.0086
   20.715332          84   20.715332           0   20.715332     91.8769   20.715332     -0.8594
   20.727539         105   20.727539           0   20.727539     91.6718   20.727539      1.3007
   20.739746          91   20.739746           0   20.739746     91.4699   20.739746     -0.0493
   20.751953          87   20.751953           0   20.751953     91.2835   20.751953     -0.4592
   20.764160          87   20.764160           0   20.764160     91.0796   20.764160     -0.4374
   20.776367          94   20.776367           0   20.776367     90.8763   20.776367      0.3222
   20.788574         110   20.788574           1   20.788574     90.6734   20.788574      1.8427
   20.800781          85   20.800781           0   20.800781     90.4709   20.800781     -0.5934
   20.812989          92   20.812989           0   20.812989     90.2689   20.812989      0.1805
   20.825196          84   20.825196           0   20.825196     90.0673   20.825196     -0.6620
   20.837403         101   20.837403           0   20.837403     89.8662   20.837403      1.1079
   20.849610         101   20.849610           0   20.849610     89.6656   20.849610      1.1278
   20.861817          85   20.861817           0   20.861817     89.4654   20.861817     -0.4843
   20.874024          93   20.874024           0   20.874024     89.2656   20.874024      0.3872
   20.886231          96   20.886231           0   20.886231     89.0663   20.886231      0.7077
   20.898438          75   20.898438           0   20.898438     88.8674   20.898438     -1.6013
   20.910645          84   20.910645           0   20.910645     88.6690   20.910645     -0.5094
   20.922852         101   20.922852           0   20.922852     88.4710   20.922852      1.2467
   20.935059          81   20.935059           0   20.935059     88.2735   20.935059     -0.8082
   20.947266          94   20.947266           0   20.947266     88.0764   20.947266      0.6110
   20.959473          87   20.959473           0   20.959473     87.8797   20.959473     -0.0943
   20.971680          99   20.971680           0   20.971680     87.6835   20.971680      1.1374
   20.983887          96   20.983887           0   20.983887     87.4877   20.983887      0.8688
   20.996094          72   20.996094           0   20.996094     87.2924   20.996094     -1.8022
   21.008301          87   21.008301           0   21.008301     87.0975   21.008301     -0.0104
   21.020508          98   21.020508           0   21.020508     86.9030   21.020508      1.1210
   21.032715          89   21.032715           0   21.032715     86.7089   21.032715      0.2429
   21.044922          95   21.044922           0   21.044922     86.5153   21.044922      0.8705
   21.057129          88   21.057129           0   21.057129     86.3222   21.057129      0.1789
   21.069336          92   21.069336           0   21.069336     86.1294   21.069336      0.6121
   21.081543          92   21.081543           0   21.081543     85.9371   21.081543      0.6321
   21.093750          84   21.093750           0   21.093750     85.7452   21.093750     -0.1904
   21.105957          77   21.105957           0   21.105957     85.5538   21.105957     -0.9748
   21.118164          94   21.118164           0   21.118164     85.3627   21.118164      0.8909
   21.130371          80   21.130371           0   21.130371     85.1721   21.130371     -0.5783
   21.142578          97   21.142578           0   21.142578     84.9820   21.142578      1.2202
   21.154785          73   21.154785           0   21.154785     84.7922   21.154785     -1.3802
   21.166992          87   21.166992           0   21.166992     84.6029   21.166992      0.2570
   21.179199          97   21.179199           0   21.179199     84.4140   21.179199      1.2779
   21.191406          92   21.191406           0   21.191406     84.2255   21.191406      0.8105
   21.203614          85   21.203614           0   21.203614     84.0374   21.203614      0.1044
   21.215821          97   21.215821           0   21.215821     83.8498   21.215821      1.3352
   21.228028          84   21.228028           0   21.228028     83.6626   21.228028      0.0368
   21.240235          93   21.240235           0   21.240235     83.4758   21.240235      0.9876
   21.252442          83   21.252442           0   21.252442     83.2894   21.252442     -0.0318
   21.264649          88   21.264649           0   21.264649     83.1034   21.264649      0.5220
   21.276856          95   21.276856           0   21.276856     82.9178   21.276856      1.2396
   21.289063         104   21.289063           0   21.289063     82.7327   21.289063      2.0854
   21.301270          76   21.301270           0   21.301270     82.5480   21.301270     -0.7511
   21.313477          91   21.313477           0   21.313477     82.3637   21.313477      0.9053
   21.325684          95   21.325684           0   21.325684     82.1798   21.325684      1.3153
   21.337891          88   21.337891           0   21.337891     81.9963   21.337891      0.6400
   21.350098          79   21.350098           0   21.350098     81.8132   21.350098     -0.3165
   21.362305          71   21.362305           0   21.362305     81.6305   21.362305     -1.2616
   21.374512          81   21.374512           0   21.374512     81.4482   21.374512     -0.0498
   21.386719          75   21.386719           0   21.386719     81.2664   21.386719     -0.7236
   21.398926          94   21.398926           0   21.398926     81.0849   21.398926      1.3321
   21.411133          78   21.411133           0   21.411133     80.9039   21.411133     -0.3288
   21.423340          77   21.423340           0   21.423340     80.7232   21.423340     -0.4243
   21.435547          89   21.435547           0   21.435547     80.5458   21.435547      0.8961
   21.447754          75   21.447754           0   21.447754     80.3837   21.447754     -0.6217
   21.459961          68   21.459961           0   21.459961     80.2042   21.459961     -1.4800
   21.472168          89   21.472168           0   21.472168     80.0252   21.472168      0.9513
   21.484375          75   21.484375           1   21.484375     79.8465   21.484375     -0.5596
   21.496582          89   21.496582           0   21.496582     79.6682   21.496582      0.9892
   21.508789          82   21.508789           0   21.508789     79.4903   21.508789      0.2772
   21.520996          76   21.520996           0   21.520996     79.3128   21.520996     -0.3800
   21.533203         104   21.533203           0   21.533203     79.1357   21.533203      2.4381
   21.545410          82   21.545410           0   21.545410     78.9590   21.545410      0.3358
   21.557617          71   21.557617           0   21.557617     78.7827   21.557617     -0.9236
   21.569824          77   21.569824           0   21.569824     78.6068   21.569824     -0.1831
   21.582032          70   21.582032           0   21.582032     78.4313   21.582032     -1.0077
   21.594239          75   21.594239           0   21.594239     78.2562   21.594239     -0.3760
   21.606446          85   21.606446           0   21.606446     78.0814   21.606446      0.7504
   21.618653          79   21.618653           0   21.618653     77.9071   21.618653      0.1230
   21.630860          81   21.630860           0   21.630860     77.7359   21.630860      0.3627
   21.643067          73   21.643067           0   21.643067     77.5802   21.643067     -0.5361
   21.655274          93   21.655274           0   21.655274     77.4069   21.655274      1.6169
   21.667481          75   21.667481           0   21.667481     77.2341   21.667481     -0.2580
   21.679688          70   21.679688           1   21.679688     77.0616   21.679688     -0.8440
   21.691895          70   21.691895           0   21.691895     76.8896   21.691895     -0.8235
   21.704102          74   21.704102           0   21.704102     76.7179   21.704102     -0.3159
   21.716309          77   21.716309           0   21.716309     76.5466   21.716309      0.0517
   21.728516          99   21.728516           0   21.728516     76.3757   21.728516      2.2738
   21.740723         103   21.740723           0   21.740723     76.2051   21.740723      2.6402
   21.752930          86   21.752930           0   21.752930     76.0350   21.752930      1.0746
   21.765137          68   21.765137           0   21.765137     75.8652   21.765137     -0.9538
   21.777344          79   21.777344           0   21.777344     75.6958   21.777344      0.3717
   21.789551          68   21.789551           0   21.789551     75.5268   21.789551     -0.9128
   21.801758          92   21.801758           0   21.801758     75.3609   21.801758      1.7347
   21.813965          85   21.813965           0   21.813965     75.2105   21.813965      1.0618
   21.826172          67   21.826172           0   21.826172     75.0453   21.826172     -0.9829
   21.838379          70   21.838379           0   21.838379     74.8956   21.838379     -0.5851
   21.850586          75   21.850586           1   21.850586     74.7283   21.850586      0.0314
   21.862793          84   21.862793           0   21.862793     74.5643   21.862793      1.0295
   21.875000          81   21.875000           1   21.875000     74.4156   21.875000      0.7316
   21.887207          78   21.887207           0   21.887207     74.2494   21.887207      0.4247
   21.899414          70   21.899414           0   21.899414     74.0836   21.899414     -0.4881
   21.911621          77   21.911621           1   21.911621     73.9182   21.911621      0.3512
   21.923828          71   21.923828           0   21.923828     73.7532   21.923828     -0.3267
   21.936035          90   21.936035           0   21.936035     73.5885   21.936035      1.7299
   21.948242          69   21.948242           0   21.948242     73.4242   21.948242     -0.5326
   21.960449          84   21.960449           0   21.960449     73.2602   21.960449      1.1718
   21.972657          76   21.972657           0   21.972657     73.0967   21.972657      0.3330
   21.984864          69   21.984864           0   21.984864     72.9335   21.984864     -0.4735
   21.997071          72   21.997071           0   21.997071     72.7706   21.997071     -0.0908
   22.009278          69   22.009278           0   22.009278     72.6081   22.009278     -0.4344
   22.021485          63   22.021485           0   22.021485     72.4460   22.021485     -1.1901
   22.033692          64   22.033692           0   22.033692     72.2842   22.033692     -1.0355
   22.045899          73   22.045899           0   22.045899     72.1228   22.045899      0.1027
   22.058106          68   22.058106           0   22.058106     71.9618   22.058106     -0.4804
   22.070313          84   22.070313           0   22.070313     71.8011   22.070313      1.3310
   22.082520          65   22.082520           0   22.082520     71.6408   22.082520     -0.8237
   22.094727          72   22.094727           0   22.094727     71.4808   22.094727      0.0612
   22.106934          70   22.106934           0   22.106934     71.3212   22.106934     -0.1579
   22.119141          66   22.119141           0   22.119141     71.1620   22.119141     -0.6354
   22.131348          70   22.131348           0   22.131348     71.0031   22.131348     -0.1199
   22.143555          63   22.143555           0   22.143555     70.8446   22.143555     -0.9883
   22.155762          74   22.155762           0   22.155762     70.6864   22.155762      0.3852
   22.167969          63   22.167969           0   22.167969     70.5285   22.167969     -0.9485
   22.180176          55   22.180176           0   22.180176     70.3711   22.180176     -2.0726
   22.192383          77   22.192383           0   22.192383     70.2139   22.192383      0.7733
   22.204590          78   22.204590           0   22.204590     70.0572   22.204590      0.8993
   22.216797          65   22.216797           0   22.216797     69.9035   22.216797     -0.6082
   22.229004          64   22.229004           0   22.229004     69.7652   22.229004     -0.7207
   22.241211          83   22.241211           0   22.241211     69.6095   22.241211      1.4698
   22.253418          65   22.253418           0   22.253418     69.4540   22.253418     -0.5525
   22.265625          72   22.265625           1   22.265625     69.2990   22.265625      0.3183
   22.277832          71   22.277832           0   22.277832     69.1442   22.277832      0.2202
   22.290039          70   22.290039           0   22.290039     68.9898   22.290039      0.1207
   22.302246          74   22.302246           0   22.302246     68.8358   22.302246      0.6003
   22.314453          67   22.314453           0   22.314453     68.6821   22.314453     -0.2055
   22.326660          64   22.326660           0   22.326660     68.5315   22.326660     -0.5664
   22.338867          85   22.338867           0   22.338867     68.3963   22.338867      1.8009
   22.351074          66   22.351074           0   22.351074     68.2464   22.351074     -0.2765
   22.363282          66   22.363282           0   22.363282     68.1118   22.363282     -0.2599
   22.375489          75   22.375489           1   22.375489     67.9597   22.375489      0.8129
   22.387696          66   22.387696           0   22.387696     67.8080   22.387696     -0.2225
   22.399903          63   22.399903           1   22.399903     67.6566   22.399903     -0.5867
   22.412110          81   22.412110           0   22.412110     67.5055   22.412110      1.4994
   22.424317          76   22.424317           0   22.424317     67.3575   22.424317      0.9914
   22.436524          65   22.436524           0   22.436524     67.2250   22.436524     -0.2760
   22.448731          70   22.448731           0   22.448731     67.0749   22.448731      0.3496
   22.460938          66   22.460938           0   22.460938     66.9251   22.460938     -0.1139
   22.473145          53   22.473145           1   22.473145     66.7757   22.473145     -1.8922
   22.485352          65   22.485352           0   22.485352     66.6266   22.485352     -0.2017
   22.497559          66   22.497559           0   22.497559     66.4778   22.497559     -0.0588
   22.509766          74   22.509766           0   22.509766     66.3294   22.509766      0.8917
   22.521973          73   22.521973           0   22.521973     66.1813   22.521973      0.7981
   22.534180          70   22.534180           0   22.534180     66.0335   22.534180      0.4741
   22.546387          69   22.546387           0   22.546387     65.8860   22.546387      0.3749
   22.558594          57   22.558594           0   22.558594     65.7389   22.558594     -1.1575
   22.570801          84   22.570801           0   22.570801     65.5921   22.570801      2.0085
   22.583008          70   22.583008           0   22.583008     65.4457   22.583008      0.5443
   22.595215          73   22.595215           0   22.595215     65.2996   22.595215      0.9013
   22.607422          71   22.607422           0   22.607422     65.1538   22.607422      0.6938
   22.619629          76   22.619629           0   22.619629     65.0083   22.619629      1.2608
   22.631836          74   22.631836           0   22.631836     64.8631   22.631836      1.0621
   22.644043          53   22.644043           0   22.644043     64.7183   22.644043     -1.6096
   22.656250          80   22.656250           0   22.656250     64.5738   22.656250      1.7247
   22.668457          67   22.668457           0   22.668457     64.4324   22.668457      0.3137
   22.680664          65   22.680664           0   22.680664     64.3063   22.680664      0.0860
   22.692871          60   22.692871           0   22.692871     64.1655   22.692871     -0.5378
   22.705078          67   22.705078           0   22.705078     64.0401   22.705078      0.3616
   22.717285          72   22.717285           1   22.717285     63.8971   22.717285      0.9549
   22.729492          62   22.729492           0   22.729492     63.7544   22.729492     -0.2228
   22.741699          77   22.741699           1   22.741699     63.6120   22.741699      1.5257
   22.753907          76   22.753907           0   22.753907     63.4700   22.753907      1.4373
   22.766114          54   22.766114           0   22.766114     63.3283   22.766114     -1.2694
   22.778321          74   22.778321           0   22.778321     63.1869   22.778321      1.2570
   22.790528          63   22.790528           0   22.790528     63.0458   22.790528     -0.0058
   22.802735          76   22.802735           0   22.802735     62.9050   22.802735      1.5021
   22.814942          66   22.814942           0   22.814942     62.7646   22.814942      0.3983
   22.827149          57   22.827149           0   22.827149     62.6244   22.827149     -0.7450
   22.839356          56   22.839356           0   22.839356     62.4846   22.839356     -0.8665
   22.851563          75   22.851563           0   22.851563     62.3451   22.851563      1.4613
   22.863770          69   22.863770           0   22.863770     62.2059   22.863770      0.8179
   22.875977          54   22.875977           0   22.875977     62.0670   22.875977     -1.0978
   22.888184          57   22.888184           0   22.888184     61.9284   22.888184     -0.6528
   22.900391          64   22.900391           0   22.900391     61.7901   22.900391      0.2762
   22.912598          50   22.912598           0   22.912598     61.6522   22.912598     -1.6479
   22.924805          71   22.924805           0   22.924805     61.5145   22.924805      1.1257
   22.937012          65   22.937012           0   22.937012     61.3771   22.937012      0.4494
   22.949219          64   22.949219           0   22.949219     61.2401   22.949219      0.3450
   22.961426          60   22.961426           0   22.961426     61.1034   22.961426     -0.1424
   22.973633          60   22.973633           0   22.973633     60.9669   22.973633     -0.1248
   22.985840          63   22.985840           0   22.985840     60.8308   22.985840      0.2733
   22.998047          58   22.998047           0   22.998047     60.6950   22.998047     -0.3539
   23.010254          54   23.010254           0   23.010254     60.5594   23.010254     -0.8926
   23.022461          75   23.022461           0   23.022461     60.4242   23.022461      1.6831
   23.034668          64   23.034668           0   23.034668     60.2893   23.034668      0.4638
   23.046875          74   23.046875           0   23.046875     60.1547   23.046875      1.6095
   23.059082          60   23.059082           0   23.059082     60.0204   23.059082     -0.0026
   23.071289          72   23.071289           0   23.071289     59.8864   23.071289      1.4276
   23.083496          59   23.083496           0   23.083496     59.7526   23.083496     -0.0980
   23.095703          67   23.095703           0   23.095703     59.6192   23.095703      0.9017
   23.107910          64   23.107910           0   23.107910     59.4861   23.107910      0.5642
   23.120117          57   23.120117           0   23.120117     59.3533   23.120117     -0.3117
   23.132324          57   23.132324           0   23.132324     59.2208   23.132324     -0.2941
   23.144532          47   23.144532           0   23.144532     59.0885   23.144532     -1.7633
   23.156739          59   23.156739           0   23.156739     58.9566   23.156739      0.0057
   23.168946          69   23.168946           0   23.168946     58.8250   23.168946      1.2249
   23.181153          65   23.181153           0   23.181153     58.6936   23.181153      0.7822
   23.193360          61   23.193360           0   23.193360     58.5653   23.193360      0.3117
   23.205567          51   23.205567           0   23.205567     58.4524   23.205567     -1.0435
   23.217774          54   23.217774           0   23.217774     58.3219   23.217774     -0.5881
   23.229981          76   23.229981           0   23.229981     58.1916   23.229981      2.0428
   23.242188          73   23.242188           1   23.242188     58.0617   23.242188      1.7484
   23.254395          62   23.254395           0   23.254395     57.9321   23.254395      0.5166
   23.266602          69   23.266602           0   23.266602     57.8027   23.266602      1.3480
   23.278809          52   23.278809           0   23.278809     57.6736   23.278809     -0.7868
   23.291016          59   23.291016           0   23.291016     57.5449   23.291016      0.1894
   23.303223          59   23.303223           0   23.303223     57.4164   23.303223      0.2062
   23.315430          67   23.315430           0   23.315430     57.2882   23.315430      1.1865
   23.327637          65   23.327637           0   23.327637     57.1603   23.327637      0.9724
   23.339844          52   23.339844           0   23.339844     57.0326   23.339844     -0.6979
   23.352051          70   23.352051           0   23.352051     56.9053   23.352051      1.5651
   23.364258          61   23.364258           0   23.364258     56.7782   23.364258      0.5405
   23.376465          60   23.376465           0   23.376465     56.6515   23.376465      0.4323
   23.388672          59   23.388672           0   23.388672     56.5250   23.388672      0.3222
   23.400879          58   23.400879           0   23.400879     56.3987   23.400879      0.2103
   23.413086          67   23.413086           0   23.413086     56.2728   23.413086      1.3105
   23.425293          44   23.425293           0   23.425293     56.1472   23.425293     -1.8313
   23.437500          50   23.437500           0   23.437500     56.0218   23.437500     -0.8516
   23.449707          62   23.449707           0   23.449707     55.8967   23.449707      0.7751
   23.461914          57   23.461914           0   23.461914     55.7719   23.461914      0.1627
   23.474121          64   23.474121           0   23.474121     55.6502   23.474121      1.0437
   23.486328          61   23.486328           0   23.486328     55.5437   23.486328      0.6986
   23.498535          60   23.498535           0   23.498535     55.4197   23.498535      0.5913
   23.510742          56   23.510742           0   23.510742     55.2959   23.510742      0.0941
   23.522949          64   23.522949           1   23.522949     55.1725   23.522949      1.1034
   23.535157          47   23.535157           0   23.535157     55.0493   23.535157     -1.1741
   23.547364          61   23.547364           0   23.547364     54.9264   23.547364      0.7776
   23.559571          54   23.559571           0   23.559571     54.8037   23.559571     -0.1094
   23.571778          51   23.571778           0   23.571778     54.6814   23.571778     -0.5155
   23.583985          60   23.583985           0   23.583985     54.5593   23.583985      0.7024
   23.596192          55   23.596192           0   23.596192     54.4374   23.596192      0.0759
   23.608399          65   23.608399           0   23.608399     54.3159   23.608399      1.3252
   23.620606          54   23.620606           0   23.620606     54.1946   23.620606     -0.0265
   23.632813          63   23.632813           0   23.632813     54.0736   23.632813      1.1246
   23.645020          52   23.645020           0   23.645020     53.9529   23.645020     -0.2708
   23.657227          73   23.657227           0   23.657227     53.8324   23.657227      2.2434
   23.669434          76   23.669434           0   23.669434     53.7122   23.669434      2.5566
   23.681641          71   23.681641           0   23.681641     53.5923   23.681641      2.0659
   23.693848          49   23.693848           0   23.693848     53.4726   23.693848     -0.6389
   23.706055          57   23.706055           0   23.706055     53.3532   23.706055      0.4830
   23.718262          58   23.718262           0   23.718262     53.2341   23.718262      0.6258
   23.730469          67   23.730469           0   23.730469     53.1152   23.730469      1.6963
   23.742676          44   23.742676           0   23.742676     52.9966   23.742676     -1.3563
   23.754883          57   23.754883           0   23.754883     52.8783   23.754883      0.5459
   23.767090          51   23.767090           0   23.767090     52.7602   23.767090     -0.2465
   23.779297          57   23.779297           0   23.779297     52.6424   23.779297      0.5772
   23.791504          46   23.791504           0   23.791504     52.5249   23.791504     -0.9620
   23.803711          48   23.803711           0   23.803711     52.4076   23.803711     -0.6362
   23.815918          56   23.815918           0   23.815918     52.2906   23.815918      0.4957
   23.828125          53   23.828125           0   23.828125     52.1738   23.828125      0.1135
   23.840332          48   23.840332           0   23.840332     52.0573   23.840332     -0.5856
   23.852539          71   23.852539           0   23.852539     51.9411   23.852539      2.2619
   23.864746          58   23.864746           0   23.864746     51.8251   23.864746      0.8108
   23.876953          66   23.876953           0   23.876953     51.7094   23.876953      1.7591
   23.889160          49   23.889160           0   23.889160     51.5939   23.889160     -0.3706
   23.901367          55   23.901367           0   23.901367     51.4787   23.901367      0.4748
   23.913574          56   23.913574           0   23.913574     51.3638   23.913574      0.6195
   23.925782          60   23.925782           0   23.925782     51.2491   23.925782      1.1297
   23.937989          61   23.937989           0   23.937989     51.1347   23.937989      1.2631
   23.950196          58   23.950196           0   23.950196     51.0205   23.950196      0.9165
   23.962403          55   23.962403           0   23.962403     50.9066   23.962403      0.5520
   23.974610          61   23.974610           0   23.974610     50.7929   23.974610      1.3069
   23.986817          55   23.986817           0   23.986817     50.6795   23.986817      0.5826
   23.999024          52   23.999024           0   23.999024     50.5663   23.999024      0.1988
   24.011231          57   24.011231           0   24.011231     50.4534   24.011231      0.8671
   24.023438          47   24.023438           0   24.023438     50.3408   24.023438     -0.4873
   24.035645          59   24.035645           0   24.035645     50.2284   24.035645      1.1420
   24.047852          43   24.047852           0   24.047852     50.1162   24.047852     -1.0852
   24.060059          68   24.060059           0   24.060059     50.0043   24.060059      2.1823
   24.072266          59   24.072266           0   24.072266     49.8954   24.072266      1.1853
   24.084473          64   24.084473           0   24.084473     49.8019   24.084473      1.7748
   24.096680          52   24.096680           0   24.096680     49.6907   24.096680      0.3202
   24.108887          56   24.108887           0   24.108887     49.5797   24.108887      0.8579
   24.121094          59   24.121094           1   24.121094     49.4690   24.121094      1.2408
   24.133301          50   24.133301           0   24.133301     49.3613   24.133301      0.0903
   24.145508          49   24.145508           0   24.145508     49.2689   24.145508     -0.0384
   24.157715          30   24.157715           0   24.157715     49.1589   24.157715     -3.4979
   24.169922          63   24.169922           0   24.169922     49.0519   24.169922      1.7573
   24.182129          55   24.182129           1   24.182129     48.9602   24.182129      0.8144
   24.194336          51   24.194336           0   24.194336     48.8509   24.194336      0.3009
   24.206543          48   24.206543           0   24.206543     48.7418   24.206543     -0.1071
   24.218750          50   24.218750           1   24.218750     48.6330   24.218750      0.1933
   24.230957          45   24.230957           0   24.230957     48.5244   24.230957     -0.5254
   24.243164          45   24.243164           0   24.243164     48.4160   24.243164     -0.5092
   24.255371          40   24.255371           0   24.255371     48.3079   24.255371     -1.3136
   24.267578          45   24.267578           0   24.267578     48.2001   24.267578     -0.4770
   24.279785          43   24.279785           0   24.279785     48.0924   24.279785     -0.7766
   24.291992          54   24.291992           0   24.291992     47.9851   24.291992      0.8185
   24.304200          50   24.304200           0   24.304200     47.8779   24.304200      0.3001
   24.316407          60   24.316407           0   24.316407     47.7710   24.316407      1.5788
   24.328614          45   24.328614           0   24.328614     47.6644   24.328614     -0.3972
   24.340821          55   24.340821           0   24.340821     47.5579   24.340821      1.0035
   24.353028          56   24.353028           0   24.353028     47.4517   24.353028      1.1423
   24.365235          46   24.365235           0   24.365235     47.3458   24.365235     -0.1984
   24.377442          45   24.377442           0   24.377442     47.2401   24.377442     -0.3339
   24.389649          42   24.389649           0   24.389649     47.1346   24.389649     -0.7923
   24.401856          48   24.401856           0   24.401856     47.0293   24.401856      0.1401
   24.414063          40   24.414063           0   24.414063     46.9243   24.414063     -1.0948
   24.426270          43   24.426270           0   24.426270     46.8196   24.426270     -0.5825
   24.438477          45   24.438477           0   24.438477     46.7150   24.438477     -0.2557
   24.450684          60   24.450684           0   24.450684     46.6107   24.450684      1.7285
   24.462891          47   24.462891           0   24.462891     46.5066   24.462891      0.0720
   24.475098          46   24.475098           0   24.475098     46.4056   24.475098     -0.0598
   24.487305          47   24.487305           0   24.487305     46.3198   24.487305      0.0992
   24.499512          47   24.499512           0   24.499512     46.2163   24.499512      0.1143
   24.511719          42   24.511719           0   24.511719     46.1132   24.511719     -0.6347
   24.523926          51   24.523926           1   24.523926     46.0102   24.523926      0.6987
   24.536133          38   24.536133           0   24.536133     45.9075   24.536133     -1.2828
   24.548340          45   24.548340           0   24.548340     45.8050   24.548340     -0.1200
   24.560547          51   24.560547           0   24.560547     45.7027   24.560547      0.7418
   24.572754          47   24.572754           0   24.572754     45.6006   24.572754      0.2041
   24.584961          55   24.584961           0   24.584961     45.4988   24.584961      1.2811
   24.597168          55   24.597168           0   24.597168     45.3972   24.597168      1.2948
   24.609375          36   24.609375           0   24.609375     45.2959   24.609375     -1.5493
   24.621582          64   24.621582           0   24.621582     45.1947   24.621582      2.3507
   24.633789          45   24.633789           0   24.633789     45.0938   24.633789     -0.0140
   24.645996          50   24.645996           0   24.645996     44.9931   24.645996      0.7081
   24.658203          39   24.658203           0   24.658203     44.8927   24.658203     -0.9436
   24.670410          53   24.670410           0   24.670410     44.7924   24.670410      1.1274
   24.682617          54   24.682617           0   24.682617     44.6924   24.682617      1.2666
   24.694825          35   24.694825           0   24.694825     44.5926   24.694825     -1.6214
   24.707032          46   24.707032           0   24.707032     44.4930   24.707032      0.2222
   24.719239          42   24.719239           0   24.719239     44.3937   24.719239     -0.3694
   24.731446          45   24.731446           0   24.731446     44.2946   24.731446      0.1052
   24.743653          44   24.743653           0   24.743653     44.1957   24.743653     -0.0295
   24.755860          54   24.755860           0   24.755860     44.0970   24.755860      1.3476
   24.768067          48   24.768067           0   24.768067     43.9985   24.768067      0.5776
   24.780274          51   24.780274           0   24.780274     43.9003   24.780274      0.9942
   24.792481          56   24.792481           0   24.792481     43.8023   24.792481      1.6300
   24.804688          45   24.804688           0   24.804688     43.7045   24.804688      0.1931
   24.816895          45   24.816895           0   24.816895     43.6069   24.816895      0.2077
   24.829102          50   24.829102           0   24.829102     43.5123   24.829102      0.9175
   24.841309          53   24.841309           0   24.841309     43.4329   24.841309      1.3141
   24.853516          45   24.853516           0   24.853516     43.3360   24.853516      0.2481
   24.865723          49   24.865723           0   24.865723     43.2392   24.865723      0.8230
   24.877930          40   24.877930           1   24.877930     43.1427   24.877930     -0.4969
   24.890137          47   24.890137           0   24.890137     43.0463   24.890137      0.5767
   24.902344          49   24.902344           0   24.902344     42.9502   24.902344      0.8643
   24.914551          61   24.914551           0   24.914551     42.8543   24.914551      2.3233
   24.926758          45   24.926758           0   24.926758     42.7586   24.926758      0.3341
   24.938965          45   24.938965           0   24.938965     42.6632   24.938965      0.3484
   24.951172          47   24.951172           0   24.951172     42.5707   24.951172      0.6461
   24.963379          50   24.963379           0   24.963379     42.4962   24.963379      1.0612
   24.975586          45   24.975586           0   24.975586     42.4191   24.975586      0.3847
   24.987793          35   24.987793           0   24.987793     42.3244   24.987793     -1.2381
   25.000000          44   25.000000           1   25.000000     42.2299   25.000000      0.2669
   25.012207          54   25.012207           1   25.012207     42.1356   25.012207      1.6145
   25.024414          40   25.024414           0   25.024414     42.0415   25.024414     -0.3228
   25.036621          33   25.036621           0   25.036621     41.9477   25.036621     -1.5576
   25.048828          37   25.048828           0   25.048828     41.8540   25.048828     -0.7980
   25.061035          28   25.061035           0   25.061035     41.7605   25.061035     -2.6005
   25.073242          40   25.073242           0   25.073242     41.6673   25.073242     -0.2636
   25.085450          45   25.085450           0   25.085450     41.5743   25.085450      0.5107
   25.097657          43   25.097657           0   25.097657     41.4814   25.097657      0.2316
   25.109864          29   25.109864           0   25.109864     41.3888   25.109864     -2.3005
   25.122071          54   25.122071           0   25.122071     41.2964   25.122071      1.7287
   25.134278          54   25.134278           0   25.134278     41.2042   25.134278      1.7413
   25.146485          34   25.146485           0   25.146485     41.1122   25.146485     -1.2197
   25.158692          42   25.158692           0   25.158692     41.0204   25.158692      0.1512
   25.170899          43   25.170899           0   25.170899     40.9288   25.170899      0.3159
   25.183106          30   25.183106           0   25.183106     40.8374   25.183106     -1.9786
   25.195313          35   25.195313           0   25.195313     40.7462   25.195313     -0.9713
   25.207520          45   25.207520           0   25.207520     40.6553   25.207520      0.6477
   25.219727          41   25.219727           0   25.219727     40.5645   25.219727      0.0680
   25.231934          43   25.231934           0   25.231934     40.4739   25.231934      0.3852
   25.244141          48   25.244141           0   25.244141     40.3835   25.244141      1.0993
   25.256348          34   25.256348           0   25.256348     40.2934   25.256348     -1.0793
   25.268555          45   25.268555           0   25.268555     40.2034   25.268555      0.7150
   25.280762          55   25.280762           0   25.280762     40.1136   25.280762      2.0073
   25.292969          35   25.292969           0   25.292969     40.0241   25.292969     -0.8492
   25.305176          55   25.305176           0   25.305176     39.9347   25.305176      2.0314
   25.317383          43   25.317383           0   25.317383     39.8455   25.317383      0.4811
   25.329590          46   25.329590           0   25.329590     39.7566   25.329590      0.9205
   25.341797          45   25.341797           0   25.341797     39.6678   25.341797      0.7949
   25.354004          45   25.354004           0   25.354004     39.5792   25.354004      0.8081
   25.366211          38   25.366211           0   25.366211     39.4908   25.366211     -0.2418
   25.378418          46   25.378418           0   25.378418     39.4027   25.378418      0.9727
   25.390625          39   25.390625           0   25.390625     39.3147   25.390625     -0.0504
   25.402832          30   25.402832           0   25.402832     39.2269   25.402832     -1.6846
   25.415039          29   25.415039           0   25.415039     39.1393   25.415039     -1.8828
   25.427246          47   25.427246           0   25.427246     39.0519   25.427246      1.1593
   25.439453          51   25.439453           0   25.439453     38.9647   25.439453      1.6853
   25.451660          53   25.451660           0   25.451660     38.8777   25.451660      1.9398
   25.463867          40   25.463867           0   25.463867     38.7909   25.463867      0.1912
   25.476075          37   25.476075           0   25.476075     38.7043   25.476075     -0.2802
   25.488282          42   25.488282           0   25.488282     38.6179   25.488282      0.5219
   25.500489          35   25.500489           0   25.500489     38.5317   25.500489     -0.5970
   25.512696          29   25.512696           0   25.512696     38.4456   25.512696     -1.7540
   25.524903          39   25.524903           0   25.524903     38.3598   25.524903      0.1025
   25.537110          33   25.537110           0   25.537110     38.2741   25.537110     -0.9181
   25.549317          31   25.549317           0   25.549317     38.1887   25.549317     -1.2911
   25.561524          37   25.561524           0   25.561524     38.1034   25.561524     -0.1814
   25.573731          53   25.573731           0   25.573731     38.0183   25.573731      2.0579
   25.585938          30   25.585938           0   25.585938     37.9362   25.585938     -1.4489
   25.598145          43   25.598145           0   25.598145     37.8693   25.598145      0.7824
   25.610352          34   25.610352           0   25.610352     37.7848   25.610352     -0.6491
   25.622559          36   25.622559           0   25.622559     37.7004   25.622559     -0.2834
   25.634766          45   25.634766           1   25.634766     37.6162   25.634766      1.1007
   25.646973          35   25.646973           0   25.646973     37.5322   25.646973     -0.4280
   25.659180          42   25.659180           0   25.659180     37.4484   25.659180      0.7023
   25.671387          42   25.671387           0   25.671387     37.3648   25.671387      0.7152
   25.683594          35   25.683594           0   25.683594     37.2814   25.683594     -0.3856
   25.695801          42   25.695801           0   25.695801     37.1981   25.695801      0.7409
   25.708008          44   25.708008           0   25.708008     37.1178   25.708008      1.0375
   25.720215          38   25.720215           0   25.720215     37.0528   25.720215      0.1537
   25.732422          41   25.732422           0   25.732422     36.9700   25.732422      0.6294
   25.744629          42   25.744629           0   25.744629     36.8875   25.744629      0.7889
   25.756836          39   25.756836           1   25.756836     36.8051   25.756836      0.3515
   25.769043          38   25.769043           0   25.769043     36.7230   25.769043      0.2072
   25.781250          31   25.781250           0   25.781250     36.6410   25.781250     -1.0131
   25.793457          37   25.793457           0   25.793457     36.5619   25.793457      0.0720
   25.805664          37   25.805664           0   25.805664     36.4981   25.805664      0.0825
   25.817871          44   25.817871           0   25.817871     36.4166   25.817871      1.1432
   25.830078          39   25.830078           0   25.830078     36.3353   25.830078      0.4267
   25.842285          35   25.842285           1   25.842285     36.2542   25.842285     -0.2120
   25.854492          39   25.854492           0   25.854492     36.1732   25.854492      0.4526
   25.866700          36   25.866700           0   25.866700     36.0924   25.866700     -0.0154
   25.878907          27   25.878907           0   25.878907     36.0118   25.878907     -1.7343
   25.891114          37   25.891114           0   25.891114     35.9314   25.891114      0.1757
   25.903321          35   25.903321           0   25.903321     35.8512   25.903321     -0.1439
   25.915528          30   25.915528           0   25.915528     35.7739   25.915528     -1.0542
   25.927735          37   25.927735           0   25.927735     35.7119   25.927735      0.2118
   25.939942          29   25.939942           0   25.939942     35.6321   25.939942     -1.2316
   25.952149          44   25.952149           0   25.952149     35.5526   25.952149      1.2735
   25.964356          37   25.964356           1   25.964356     35.4760   25.964356      0.2505
   25.976563          30   25.976563           0   25.976563     35.4146   25.976563     -0.9886
   25.988770          44   25.988770           0   25.988770     35.3355   25.988770      1.3062
   26.000977          43   26.000977           0   26.000977     35.2566   26.000977      1.1809
   26.013184          31   26.013184           1   26.013184     35.1779   26.013184     -0.7504
   26.025391          39   26.025391           0   26.025391     35.0993   26.025391      0.6246
   26.037598          45   26.037598           0   26.037598     35.0210   26.037598      1.4876
   26.049805          28   26.049805           0   26.049805     34.9428   26.049805     -1.3121
   26.062012          35   26.062012           0   26.062012     34.8647   26.062012      0.0229
   26.074219          44   26.074219           0   26.074219     34.7869   26.074219      1.3889
   26.086426          40   26.086426           0   26.086426     34.7092   26.086426      0.8365
   26.098633          35   26.098633           0   26.098633     34.6317   26.098633      0.0623
   26.110840          35   26.110840           0   26.110840     34.5544   26.110840      0.0753
   26.123047          47   26.123047           0   26.123047     34.4772   26.123047      1.8266
   26.135254          32   26.135254           0   26.135254     34.4002   26.135254     -0.4243
   26.147461          34   26.147461           0   26.147461     34.3234   26.147461     -0.0555
   26.159668          35   26.159668           0   26.159668     34.2468   26.159668      0.1273
   26.171875          38   26.171875           0   26.171875     34.1703   26.171875      0.6213
   26.184082          44   26.184082           0   26.184082     34.0940   26.184082      1.4934
   26.196289          44   26.196289           0   26.196289     34.0179   26.196289      1.5049
   26.208496          33   26.208496           0   26.208496     33.9420   26.208496     -0.1640
   26.220703          46   26.220703           0   26.220703     33.8662   26.220703      1.7890
   26.232910          37   26.232910           0   26.232910     33.7905   26.232910      0.5276
   26.245117          36   26.245117           0   26.245117     33.7151   26.245117      0.3808
   26.257325          38   26.257325           0   26.257325     33.6398   26.257325      0.7073
   26.269532          38   26.269532           0   26.269532     33.5647   26.269532      0.7195
   26.281739          43   26.281739           0   26.281739     33.4898   26.281739      1.4503
   26.293946          27   26.293946           0   26.293946     33.4178   26.293946     -1.2351
   26.306153          40   26.306153           0   26.306153     33.3610   26.306153      1.0497
   26.318360          39   26.318360           0   26.318360     33.2865   26.318360      0.9149
   26.330567          32   26.330567           0   26.330567     33.2121   26.330567     -0.2143
   26.342774          34   26.342774           1   26.342774     33.1380   26.342774      0.1478
   26.354981          26   26.354981           0   26.354981     33.0640   26.354981     -1.3854
   26.367188          28   26.367188           0   26.367188     32.9902   26.367188     -0.9431
   26.379395          38   26.379395           0   26.379395     32.9165   26.379395      0.8247
   26.391602          45   26.391602           0   26.391602     32.8430   26.391602      1.8123
   26.403809          35   26.403809           0   26.403809     32.7697   26.403809      0.3770
   26.416016          38   26.416016           0   26.416016     32.6965   26.416016      0.8603
   26.428223          36   26.428223           0   26.428223     32.6235   26.428223      0.5627
   26.440430          30   26.440430           0   26.440430     32.5534   26.440430     -0.4662
   26.452637          41   26.452637           0   26.452637     32.4986   26.452637      1.3277
   26.464844          31   26.464844           0   26.464844     32.4260   26.464844     -0.2561
   26.477051          33   26.477051           0   26.477051     32.3536   26.477051      0.1125
   26.489258          27   26.489258           1   26.489258     32.2814   26.489258     -1.0164
   26.501465          29   26.501465           0   26.501465     32.2093   26.501465     -0.5959
   26.513672          39   26.513672           0   26.513672     32.1374   26.513672      1.0989
   26.525879          38   26.525879           0   26.525879     32.0656   26.525879      0.9627
   26.538086          29   26.538086           0   26.538086     31.9940   26.538086     -0.5560
   26.550293          34   26.550293           0   26.550293     31.9226   26.550293      0.3563
   26.562500          36   26.562500           0   26.562500     31.8513   26.562500      0.6915
   26.574707          41   26.574707           0   26.574707     31.7802   26.574707      1.4399
   26.586914          35   26.586914           0   26.586914     31.7092   26.586914      0.5562
   26.599121          44   26.599121           0   26.599121     31.6384   26.599121      1.8636
   26.611328          31   26.611328           0   26.611328     31.5705   26.611328     -0.1025
   26.623535          33   26.623535           0   26.623535     31.5179   26.623535      0.2580
   26.635742          24   26.635742           0   26.635742     31.4475   26.635742     -1.5202
   26.647950          35   26.647950           0   26.647950     31.3773   26.647950      0.6124
   26.660157          34   26.660157           1   26.660157     31.3072   26.660157      0.4618
   26.672364          36   26.672364           0   26.672364     31.2373   26.672364      0.7938
   26.684571          40   26.684571           0   26.684571     31.1676   26.684571      1.3965
   26.696778          41   26.696778           0   26.696778     31.0980   26.696778      1.5464
   26.708985          28   26.708985           0   26.708985     31.0285   26.708985     -0.5723
   26.721192          33   26.721192           0   26.721192     30.9620   26.721192      0.3548
   26.733399          37   26.733399           0   26.733399     30.9107   26.733399      1.0011
   26.745606          29   26.745606           0   26.745606     30.8417   26.745606     -0.3420
   26.757813          37   26.757813           0   26.757813     30.7728   26.757813      1.0237
   26.770020          39   26.770020           1   26.770020     30.7041   26.770020      1.3284
   26.782227          30   26.782227           0   26.782227     30.6383   26.782227     -0.1165
   26.794434          25   26.794434           0   26.794434     30.5877   26.794434     -1.1175
   26.806641          30   26.806641           0   26.806641     30.5194   26.806641     -0.0948
   26.818848          39   26.818848           0   26.818848     30.4513   26.818848      1.3689
   26.831055          30   26.831055           1   26.831055     30.3833   26.831055     -0.0700
   26.843262          28   26.843262           0   26.843262     30.3155   26.843262     -0.4376
   26.855469          33   26.855469           0   26.855469     30.2478   26.855469      0.4791
   26.867676          40   26.867676           0   26.867676     30.1802   26.867676      1.5526
   26.879883          27   26.879883           0   26.879883     30.1128   26.879883     -0.5991
   26.892090          34   26.892090           0   26.892090     30.0456   26.892090      0.6782
   26.904297          35   26.904297           0   26.904297     29.9785   26.904297      0.8488
   26.916504          32   26.916504           0   26.916504     29.9116   26.916504      0.3692
   26.928711          40   26.928711           0   26.928711     29.8448   26.928711      1.6057
   26.940918          25   26.940918           0   26.940918     29.7781   26.940918     -0.9556
   26.953125          34   26.953125           0   26.953125     29.7117   26.953125      0.7354
   26.965332          31   26.965332           0   26.965332     29.6453   26.965332      0.2433
   26.977539          33   26.977539           0   26.977539     29.5791   26.977539      0.5955
   26.989746          28   26.989746           0   26.989746     29.5131   26.989746     -0.2859
   27.001953          34   27.001953           0   27.001953     29.4472   27.001953      0.7808
   27.014160          41   27.014160           0   27.014160     29.3814   27.014160      1.8145
   27.026368          22   27.026368           0   27.026368     29.3158   27.026368     -1.5597
   27.038575          37   27.038575           0   27.038575     29.2504   27.038575      1.2740
   27.050782          22   27.050782           0   27.050782     29.1851   27.050782     -1.5319
   27.062989          30   27.062989           0   27.062989     29.1199   27.062989      0.1607
   27.075196          39   27.075196           0   27.075196     29.0549   27.075196      1.5925
   27.087403          42   27.087403           0   27.087403     28.9900   27.087403      2.0075
   27.099610          29   27.099610           0   27.099610     28.9280   27.099610      0.0134
   27.111817          28   27.111817           0   27.111817     28.8813   27.111817     -0.1665
   27.124024          29   27.124024           0   27.124024     28.8168   27.124024      0.0340
   27.136231          23   27.136231           0   27.136231     28.7524   27.136231     -1.1995
   27.148438          38   27.148438           1   27.148438     28.6882   27.148438      1.5106
   27.160645          34   27.160645           0   27.160645     28.6242   27.160645      0.9219
   27.172852          33   27.172852           0   27.172852     28.5603   27.172852      0.7729
   27.185059          20   27.185059           0   27.185059     28.4965   27.185059     -1.8999
   27.197266          26   27.197266           0   27.197266     28.4329   27.197266     -0.4771
   27.209473          25   27.209473           0   27.209473     28.3694   27.209473     -0.6739
   27.221680          41   27.221680           0   27.221680     28.3088   27.221680      1.9820
   27.233887          15   27.233887           0   27.233887     28.2634   27.233887     -3.4246
   27.246094          33   27.246094           0   27.246094     28.2003   27.246094      0.8355
   27.258301          34   27.258301           0   27.258301     28.1373   27.258301      1.0054
   27.270508          22   27.270508           1   27.270508     28.0745   27.270508     -1.2951
   27.282715          32   27.282715           0   27.282715     28.0118   27.282715      0.7050
   27.294922          29   27.294922           0   27.294922     27.9493   27.294922      0.1951
   27.307129          28   27.307129           0   27.307129     27.8869   27.307129      0.0214
   27.319336          27   27.319336           0   27.319336     27.8246   27.319336     -0.1587
   27.331543          33   27.331543           0   27.331543     27.7625   27.331543      0.9117
   27.343750          34   27.343750           0   27.343750     27.7005   27.343750      1.0804
   27.355957          28   27.355957           0   27.355957     27.6386   27.355957      0.0683
   27.368164          32   27.368164           0   27.368164     27.5769   27.368164      0.7819
   27.380371          43   27.380371           0   27.380371     27.5154   27.380371      2.3614
   27.392578          25   27.392578           0   27.392578     27.4539   27.392578     -0.4908
   27.404785          29   27.404785           0   27.404785     27.3926   27.404785      0.2985
   27.416993          21   27.416993           0   27.416993     27.3315   27.416993     -1.3816
   27.429200          38   27.429200           0   27.429200     27.2704   27.429200      1.7406
   27.441407          27   27.441407           0   27.441407     27.2095   27.441407     -0.0403
   27.453614          30   27.453614           0   27.453614     27.1488   27.453614      0.5206
   27.465821          34   27.465821           0   27.465821     27.0882   27.465821      1.1854
   27.478028          18   27.478028           0   27.478028     27.0277   27.478028     -2.1278
   27.490235          28   27.490235           0   27.490235     26.9673   27.490235      0.1952
   27.502442          26   27.502442           0   27.502442     26.9071   27.502442     -0.1779
   27.514649          23   27.514649           0   27.514649     26.8498   27.514649     -0.8027
   27.526856          25   27.526856           0   27.526856     26.8077   27.526856     -0.3615
   27.539063          35   27.539063           0   27.539063     26.7478   27.539063      1.3949
   27.551270          23   27.551270           0   27.551270     26.6881   27.551270     -0.7690
   27.563477          25   27.563477           1   27.563477     26.6285   27.563477     -0.3257
   27.575684          20   27.575684           0   27.575684     26.5690   27.575684     -1.4689
   27.587891          26   27.587891           0   27.587891     26.5097   27.587891     -0.1000
   27.600098          33   27.600098           0   27.600098     26.4533   27.600098      1.1396
   27.612305          47   27.612305           0   27.612305     26.4121   27.612305      3.0031
   27.624512          41   27.624512           0   27.624512     26.3531   27.624512      2.2875
   27.636719          32   27.636719           0   27.636719     26.2942   27.636719      1.0086
   27.648926          22   27.648926           1   27.648926     26.2355   27.648926     -0.9030
   27.661133          26   27.661133           0   27.661133     26.1769   27.661133     -0.0347
   27.673340          29   27.673340           0   27.673340     26.1185   27.673340      0.5351
   27.685547          27   27.685547           0   27.685547     26.0602   27.685547      0.1809
   27.697754          37   27.697754           0   27.697754     26.0020   27.697754      1.8081
   27.709961          28   27.709961           0   27.709961     25.9439   27.709961      0.3886
   27.722168          24   27.722168           0   27.722168     25.8860   27.722168     -0.3850
   27.734375          38   27.734375           0   27.734375     25.8282   27.734375      1.9745
   27.746582          27   27.746582           0   27.746582     25.7705   27.746582      0.2366
   27.758789          27   27.758789           0   27.758789     25.7130   27.758789      0.2477
   27.770996          20   27.770996           0   27.770996     25.6556   27.770996     -1.2646
   27.783203          32   27.783203           0   27.783203     25.5983   27.783203      1.1317
   27.795410          22   27.795410           0   27.795410     25.5411   27.795410     -0.7550
   27.807618          29   27.807618           0   27.807618     25.4841   27.807618      0.6529
   27.819825          28   27.819825           0   27.819825     25.4272   27.819825      0.4862
   27.832032          26   27.832032           0   27.832032     25.3704   27.832032      0.1235
   27.844239          30   27.844239           0   27.844239     25.3138   27.844239      0.8556
   27.856446          23   27.856446           0   27.856446     25.2573   27.856446     -0.4707
   27.868653          27   27.868653           0   27.868653     25.2009   27.868653      0.3462
   27.880860          27   27.880860           0   27.880860     25.1446   27.880860      0.3571
   27.893067          19   27.893067           0   27.893067     25.0885   27.893067     -1.3968
   27.905274          25   27.905274           0   27.905274     25.0324   27.905274     -0.0065
   27.917481          17   27.917481           0   27.917481     24.9765   27.917481     -1.9346
   27.929688          29   27.929688           0   27.929688     24.9208   27.929688      0.7575
   27.941895          25   27.941895           0   27.941895     24.8651   27.941895      0.0270
   27.954102          29   27.954102           0   27.954102     24.8096   27.954102      0.7781
   27.966309          34   27.966309           0   27.966309     24.7542   27.966309      1.5856
   27.978516          25   27.978516           0   27.978516     24.6989   27.978516      0.0602
   27.990723          22   27.990723           0   27.990723     24.6438   27.990723     -0.5637
   28.002930          20   28.002930           0   28.002930     24.5888   28.002930     -1.0261
   28.015137          23   28.015137           0   28.015137     24.5339   28.015137     -0.3198
   28.027344          27   28.027344           0   28.027344     24.4819   28.027344      0.4846
   28.039551          27   28.039551           0   28.039551     24.4450   28.039551      0.4917
   28.051758          26   28.051758           0   28.051758     24.3904   28.051758      0.3157
   28.063965          30   28.063965           0   28.063965     24.3360   28.063965      1.0341
   28.076172          33   28.076172           1   28.076172     24.2844   28.076172      1.5172
   28.088379          27   28.088379           0   28.088379     24.2480   28.088379      0.5296
   28.100586          27   28.100586           0   28.100586     24.1939   28.100586      0.5400
   28.112793          30   28.112793           0   28.112793     24.1398   28.112793      1.0699
   28.125000          23   28.125000           1   28.125000     24.0859   28.125000     -0.2264
   28.137207          23   28.137207           0   28.137207     24.0322   28.137207     -0.2152
   28.149414          31   28.149414           0   28.149414     23.9785   28.149414      1.2611
   28.161621          20   28.161621           0   28.161621     23.9250   28.161621     -0.8776
   28.173828          24   28.173828           0   28.173828     23.8715   28.173828      0.0262
   28.186035          31   28.186035           0   28.186035     23.8182   28.186035      1.2899
   28.198243          20   28.198243           0   28.198243     23.7650   28.198243     -0.8419
   28.210450          30   28.210450           0   28.210450     23.7120   28.210450      1.1480
   28.222657          17   28.222657           0   28.222657     23.6590   28.222657     -1.6151
   28.234864          28   28.234864           0   28.234864     23.6062   28.234864      0.8303
   28.247071          33   28.247071           0   28.247071     23.5535   28.247071      1.6444
   28.259278          38   28.259278           0   28.259278     23.5009   28.259278      2.3521
   28.271485          22   28.271485           0   28.271485     23.4484   28.271485     -0.3088
   28.283692          21   28.283692           0   28.283692     23.3961   28.283692     -0.5229
   28.295899          20   28.295899           0   28.295899     23.3438   28.295899     -0.7477
   28.308106          22   28.308106           0   28.308106     23.2917   28.308106     -0.2754
   28.320313          26   28.320313           0   28.320313     23.2397   28.320313      0.5413
   28.332520          32   28.332520           0   28.332520     23.1878   28.332520      1.5578
   28.344727          21   28.344727           0   28.344727     23.1360   28.344727     -0.4661
   28.356934          20   28.356934           0   28.356934     23.0844   28.356934     -0.6897
   28.369141          23   28.369141           0   28.369141     23.0328   28.369141     -0.0068
   28.381348          34   28.381348           0   28.381348     22.9814   28.381348      1.8897
   28.393555          21   28.393555           0   28.393555     22.9301   28.393555     -0.4212
   28.405762          16   28.405762           0   28.405762     22.8789   28.405762     -1.7197
   28.417969          16   28.417969           0   28.417969     22.8278   28.417969     -1.7070
   28.430176          29   28.430176           0   28.430176     22.7768   28.430176      1.1556
   28.442383          18   28.442383           0   28.442383     22.7260   28.442383     -1.1139
   28.454590          25   28.454590           0   28.454590     22.6752   28.454590      0.4650
   28.466797          21   28.466797           0   28.466797     22.6246   28.466797     -0.3545
   28.479004          22   28.479004           0   28.479004     22.5741   28.479004     -0.1224
   28.491211          25   28.491211           0   28.491211     22.5237   28.491211      0.4953
   28.503418          26   28.503418           0   28.503418     22.4734   28.503418      0.6916
   28.515625          21   28.515625           0   28.515625     22.4232   28.515625     -0.3106
   28.527832          25   28.527832           0   28.527832     22.3732   28.527832      0.5254
   28.540039          22   28.540039           0   28.540039     22.3232   28.540039     -0.0689
   28.552246          24   28.552246           0   28.552246     22.2734   28.552246      0.3524
   28.564453          19   28.564453           0   28.564453     22.2236   28.564453     -0.7396
   28.576660          18   28.576660           0   28.576660     22.1740   28.576660     -0.9838
   28.588868          21   28.588868           0   28.588868     22.1245   28.588868     -0.2454
   28.601075          30   28.601075           0   28.601075     22.0751   28.601075      1.4469
   28.613282          27   28.613282           0   28.613282     22.0258   28.613282      0.9573
   28.625489          31   28.625489           0   28.625489     21.9766   28.625489      1.6206
   28.637696          27   28.637696           0   28.637696     21.9276   28.637696      0.9762
   28.649903          26   28.649903           0   28.649903     21.8786   28.649903      0.8083
   28.662110          21   28.662110           0   28.662110     21.8297   28.662110     -0.1811
   28.674317          19   28.674317           0   28.674317     21.7810   28.674317     -0.6380
   28.686524          20   28.686524           0   28.686524     21.7324   28.686524     -0.3874
   28.698731          21   28.698731           0   28.698731     21.6838   28.698731     -0.1492
   28.710938          28   28.710938           0   28.710938     21.6354   28.710938      1.2028
   28.723145          20   28.723145           0   28.723145     21.5871   28.723145     -0.3549
   28.735352          20   28.735352           0   28.735352     21.5389   28.735352     -0.3441
   28.747559          21   28.747559           0   28.747559     21.4908   28.747559     -0.1071
   28.759766          22   28.759766           0   28.759766     21.4456   28.759766      0.1182
   28.771973          17   28.771973           0   28.771973     21.4155   28.771973     -1.0709
   28.784180          21   28.784180           0   28.784180     21.3677   28.784180     -0.0802
   28.796387          29   28.796387           0   28.796387     21.3200   28.796387      1.4261
   28.808594          30   28.808594           1   28.808594     21.2724   28.808594      1.5934
   28.820801          20   28.820801           0   28.820801     21.2249   28.820801     -0.2739
   28.833008          19   28.833008           0   28.833008     21.1775   28.833008     -0.4996
   28.845215          30   28.845215           0   28.845215     21.1302   28.845215      1.6194
   28.857422          37   28.857422           0   28.857422     21.0831   28.857422      2.6167
   28.869629          17   28.869629           0   28.869629     21.0360   28.869629     -0.9789
   28.881836          22   28.881836           0   28.881836     20.9890   28.881836      0.2155
   28.894043          18   28.894043           0   28.894043     20.9421   28.894043     -0.6935
   28.906250          34   28.906250           0   28.906250     20.8954   28.906250      2.2474
   28.918457          18   28.918457           0   28.918457     20.8487   28.918457     -0.6715
   28.930664          17   28.930664           0   28.930664     20.8022   28.930664     -0.9222
   28.942871          20   28.942871           0   28.942871     20.7557   28.942871     -0.1690
   28.955078          23   28.955078           0   28.955078     20.7094   28.955078      0.4776
   28.967285          19   28.967285           0   28.967285     20.6631   28.967285     -0.3816
   28.979493          17   28.979493           0   28.979493     20.6170   28.979493     -0.8773
   28.991700          30   28.991700           0   28.991700     20.5710   28.991700      1.7215
   29.003907          17   29.003907           0   29.003907     20.5250   29.003907     -0.8549
   29.016114          21   29.016114           0   29.016114     20.4792   29.016114      0.1136
   29.028321          27   29.028321           0   29.028321     20.4335   29.028321      1.2637
   29.040528          21   29.040528           0   29.040528     20.3879   29.040528      0.1336
   29.052735          19   29.052735           0   29.052735     20.3423   29.052735     -0.3080
   29.064942          19   29.064942           0   29.064942     20.2969   29.064942     -0.2975
   29.077149          18   29.077149           0   29.077149     20.2516   29.077149     -0.5307
   29.089356          24   29.089356           0   29.089356     20.2064   29.089356      0.7744
   29.101563          13   29.101563           0   29.101563     20.1613   29.101563     -1.9862
   29.113770          33   29.113770           0   29.113770     20.1162   29.113770      2.2428
   29.125977          26   29.125977           0   29.125977     20.0713   29.125977      1.1627
   29.138184          26   29.138184           0   29.138184     20.0265   29.138184      1.1715
   29.150391          24   29.150391           0   29.150391     19.9818   29.150391      0.8202
   29.162598          21   29.162598           0   29.162598     19.9372   29.162598      0.2319
   29.174805          17   29.174805           0   29.174805     19.8927   29.174805     -0.7016
   29.187012          24   29.187012           0   29.187012     19.8482   29.187012      0.8475
   29.199219          21   29.199219           0   29.199219     19.8039   29.199219      0.2610
   29.211426          32   29.211426           0   29.211426     19.7653   29.211426      2.1628
   29.223633          22   29.223633           0   29.223633     19.7567   29.223633      0.4783
   29.235840          20   29.235840           0   29.235840     19.7126   29.235840      0.0643
   29.248047          25   29.248047           0   29.248047     19.6686   29.248047      1.0663
   29.260254          18   29.260254           2   29.260254     19.6247   29.260254     -0.3829
   29.272461          16   29.272461           0   29.272461     19.5837   29.272461     -0.8959
   29.284668          18   29.284668           0   29.284668     19.5577   29.284668     -0.3672
   29.296875          24   29.296875           0   29.296875     19.5141   29.296875      0.9157
   29.309082          20   29.309082           0   29.309082     19.4705   29.309082      0.1184
   29.321289          23   29.321289           1   29.321289     19.4270   29.321289      0.7450
   29.333496          18   29.333496           0   29.333496     19.3837   29.333496     -0.3261
   29.345703          20   29.345703           0   29.345703     19.3404   29.345703      0.1475
   29.357910          23   29.357910           0   29.357910     19.2972   29.357910      0.7721
   29.370118          18   29.370118           0   29.370118     19.2541   29.370118     -0.2956
   29.382325          11   29.382325           0   29.382325     19.2111   29.382325     -2.4757
   29.394532          27   29.394532           0   29.394532     19.1682   29.394532      1.5072
   29.406739          19   29.406739           0   29.406739     19.1254   29.406739     -0.0288
   29.418946          22   29.418946           0   29.418946     19.0827   29.418946      0.6220
   29.431153          26   29.431153           0   29.431153     19.0401   29.431153      1.3649
   29.443360          17   29.443360           0   29.443360     18.9976   29.443360     -0.4845
   29.455567          16   29.455567           0   29.455567     18.9552   29.455567     -0.7388
   29.467774          17   29.467774           0   29.467774     18.9128   29.467774     -0.4639
   29.479981          26   29.479981           0   29.479981     18.8706   29.479981      1.3982
   29.492188          13   29.492188           0   29.492188     18.8285   29.492188     -1.6165
   29.504395          18   29.504395           0   29.504395     18.7864   29.504395     -0.1854
   29.516602          22   29.516602           0   29.516602     18.7445   29.516602      0.6941
   29.528809          22   29.528809           0   29.528809     18.7054   29.528809      0.7024
   29.541016          24   29.541016           0   29.541016     18.6815   29.541016      1.0856
   29.553223          18   29.553223           0   29.553223     18.6398   29.553223     -0.1508
   29.565430          29   29.565430           0   29.565430     18.5981   29.565430      1.9316
   29.577637          18   29.577637           1   29.577637     18.5566   29.577637     -0.1312
   29.589844          18   29.589844           0   29.589844     18.5152   29.589844     -0.1214
   29.602051          18   29.602051           0   29.602051     18.4738   29.602051     -0.1117
   29.614258          19   29.614258           0   29.614258     18.4326   29.614258      0.1302
   29.626465          13   29.626465           0   29.626465     18.3914   29.626465     -1.4953
   29.638672          15   29.638672           0   29.638672     18.3504   29.638672     -0.8651
   29.650879          20   29.650879           0   29.650879     18.3094   29.650879      0.3780
   29.663086          23   29.663086           0   29.663086     18.2685   29.663086      0.9866
   29.675293          25   29.675293           0   29.675293     18.2277   29.675293      1.3545
   29.687500          15   29.687500           0   29.687500     18.1870   29.687500     -0.8229
   29.699707          24   29.699707           0   29.699707     18.1464   29.699707      1.1949
   29.711914          19   29.711914           0   29.711914     18.1059   29.711914      0.2051
   29.724121          19   29.724121           0   29.724121     18.0655   29.724121      0.2144
   29.736328          23   29.736328           0   29.736328     18.0251   29.736328      1.0373
   29.748536          15   29.748536           0   29.748536     17.9849   29.748536     -0.7707
   29.760743          15   29.760743           0   29.760743     17.9447   29.760743     -0.7603
   29.772950          18   29.772950           0   29.772950     17.9046   29.772950      0.0225
   29.785157          23   29.785157           0   29.785157     17.8647   29.785157      1.0708
   29.797364          13   29.797364           0   29.797364     17.8248   29.797364     -1.3382
   29.809571          18   29.809571           0   29.809571     17.7850   29.809571      0.0507
   29.821778          21   29.821778           0   29.821778     17.7453   29.821778      0.7102
   29.833985          20   29.833985           0   29.833985     17.7056   29.833985      0.5130
   29.846192          16   29.846192           0   29.846192     17.6661   29.846192     -0.4165
   29.858399          15   29.858399           0   29.858399     17.6267   29.858399     -0.6782
   29.870606          12   29.870606           0   29.870606     17.5873   29.870606     -1.6129
   29.882813          19   29.882813           0   29.882813     17.5480   29.882813      0.3331
   29.895020          12   29.895020           0   29.895020     17.5089   29.895020     -1.5903
   29.907227          20   29.907227           0   29.907227     17.4698   29.907227      0.5658
   29.919434          21   29.919434           0   29.919434     17.4308   29.919434      0.7789
   29.931641          19   29.931641           0   29.931641     17.3918   29.931641      0.3689
   29.943848          19   29.943848           0   29.943848     17.3530   29.943848      0.3778
   29.956055          22   29.956055           0   29.956055     17.3143   29.956055      0.9990
   29.968262          22   29.968262           0   29.968262     17.2756   29.968262      1.0072
   29.980469          20   29.980469           0   29.980469     17.2370   29.980469      0.6178
   29.992676          14   29.992676           0   29.992676     17.1985   29.992676     -0.8548
   30.004883          18   30.004883           0   30.004883     17.1601   30.004883      0.1980
   30.017090          18   30.017090           0   30.017090     17.1218   30.017090      0.2070
   30.029297          17   30.029297           0   30.029297     17.0836   30.029297     -0.0203
   30.041504          17   30.041504           0   30.041504     17.0454   30.041504     -0.0110
   30.053711          18   30.053711           0   30.053711     17.0074   30.053711      0.2340
   30.065918          25   30.065918           0   30.065918     16.9694   30.065918      1.6061
   30.078125          24   30.078125           0   30.078125     16.9315   30.078125      1.4428
   30.090332          17   30.090332           0   30.090332     16.8937   30.090332      0.0258
   30.102539          19   30.102539           0   30.102539     16.8560   30.102539      0.4919
   30.114746          17   30.114746           0   30.114746     16.8184   30.114746      0.0441
   30.126953          17   30.126953           0   30.126953     16.7808   30.126953      0.0532
   30.139161          20   30.139161           0   30.139161     16.7433   30.139161      0.7282
   30.151368          23   30.151368           0   30.151368     16.7060   30.151368      1.3124
   30.163575          22   30.163575           0   30.163575     16.6687   30.163575      1.1366
   30.175782          18   30.175782           0   30.175782     16.6314   30.175782      0.3226
   30.187989          20   30.187989           0   30.187989     16.5943   30.187989      0.7615
   30.200196          15   30.200196           0   30.200196     16.5572   30.200196     -0.4021
   30.212403          29   30.212403           0   30.212403     16.5203   30.212403      2.3174
   30.224610          21   30.224610           0   30.224610     16.4862   30.224610      0.9850
   30.236817          16   30.236817           0   30.236817     16.4672   30.236817     -0.1168
   30.249024          19   30.249024           0   30.249024     16.4332   30.249024      0.5889
   30.261231          20   30.261231           0   30.261231     16.4143   30.261231      0.8018
   30.273438           8   30.273438           1   30.273438     16.3776   30.273438     -2.9619
   30.285645          12   30.285645           0   30.285645     16.3411   30.285645     -1.2532
   30.297852          14   30.297852           1   30.297852     16.3046   30.297852     -0.6159
   30.310059          15   30.310059           0   30.310059     16.2682   30.310059     -0.3274
   30.322266          20   30.322266           0   30.322266     16.2319   30.322266      0.8426
   30.334473          20   30.334473           0   30.334473     16.1956   30.334473      0.8507
   30.346680          20   30.346680           0   30.346680     16.1595   30.346680      0.8588
   30.358887          23   30.358887           0   30.358887     16.1234   30.358887      1.4339
   30.371094          22   30.371094           0   30.371094     16.0874   30.371094      1.2606
   30.383301          13   30.383301           0   30.383301     16.0514   30.383301     -0.8463
   30.395508          18   30.395508           0   30.395508     16.0156   30.395508      0.4677
   30.407715          13   30.407715           0   30.407715     15.9798   30.407715     -0.8265
   30.419922          22   30.419922           0   30.419922     15.9442   30.419922      1.2911
   30.432129          17   30.432129           0   30.432129     15.9086   30.432129      0.2647
   30.444336          25   30.444336           0   30.444336     15.8730   30.444336      1.8254
   30.456543          18   30.456543           0   30.456543     15.8376   30.456543      0.5097
   30.468750          19   30.468750           0   30.468750     15.8022   30.468750      0.7336
   30.480957          14   30.480957           0   30.480957     15.7670   30.480957     -0.4722
   30.493164          13   30.493164           0   30.493164     15.7318   30.493164     -0.7577
   30.505371          14   30.505371           0   30.505371     15.6966   30.505371     -0.4534
   30.517578          14   30.517578           0   30.517578     15.6616   30.517578     -0.4441
   30.529786          13   30.529786           0   30.529786     15.6266   30.529786     -0.7285
   30.541993          17   30.541993           0   30.541993     15.5917   30.541993      0.3416
   30.554200          22   30.554200           0   30.554200     15.5569   30.554200      1.3737
   30.566407          18   30.566407           0   30.566407     15.5222   30.566407      0.5840
   30.578614          14   30.578614           0   30.578614     15.4875   30.578614     -0.3976
   30.590821          23   30.590821           0   30.590821     15.4529   30.590821      1.5737
   30.603028          17   30.603028           0   30.603028     15.4184   30.603028      0.3836
   30.615235          19   30.615235           0   30.615235     15.3840   30.615235      0.8296
   30.627442          12   30.627442           0   30.627442     15.3496   30.627442     -0.9670
   30.639649          18   30.639649           0   30.639649     15.3154   30.639649      0.6328
   30.651856          19   30.651856           0   30.651856     15.2812   30.651856      0.8532
   30.664063          21   30.664063           0   30.664063     15.2471   30.664063      1.2554
   30.676270          18   30.676270           0   30.676270     15.2130   30.676270      0.6569
   30.688477          11   30.688477           0   30.688477     15.1790   30.688477     -1.2600
   30.700684          20   30.700684           0   30.700684     15.1452   30.700684      1.0856
   30.712891          20   30.712891           0   30.712891     15.1113   30.712891      1.0931
   30.725098          13   30.725098           0   30.725098     15.0776   30.725098     -0.5762
   30.737305          19   30.737305           0   30.737305     15.0467   30.737305      0.9069
   30.749512          19   30.749512           0   30.749512     15.0309   30.749512      0.9106
   30.761719          24   30.761719           0   30.761719     14.9974   30.761719      1.8377
   30.773926          14   30.773926           0   30.773926     14.9639   30.773926     -0.2576
   30.786133          19   30.786133           1   30.786133     14.9305   30.786133      0.9336
   30.798340          12   30.798340           0   30.798340     14.8971   30.798340     -0.8363
   30.810547          23   30.810547           0   30.810547     14.8639   30.810547      1.6965
   30.822754          18   30.822754           0   30.822754     14.8307   30.822754      0.7470
   30.834961          19   30.834961           0   30.834961     14.7976   30.834961      0.9641
   30.847168          16   30.847168           0   30.847168     14.7645   30.847168      0.3089
   30.859375          15   30.859375           0   30.859375     14.7343   30.859375      0.0686
   30.871582          11   30.871582           0   30.871582     14.7192   30.871582     -1.1214
   30.883789          17   30.883789           0   30.883789     14.6864   30.883789      0.5611
   30.895996          16   30.895996           0   30.895996     14.6536   30.895996      0.3366
   30.908203          17   30.908203           1   30.908203     14.6209   30.908203      0.5770
   30.920411          17   30.920411           0   30.920411     14.5882   30.920411      0.5849
   30.932618          18   30.932618           0   30.932618     14.5556   30.932618      0.8118
   30.944825          14   30.944825           0   30.944825     14.5231   30.944825     -0.1398
   30.957032          12   30.957032           0   30.957032     14.4907   30.957032     -0.7190
   30.969239          17   30.969239           0   30.969239     14.4584   30.969239      0.6164
   30.981446          14   30.981446           0   30.981446     14.4261   30.981446     -0.1139
   30.993653          21   30.993653           0   30.993653     14.3939   30.993653      1.4416
   31.005860          16   31.005860           0   31.005860     14.3617   31.005860      0.4096
   31.018067          15   31.018067           0   31.018067     14.3297   31.018067      0.1731
   31.030274          16   31.030274           0   31.030274     14.2977   31.030274      0.4256
   31.042481          15   31.042481           0   31.042481     14.2657   31.042481      0.1896
   31.054688          12   31.054688           0   31.054688     14.2339   31.054688     -0.6449
   31.066895          16   31.066895           0   31.066895     14.2021   31.066895      0.4495
   31.079102          20   31.079102           0   31.079102     14.1704   31.079102      1.3035
   31.091309          20   31.091309           0   31.091309     14.1387   31.091309      1.3106
   31.103516          10   31.103516           0   31.103516     14.1072   31.103516     -1.2988
   31.115723          22   31.115723           0   31.115723     14.0757   31.115723      1.6895
   31.127930          15   31.127930           0   31.127930     14.0443   31.127930      0.2468
   31.140137          12   31.140137           0   31.140137     14.0157   31.140137     -0.5819
   31.152344          17   31.152344           0   31.152344     14.0022   31.152344      0.7271
   31.164551          14   31.164551           0   31.164551     13.9709   31.164551      0.0078
   31.176758          15   31.176758           0   31.176758     13.9425   31.176758      0.2730
   31.188965          10   31.188965           1   31.188965     13.9292   31.188965     -1.2425
   31.201172          15   31.201172           0   31.201172     13.8981   31.201172      0.2845
   31.213379          16   31.213379           0   31.213379     13.8671   31.213379      0.5332
   31.225586          15   31.225586           1   31.225586     13.8361   31.225586      0.3005
   31.237793          15   31.237793           0   31.237793     13.8052   31.237793      0.3085
   31.250000          17   31.250000           0   31.250000     13.7744   31.250000      0.7823
   31.262207          22   31.262207           0   31.262207     13.7436   31.262207      1.7603
   31.274414          20   31.274414           0   31.274414     13.7129   31.274414      1.4058
   31.286621          15   31.286621           0   31.286621     13.6851   31.286621      0.3395
   31.298828           6   31.298828           0   31.298828     13.6723   31.298828     -3.1322
   31.311036          12   31.311036           0   31.311036     13.6418   31.311036     -0.4740
   31.323243          16   31.323243           0   31.323243     13.6114   31.323243      0.5972
   31.335450          15   31.335450           1   31.335450     13.5810   31.335450      0.3664
   31.347657          13   31.347657           0   31.347657     13.5506   31.347657     -0.1527
   31.359864          13   31.359864           0   31.359864     13.5204   31.359864     -0.1443
   31.372071          13   31.372071           0   31.372071     13.4902   31.372071     -0.1360
   31.384278          17   31.384278           0   31.384278     13.4601   31.384278      0.8586
   31.396485           9   31.396485           0   31.396485     13.4300   31.396485     -1.4767
   31.408692          23   31.408692           0   31.408692     13.4000   31.408692      2.0017
   31.420899          12   31.420899           0   31.420899     13.3701   31.420899     -0.3955
   31.433106          20   31.433106           0   31.433106     13.3403   31.433106      1.4892
   31.445313          10   31.445313           0   31.445313     13.3105   31.445313     -1.0469
   31.457520          14   31.457520           0   31.457520     13.2807   31.457520      0.1922
   31.469727           9   31.469727           0   31.469727     13.2511   31.469727     -1.4170
   31.481934          19   31.481934           0   31.481934     13.2215   31.481934      1.3257
   31.494141          13   31.494141           0   31.494141     13.1920   31.494141     -0.0532
   31.506348          15   31.506348           0   31.506348     13.1625   31.506348      0.4744
   31.518555          15   31.518555           0   31.518555     13.1387   31.518555      0.4806
   31.530762          18   31.530762           0   31.530762     13.1450   31.530762      1.1443
   31.542969          14   31.542969           0   31.542969     13.1156   31.542969      0.2364
   31.555176          13   31.555176           0   31.555176     13.0863   31.555176     -0.0239
   31.567383          13   31.567383           2   31.567383     13.0571   31.567383     -0.0158
   31.579590          19   31.579590           0   31.579590     13.0280   31.579590      1.3701
   31.591797           9   31.591797           0   31.591797     12.9989   31.591797     -1.3330
   31.604004          14   31.604004           0   31.604004     12.9699   31.604004      0.2753
   31.616211          13   31.616211           0   31.616211     12.9409   31.616211      0.0164
   31.628418          12   31.628418           0   31.628418     12.9120   31.628418     -0.2633
   31.640625          14   31.640625           0   31.640625     12.8832   31.640625      0.2985
   31.652832          10   31.652832           0   31.652832     12.8544   31.652832     -0.9026
   31.665039          17   31.665039           0   31.665039     12.8285   31.665039      1.0117
   31.677246          14   31.677246           0   31.677246     12.8176   31.677246      0.3160
   31.689453          18   31.689453           0   31.689453     12.7890   31.689453      1.2282
   31.701661          10   31.701661           0   31.701661     12.7605   31.701661     -0.8729
   31.713868          12   31.713868           1   31.713868     12.7320   31.713868     -0.2113
   31.726075          11   31.726075           0   31.726075     12.7036   31.726075     -0.5136
   31.738282           8   31.738282           0   31.738282     12.6752   31.738282     -1.6529
   31.750489          15   31.750489           0   31.750489     12.6469   31.750489      0.6076
   31.762696          17   31.762696           0   31.762696     12.6186   31.762696      1.0626
   31.774903          12   31.774903           0   31.774903     12.5905   31.774903     -0.1705
   31.787110          14   31.787110           0   31.787110     12.5651   31.787110      0.3835
   31.799317          14   31.799317           0   31.799317     12.5549   31.799317      0.3862
   31.811524          19   31.811524           0   31.811524     12.5269   31.811524      1.4850
   31.823731          10   31.823731           0   31.823731     12.4989   31.823731     -0.7902
   31.835938          15   31.835938           1   31.835938     12.4710   31.835938      0.6530
   31.848145          14   31.848145           0   31.848145     12.4431   31.848145      0.4161
   31.860352           5   31.860352           0   31.860352     12.4153   31.860352     -3.3162
   31.872559          10   31.872559           0   31.872559     12.3904   31.872559     -0.7559
   31.884766          16   31.884766           0   31.884766     12.3806   31.884766      0.9049
   31.896973          14   31.896973           0   31.896973     12.3529   31.896973      0.4402
   31.909180           9   31.909180           0   31.909180     12.3253   31.909180     -1.1084
   31.921387          11   31.921387           1   31.921387     12.3006   31.921387     -0.3921
   31.933594          13   31.933594           0   31.933594     12.2909   31.933594      0.1967
   31.945801          16   31.945801           0   31.945801     12.2635   31.945801      0.9341
   31.958008          11   31.958008           0   31.958008     12.2361   31.958008     -0.3727
   31.970215          12   31.970215           1   31.970215     12.2088   31.970215     -0.0603
   31.982422           9   31.982422           0   31.982422     12.1815   31.982422     -1.0605
   31.994629           9   31.994629           0   31.994629     12.1543   31.994629     -1.0514
   32.006836          16   32.006836           0   32.006836     12.1272   32.006836      0.9682
   32.019043           8   32.019043           0   32.019043     12.1001   32.019043     -1.4496
   32.031250          12   32.031250           0   32.031250     12.0731   32.031250     -0.0211
   32.043457          10   32.043457           0   32.043457     12.0461   32.043457     -0.6470
   32.055664          16   32.055664           0   32.055664     12.0192   32.055664      0.9952
   32.067871          17   32.067871           0   32.067871     11.9924   32.067871      1.2145
   32.080078          14   32.080078           0   32.080078     11.9656   32.080078      0.5437
   32.092286          15   32.092286           0   32.092286     11.9389   32.092286      0.7904
   32.104493          12   32.104493           0   32.104493     11.9122   32.104493      0.0253
   32.116700           8   32.116700           0   32.116700     11.8856   32.116700     -1.3738
   32.128907           8   32.128907           0   32.128907     11.8591   32.128907     -1.3644
   32.141114           9   32.141114           0   32.141114     11.8326   32.141114     -0.9442
   32.153321          20   32.153321           0   32.153321     11.8062   32.153321      1.8322
   32.165528          11   32.165528           0   32.165528     11.7798   32.165528     -0.2351
   32.177735          14   32.177735           0   32.177735     11.7535   32.177735      0.6004
   32.189942          12   32.189942           0   32.189942     11.7273   32.189942      0.0787
   32.202149          11   32.202149           0   32.202149     11.7011   32.202149     -0.2114
   32.214356          18   32.214356           0   32.214356     11.6750   32.214356      1.4908
   32.226563           6   32.226563           0   32.226563     11.6489   32.226563     -2.3062
   32.238770           7   32.238770           0   32.238770     11.6229   32.238770     -1.7473
   32.250977           6   32.250977           0   32.250977     11.5970   32.250977     -2.2849
   32.263184           9   32.263184           0   32.263184     11.5711   32.263184     -0.8570
   32.275391          15   32.275391           0   32.275391     11.5452   32.275391      0.8920
   32.287598          15   32.287598           0   32.287598     11.5194   32.287598      0.8987
   32.299805           9   32.299805           0   32.299805     11.4937   32.299805     -0.8312
   32.312012          17   32.312012           0   32.312012     11.4681   32.312012      1.3417
   32.324219          16   32.324219           0   32.324219     11.4425   32.324219      1.1394
   32.336426          11   32.336426           0   32.336426     11.4169   32.336426     -0.1257
   32.348633          13   32.348633           0   32.348633     11.3914   32.348633      0.4461
   32.360840          11   32.360840           0   32.360840     11.3660   32.360840     -0.1103
   32.373047          19   32.373047           0   32.373047     11.3406   32.373047      1.7572
   32.385254          13   32.385254           0   32.385254     11.3153   32.385254      0.4673
   32.397461          11   32.397461           0   32.397461     11.2900   32.397461     -0.0874
   32.409668           4   32.409668           0   32.409668     11.2648   32.409668     -3.6324
   32.421875          15   32.421875           0   32.421875     11.2397   32.421875      0.9709
   32.434082          11   32.434082           0   32.434082     11.2146   32.434082     -0.0647
   32.446289          10   32.446289           0   32.446289     11.1895   32.446289     -0.3762
   32.458496          11   32.458496           0   32.458496     11.1645   32.458496     -0.0496
   32.470704          10   32.470704           0   32.470704     11.1424   32.470704     -0.3613
   32.482911          14   32.482911           0   32.482911     11.1353   32.482911      0.7656
   32.495118          17   32.495118           0   32.495118     11.1132   32.495118      1.4278
   32.507325          13   32.507325           0   32.507325     11.1062   32.507325      0.5252
   32.519532          14   32.519532           1   32.519532     11.0814   32.519532      0.7800
   32.531739          16   32.531739           0   32.531739     11.0567   32.531739      1.2358
   32.543946           9   32.543946           1   32.543946     11.0320   32.543946     -0.6773
   32.556153          15   32.556153           0   32.556153     11.0074   32.556153      1.0309
   32.568360           7   32.568360           0   32.568360     10.9828   32.568360     -1.5054
   32.580567          10   32.580567           0   32.580567     10.9583   32.580567     -0.3030
   32.592774          11   32.592774           0   32.592774     10.9338   32.592774      0.0200
   32.604981          15   32.604981           0   32.604981     10.9094   32.604981      1.0562
   32.617188          10   32.617188           0   32.617188     10.8850   32.617188     -0.2799
   32.629395          12   32.629395           0   32.629395     10.8607   32.629395      0.3289
   32.641602           9   32.641602           0   32.641602     10.8365   32.641602     -0.6122
   32.653809          10   32.653809           0   32.653809     10.8123   32.653809     -0.2569
   32.666016          12   32.666016           0   32.666016     10.7881   32.666016      0.3498
   32.678223          11   32.678223           0   32.678223     10.7640   32.678223      0.0711
   32.690430          13   32.690430           0   32.690430     10.7400   32.690430      0.6268
   32.702637          11   32.702637           0   32.702637     10.7160   32.702637      0.0856
   32.714844           9   32.714844           0   32.714844     10.6921   32.714844     -0.5640
   32.727051          13   32.727051           0   32.727051     10.6710   32.727051      0.6459
   32.739258           9   32.739258           0   32.739258     10.6650   32.739258     -0.5550
   32.751465           8   32.751465           0   32.751465     10.6412   32.751465     -0.9338
   32.763672          16   32.763672           0   32.763672     10.6174   32.763672      1.3456
   32.775879          10   32.775879           1   32.775879     10.5937   32.775879     -0.1877
   32.788086           5   32.788086           0   32.788086     10.5701   32.788086     -2.4910
   32.800293           8   32.800293           0   32.800293     10.5465   32.800293     -0.9003
   32.812500          12   32.812500           0   32.812500     10.5229   32.812500      0.4264
   32.824707          13   32.824707           0   32.824707     10.4994   32.824707      0.6935
   32.836914           8   32.836914           0   32.836914     10.4760   32.836914     -0.8754
   32.849121          10   32.849121           0   32.849121     10.4526   32.849121     -0.1431
   32.861329           6   32.861329           0   32.861329     10.4292   32.861329     -1.8082
   32.873536          15   32.873536           0   32.873536     10.4059   32.873536      1.1862
   32.885743          13   32.885743           0   32.885743     10.3827   32.885743      0.7259
   32.897950           8   32.897950           0   32.897950     10.3595   32.897950     -0.8342
   32.910157           6   32.910157           0   32.910157     10.3364   32.910157     -1.7703
   32.922364           8   32.922364           0   32.922364     10.3133   32.922364     -0.8179
   32.934571          10   32.934571           0   32.934571     10.2903   32.934571     -0.0918
   32.946778           8   32.946778           0   32.946778     10.2673   32.946778     -0.8016
   32.958985          19   32.958985           0   32.958985     10.2444   32.958985      2.0087
   32.971192          13   32.971192           0   32.971192     10.2215   32.971192      0.7706
   32.983399           8   32.983399           0   32.983399     10.1987   32.983399     -0.7774
   32.995606          21   32.995606           0   32.995606     10.1759   32.995606      2.3620
   33.007813           8   33.007813           0   33.007813     10.1532   33.007813     -0.7613
   33.020020          13   33.020020           0   33.020020     10.1305   33.020020      0.7958
   33.032227          10   33.032227           0   33.032227     10.1079   33.032227     -0.0341
   33.044434           7   33.044434           0   33.044434     10.0853   33.044434     -1.1661
   33.056641           5   33.056641           0   33.056641     10.0628   33.056641     -2.2642
   33.068848          14   33.068848           0   33.068848     10.0404   33.068848      1.0583
   33.081055          22   33.081055           0   33.081055     10.0207   33.081055      2.5540
   33.093262          11   33.093262           0   33.093262     10.0161   33.093262      0.2966
   33.105469          13   33.105469           0   33.105469      9.9938   33.105469      0.8338
   33.117676           9   33.117676           0   33.117676      9.9715   33.117676     -0.3238
   33.129883          11   33.129883           1   33.129883      9.9492   33.129883      0.3168
   33.142090           7   33.142090           0   33.142090      9.9270   33.142090     -1.1063
   33.154297          13   33.154297           0   33.154297      9.9048   33.154297      0.8584
   33.166504           9   33.166504           0   33.166504      9.8827   33.166504     -0.2942
   33.178711          12   33.178711           0   33.178711      9.8606   33.178711      0.6176
   33.190918          12   33.190918           0   33.190918      9.8386   33.190918      0.6239
   33.203125           5   33.203125           0   33.203125      9.8167   33.203125     -2.1541
   33.215332           6   33.215332           0   33.215332      9.7947   33.215332     -1.5492
   33.227539           9   33.227539           0   33.227539      9.7729   33.227539     -0.2576
   33.239746           7   33.239746           0   33.239746      9.7538   33.239746     -1.0408
   33.251954          11   33.251954           0   33.251954      9.7499   33.251954      0.3769
   33.264161          10   33.264161           0   33.264161      9.7281   33.264161      0.0860
   33.276368           4   33.276368           0   33.276368      9.7064   33.276368     -2.8532
   33.288575          11   33.288575           1   33.288575      9.6847   33.288575      0.3966
   33.300782          13   33.300782           0   33.300782      9.6631   33.300782      0.9255
   33.312989           5   33.312989           0   33.312989      9.6415   33.312989     -2.0757
   33.325196          13   33.325196           0   33.325196      9.6200   33.325196      0.9375
   33.337403          10   33.337403           0   33.337403      9.5985   33.337403      0.1270
   33.349610           9   33.349610           0   33.349610      9.5771   33.349610     -0.1924
   33.361817          11   33.361817           0   33.361817      9.5557   33.361817      0.4355
   33.374024          15   33.374024           0   33.374024      9.5343   33.374024      1.4112
   33.386231           9   33.386231           0   33.386231      9.5130   33.386231     -0.1710
   33.398438           7   33.398438           0   33.398438      9.4918   33.398438     -0.9418
   33.410645           7   33.410645           0   33.410645      9.4706   33.410645     -0.9338
   33.422852           9   33.422852           0   33.422852      9.4495   33.422852     -0.1498
   33.435059          10   33.435059           0   33.435059      9.4284   33.435059      0.1808
   33.447266           5   33.447266           0   33.447266      9.4073   33.447266     -1.9710
   33.459473           3   33.459473           0   33.459473      9.3863   33.459473     -3.6871
   33.471680           7   33.471680           0   33.471680      9.3653   33.471680     -0.8940
   33.483887          11   33.483887           0   33.483887      9.3444   33.483887      0.4992
   33.496094          13   33.496094           0   33.496094      9.3236   33.496094      1.0197
   33.508301           7   33.508301           0   33.508301      9.3028   33.508301     -0.8704
   33.520508           7   33.520508           0   33.520508      9.2820   33.520508     -0.8625
   33.532715          13   33.532715           0   33.532715      9.2613   33.532715      1.0369
   33.544922           8   33.544922           0   33.544922      9.2406   33.544922     -0.4386
   33.557129           9   33.557129           0   33.557129      9.2199   33.557129     -0.0733
   33.569336           6   33.569336           0   33.569336      9.1994   33.569336     -1.3061
   33.581543          10   33.581543           0   33.581543      9.1788   33.581543      0.2597
   33.593750           9   33.593750           0   33.593750      9.1583   33.593750     -0.0528
   33.605957           9   33.605957           0   33.605957      9.1379   33.605957     -0.0460
   33.618164           8   33.618164           0   33.618164      9.1175   33.618164     -0.3951
   33.630371           5   33.630371           0   33.630371      9.0971   33.630371     -1.8323
   33.642579          17   33.642579           0   33.642579      9.0768   33.642579      1.9217
   33.654786           6   33.654786           0   33.654786      9.0565   33.654786     -1.2478
   33.666993           9   33.666993           0   33.666993      9.0363   33.666993     -0.0121
   33.679200           9   33.679200           0   33.679200      9.0161   33.679200     -0.0054
   33.691407          10   33.691407           0   33.691407      8.9960   33.691407      0.3175
   33.703614          13   33.703614           0   33.703614      8.9759   33.703614      1.1161
   33.715821          10   33.715821           0   33.715821      8.9559   33.715821      0.3302
   33.728028           5   33.728028           0   33.728028      8.9359   33.728028     -1.7602
   33.740235          10   33.740235           0   33.740235      8.9159   33.740235      0.3428
   33.752442           6   33.752442           0   33.752442      8.8960   33.752442     -1.1823
   33.764649           4   33.764649           0   33.764649      8.8762   33.764649     -2.4381
   33.776856          18   33.776856           0   33.776856      8.8563   33.776856      2.1552
   33.789063          11   33.789063           0   33.789063      8.8366   33.789063      0.6523
   33.801270           9   33.801270           0   33.801270      8.8168   33.801270      0.0611
   33.813477          11   33.813477           0   33.813477      8.7971   33.813477      0.6642
   33.825684          10   33.825684           0   33.825684      8.7775   33.825684      0.3866
   33.837891          13   33.837891           0   33.837891      8.7579   33.837891      1.1765
   33.850098           5   33.850098           0   33.850098      8.7383   33.850098     -1.6718
   33.862305           9   33.862305           0   33.862305      8.7188   33.862305      0.0937
   33.874512           6   33.874512           0   33.874512      8.6994   33.874512     -1.1020
   33.886719          10   33.886719           0   33.886719      8.6799   33.886719      0.4174
   33.898926          13   33.898926           0   33.898926      8.6606   33.898926      1.2035
   33.911133           9   33.911133           0   33.911133      8.6412   33.911133      0.1196
   33.923340          11   33.923340           0   33.923340      8.6219   33.923340      0.7170
   33.935547           8   33.935547           0   33.935547      8.6027   33.935547     -0.2131
   33.947754           7   33.947754           0   33.947754      8.5835   33.947754     -0.5985
   33.959961           7   33.959961           0   33.959961      8.5643   33.959961     -0.5913
   33.972168           5   33.972168           0   33.972168      8.5452   33.972168     -1.5855
   33.984375          17   33.984375           0   33.984375      8.5261   33.984375      2.0552
   33.996582           7   33.996582           0   33.996582      8.5071   33.996582     -0.5696
   34.008789           6   34.008789           0   34.008789      8.4881   34.008789     -1.0158
   34.020996          13   34.020996           0   34.020996      8.4691   34.020996      1.2566
   34.033204          12   34.033204           0   34.033204      8.4502   34.033204      1.0247
   34.045411           9   34.045411           0   34.045411      8.4313   34.045411      0.1896
   34.057618           7   34.057618           0   34.057618      8.4125   34.057618     -0.5339
   34.069825          10   34.069825           0   34.069825      8.3937   34.069825      0.5079
   34.082032           6   34.082032           0   34.082032      8.3750   34.082032     -0.9696
   34.094239           9   34.094239           0   34.094239      8.3563   34.094239      0.2146
   34.106446           9   34.106446           0   34.106446      8.3376   34.106446      0.2208
   34.118653           7   34.118653           0   34.118653      8.3190   34.118653     -0.4985
   34.130860           6   34.130860           0   34.130860      8.3004   34.130860     -0.9391
   34.143067           9   34.143067           0   34.143067      8.2819   34.143067      0.2394
   34.155274           5   34.155274           0   34.155274      8.2634   34.155274     -1.4594
   34.167481           7   34.167481           0   34.167481      8.2450   34.167481     -0.4706
   34.179688          14   34.179688           0   34.179688      8.2266   34.179688      1.5430
   34.191895           5   34.191895           0   34.191895      8.2082   34.191895     -1.4347
   34.204102          12   34.204102           0   34.204102      8.1899   34.204102      1.0999
   34.216309           6   34.216309           0   34.216309      8.1716   34.216309     -0.8865
   34.228516           6   34.228516           0   34.228516      8.1533   34.228516     -0.8791
   34.240723           7   34.240723           0   34.240723      8.1351   34.240723     -0.4290
   34.252930           7   34.252930           0   34.252930      8.1170   34.252930     -0.4222
   34.265137          11   34.265137           0   34.265137      8.0988   34.265137      0.8747
   34.277344           9   34.277344           0   34.277344      8.0807   34.277344      0.3064
   34.289551           8   34.289551           0   34.289551      8.0627   34.289551     -0.0222
   34.301758           8   34.301758           0   34.301758      8.0447   34.301758     -0.0158
   34.313965           6   34.313965           0   34.313965      8.0267   34.313965     -0.8274
   34.326172           5   34.326172           0   34.326172      8.0088   34.326172     -1.3456
   34.338379           6   34.338379           0   34.338379      7.9937   34.338379     -0.8139
   34.350586           6   34.350586           0   34.350586      7.9937   34.350586     -0.8139
   34.362793           5   34.362793           0   34.362793      7.9758   34.362793     -1.3308
   34.375000          10   34.375000           0   34.375000      7.9580   34.375000      0.6457
   34.387207           7   34.387207           1   34.387207      7.9402   34.387207     -0.3554
   34.399414           9   34.399414           0   34.399414      7.9225   34.399414      0.3592
   34.411621           5   34.411621           0   34.411621      7.9048   34.411621     -1.2991
   34.423829           8   34.423829           0   34.423829      7.8872   34.423829      0.0399
   34.436036           6   34.436036           0   34.436036      7.8696   34.436036     -0.7632
   34.448243           9   34.448243           0   34.448243      7.8520   34.448243      0.3827
   34.460450           9   34.460450           0   34.460450      7.8345   34.460450      0.3885
   34.472657          14   34.472657           0   34.472657      7.8170   34.472657      1.6525
   34.484864           9   34.484864           0   34.484864      7.8023   34.484864      0.3992
   34.497071           4   34.497071           0   34.497071      7.8027   34.497071     -1.9013
   34.509278          11   34.509278           0   34.509278      7.7853   34.509278      0.9693
   34.521485           6   34.521485           0   34.521485      7.7679   34.521485     -0.7217
   34.533692           5   34.533692           1   34.533692      7.7505   34.533692     -1.2301
   34.545899           9   34.545899           0   34.545899      7.7332   34.545899      0.4223
   34.558106           6   34.558106           0   34.558106      7.7160   34.558106     -0.7005
   34.570313          11   34.570313           0   34.570313      7.6987   34.570313      0.9954
   34.582520           9   34.582520           0   34.582520      7.6815   34.582520      0.4395
   34.594727          11   34.594727           0   34.594727      7.6644   34.594727      1.0057
   34.606934           8   34.606934           0   34.606934      7.6473   34.606934      0.1247
   34.619141          11   34.619141           0   34.619141      7.6302   34.619141      1.0160
   34.631348           9   34.631348           0   34.631348      7.6132   34.631348      0.4623
   34.643555           8   34.643555           0   34.643555      7.5962   34.643555      0.1428
   34.655762           8   34.655762           0   34.655762      7.5792   34.655762      0.1488
   34.667969           8   34.667969           0   34.667969      7.5623   34.667969      0.1548
   34.680176           5   34.680176           0   34.680176      7.5454   34.680176     -1.1383
   34.692383           6   34.692383           0   34.692383      7.5285   34.692383     -0.6240
   34.704590          11   34.704590           0   34.704590      7.5117   34.704590      1.0518
   34.716797           4   34.716797           0   34.716797      7.4950   34.716797     -1.7475
   34.729004          10   34.729004           0   34.729004      7.4782   34.729004      0.7975
   34.741211           9   34.741211           0   34.741211      7.4615   34.741211      0.5128
   34.753418           6   34.753418           0   34.753418      7.4449   34.753418     -0.5899
   34.765625           7   34.765625           0   34.765625      7.4282   34.765625     -0.1619
   34.777832          11   34.777832           0   34.777832      7.4117   34.777832      1.0819
   34.790039          13   34.790039           0   34.790039      7.3951   34.790039      1.5545
   34.802247          10   34.802247           0   34.802247      7.3786   34.802247      0.8290
   34.814454           6   34.814454           0   34.814454      7.3621   34.814454     -0.5561
   34.826661          14   34.826661           0   34.826661      7.3457   34.826661      1.7784
   34.838868           6   34.838868           0   34.838868      7.3293   34.838868     -0.5427
   34.851075          11   34.851075           0   34.851075      7.3129   34.851075      1.1117
   34.863282          10   34.863282           0   34.863282      7.2966   34.863282      0.8549
   34.875489           5   34.875489           0   34.875489      7.2803   34.875489     -1.0198
   34.887696           7   34.887696           0   34.887696      7.2640   34.887696     -0.0998
   34.899903          11   34.899903           0   34.899903      7.2478   34.899903      1.1313
   34.912110           6   34.912110           0   34.912110      7.2316   34.912110     -0.5028
   34.924317           8   34.924317           0   34.924317      7.2155   34.924317      0.2774
   34.936524          10   34.936524           0   34.936524      7.1994   34.936524      0.8856
   34.948731           2   34.948731           0   34.948731      7.1833   34.948731     -3.6652
   34.960938          11   34.960938           0   34.960938      7.1673   34.960938      1.1556
   34.973145          13   34.973145           0   34.973145      7.1513   34.973145      1.6221
   34.985352           8   34.985352           0   34.985352      7.1353   34.985352      0.3057
   34.997559           5   34.997559           0   34.997559      7.1194   34.997559     -0.9478
   35.009766          11   35.009766           0   35.009766      7.1062   35.009766      1.1740
   35.021973           7   35.021973           0   35.021973      7.1082   35.021973     -0.0409
   35.034180          12   35.034180           0   35.034180      7.0923   35.034180      1.4167
   35.046387           9   35.046387           0   35.046387      7.0765   35.046387      0.6412
   35.058594           5   35.058594           1   35.058594      7.0607   35.058594     -0.9216
   35.070801          14   35.070801           0   35.070801      7.0449   35.070801      1.8588
   35.083008           4   35.083008           0   35.083008      7.0292   35.083008     -1.5146
   35.095215           6   35.095215           0   35.095215      7.0135   35.095215     -0.4138
   35.107422           7   35.107422           0   35.107422      6.9978   35.107422      0.0008
   35.119629           4   35.119629           0   35.119629      6.9822   35.119629     -1.4911
   35.131836           9   35.131836           0   35.131836      6.9666   35.131836      0.6778
   35.144043          15   35.144043           0   35.144043      6.9511   35.144043      2.0782
   35.156250           7   35.156250           0   35.156250      6.9355   35.156250      0.0244
   35.168457           6   35.168457           0   35.168457      6.9201   35.168457     -0.3756
   35.180664           5   35.180664           0   35.180664      6.9046   35.180664     -0.8518
   35.192872           6   35.192872           0   35.192872      6.8892   35.192872     -0.3630
   35.205079           7   35.205079           0   35.205079      6.8738   35.205079      0.0477
   35.217286           2   35.217286           0   35.217286      6.8585   35.217286     -3.4354
   35.229493          10   35.229493           0   35.229493      6.8431   35.229493      0.9983
   35.241700           7   35.241700           0   35.241700      6.8279   35.241700      0.0651
   35.253907           3   35.253907           0   35.253907      6.8126   35.253907     -2.2012
   35.266114          10   35.266114           0   35.266114      6.7974   35.266114      1.0127
   35.278321           7   35.278321           0   35.278321      6.7822   35.278321      0.0823
   35.290528           5   35.290528           0   35.290528      6.7671   35.290528     -0.7903
   35.302735           7   35.302735           0   35.302735      6.7520   35.302735      0.0937
   35.314942          11   35.314942           0   35.314942      6.7369   35.314942      1.2854
   35.327149          10   35.327149           0   35.327149      6.7219   35.327149      1.0366
   35.339356           8   35.339356           0   35.339356      6.7068   35.339356      0.4572
   35.351563          13   35.351563           0   35.351563      6.6919   35.351563      1.7496
   35.363770           4   35.363770           0   35.363770      6.6769   35.363770     -1.3385
   35.375977           8   35.375977           0   35.375977      6.6620   35.375977      0.4730
   35.388184           4   35.388184           0   35.388184      6.6471   35.388184     -1.3236
   35.400391           5   35.400391           0   35.400391      6.6323   35.400391     -0.7300
   35.412598           5   35.412598           0   35.412598      6.6175   35.412598     -0.7234
   35.424805           6   35.424805           0   35.424805      6.6055   35.424805     -0.2472
   35.437012           4   35.437012           0   35.437012      6.6086   35.437012     -1.3043
   35.449219           8   35.449219           0   35.449219      6.5938   35.449219      0.4972
   35.461426          12   35.461426           0   35.461426      6.5791   35.461426      1.5649
   35.473633           4   35.473633           1   35.473633      6.5644   35.473633     -1.2822
   35.485840           4   35.485840           0   35.485840      6.5497   35.485840     -1.2749
   35.498047           7   35.498047           0   35.498047      6.5351   35.498047      0.1757
   35.510254           5   35.510254           0   35.510254      6.5205   35.510254     -0.6800
   35.522461           9   35.522461           0   35.522461      6.5060   35.522461      0.8313
   35.534668           5   35.534668           0   35.534668      6.4914   35.534668     -0.6670
   35.546875           6   35.546875           0   35.546875      6.4769   35.546875     -0.1947
   35.559082           7   35.559082           0   35.559082      6.4625   35.559082      0.2032
   35.571289           7   35.571289           0   35.571289      6.4480   35.571289      0.2086
   35.583497           9   35.583497           0   35.583497      6.4336   35.583497      0.8555
   35.595704          11   35.595704           0   35.595704      6.4193   35.595704      1.3811
   35.607911           5   35.607911           0   35.607911      6.4050   35.607911     -0.6283
   35.620118           4   35.620118           0   35.620118      6.3906   35.620118     -1.1953
   35.632325           6   35.632325           0   35.632325      6.3764   35.632325     -0.1537
   35.644532           4   35.644532           0   35.644532      6.3621   35.644532     -1.1811
   35.656739           5   35.656739           0   35.656739      6.3479   35.656739     -0.6028
   35.668946           9   35.668946           0   35.668946      6.3338   35.668946      0.8887
   35.681153           4   35.681153           0   35.681153      6.3224   35.681153     -1.1612
   35.693360           8   35.693360           0   35.693360      6.3261   35.693360      0.5918
   35.705567           5   35.705567           0   35.705567      6.3120   35.705567     -0.5867
   35.717774           9   35.717774           0   35.717774      6.2979   35.717774      0.9007
   35.729981           9   35.729981           1   35.729981      6.2838   35.729981      0.9054
   35.742188           6   35.742188           0   35.742188      6.2698   35.742188     -0.1101
   35.754395           5   35.754395           0   35.754395      6.2558   35.754395     -0.5616
   35.766602           6   35.766602           0   35.766602      6.2418   35.766602     -0.0987
   35.778809           4   35.778809           0   35.778809      6.2279   35.778809     -1.1139
   35.791016           5   35.791016           0   35.791016      6.2140   35.791016     -0.5429
   35.803223           6   35.803223           0   35.803223      6.2001   35.803223     -0.0817
   35.815430           5   35.815430           0   35.815430      6.1890   35.815430     -0.5317
   35.827637           7   35.827637           0   35.827637      6.1930   35.827637      0.3050
   35.839844           7   35.839844           0   35.839844      6.1792   35.839844      0.3102
   35.852051           6   35.852051           0   35.852051      6.1654   35.852051     -0.0675
   35.864258           6   35.864258           1   35.864258      6.1516   35.864258     -0.0619
   35.876465           4   35.876465           0   35.876465      6.1379   35.876465     -1.0689
   35.888672          10   35.888672           0   35.888672      6.1242   35.888672      1.2256
   35.900879           4   35.900879           0   35.900879      6.1105   35.900879     -1.0553
   35.913086          15   35.913086           0   35.913086      6.0969   35.913086      2.2988
   35.925293           4   35.925293           0   35.925293      6.0833   35.925293     -1.0416
   35.937500           7   35.937500           0   35.937500      6.0697   35.937500      0.3516
   35.949707          12   35.949707           0   35.949707      6.0561   35.949707      1.7158
   35.961914          10   35.961914           0   35.961914      6.0426   35.961914      1.2514
   35.974122           4   35.974122           0   35.974122      6.0291   35.974122     -1.0146
   35.986329           2   35.986329           0   35.986329      6.0156   35.986329     -2.8395
   35.998536           4   35.998536           0   35.998536      6.0022   35.998536     -1.0011
   36.010743           6   36.010743           0   36.010743      5.9888   36.010743      0.0046
   36.022950           7   36.022950           0   36.022950      5.9754   36.022950      0.3872
   36.035157           6   36.035157           0   36.035157      5.9621   36.035157      0.0155
   36.047364           4   36.047364           0   36.047364      5.9488   36.047364     -0.9744
   36.059571           6   36.059571           0   36.059571      5.9355   36.059571      0.0263
   36.071778           3   36.071778           0   36.071778      5.9222   36.071778     -1.6872
   36.083985           6   36.083985           0   36.083985      5.9090   36.083985      0.0371
   36.096192          10   36.096192           0   36.096192      5.8958   36.096192      1.2979
   36.108399           3   36.108399           0   36.108399      5.8854   36.108399     -1.6659
   36.120606           6   36.120606           0   36.120606      5.8901   36.120606      0.0449
   36.132813           6   36.132813           0   36.132813      5.8770   36.132813      0.0502
   36.145020          11   36.145020           0   36.145020      5.8638   36.145020      1.5486
   36.157227           6   36.157227           1   36.157227      5.8507   36.157227      0.0609
   36.169434          11   36.169434           0   36.169434      5.8377   36.169434      1.5565
   36.181641           3   36.181641           0   36.181641      5.8246   36.181641     -1.6308
   36.193848           9   36.193848           0   36.193848      5.8116   36.193848      1.0628
   36.206055          11   36.206055           0   36.206055      5.7987   36.206055      1.5683
   36.218262           5   36.218262           0   36.218262      5.7857   36.218262     -0.3514
   36.230469           3   36.230469           0   36.230469      5.7728   36.230469     -1.6009
   36.242676           8   36.242676           0   36.242676      5.7599   36.242676      0.7920
   36.254883           7   36.254883           0   36.254883      5.7471   36.254883      0.4736
   36.267090           5   36.267090           0   36.267090      5.7342   36.267090     -0.3284
   36.279297          11   36.279297           0   36.279297      5.7214   36.279297      1.5916
   36.291504           3   36.291504           0   36.291504      5.7086   36.291504     -1.5638
   36.303711           5   36.303711           0   36.303711      5.6959   36.303711     -0.3112
   36.315918           2   36.315918           0   36.315918      5.6832   36.315918     -2.6044
   36.328125           5   36.328125           0   36.328125      5.6705   36.328125     -0.2999
   36.340332           3   36.340332           0   36.340332      5.6578   36.340332     -1.5345
   36.352539           5   36.352539           0   36.352539      5.6452   36.352539     -0.2885
   36.364747           5   36.364747           0   36.364747      5.6326   36.364747     -0.2829
   36.376954           6   36.376954           0   36.376954      5.6200   36.376954      0.1551
   36.389161           6   36.389161           0   36.389161      5.6075   36.389161      0.1603
   36.401368           4   36.401368           0   36.401368      5.5949   36.401368     -0.7975
   36.413575           7   36.413575           0   36.413575      5.5824   36.413575      0.5358
   36.425782          11   36.425782           0   36.425782      5.5700   36.425782      1.6372
   36.437989           4   36.437989           0   36.437989      5.5575   36.437989     -0.7788
   36.450196           8   36.450196           0   36.450196      5.5451   36.450196      0.8679
   36.462403           7   36.462403           0   36.462403      5.5328   36.462403      0.5546
   36.474610           5   36.474610           0   36.474610      5.5204   36.474610     -0.2327
   36.486817           5   36.486817           0   36.486817      5.5081   36.486817     -0.2272
   36.499024           4   36.499024           0   36.499024      5.4958   36.499024     -0.7479
   36.511231           3   36.511231           0   36.511231      5.4835   36.511231     -1.4339
   36.523438           5   36.523438           0   36.523438      5.4740   36.523438     -0.2120
   36.535645           4   36.535645           0   36.535645      5.4796   36.535645     -0.7398
   36.547852           7   36.547852           0   36.547852      5.4674   36.547852      0.5793
   36.560059           8   36.560059           0   36.560059      5.4552   36.560059      0.8997
   36.572266           2   36.572266           1   36.572266      5.4430   36.572266     -2.4346
   36.584473           8   36.584473           0   36.584473      5.4309   36.584473      0.9083
   36.596680           5   36.596680           0   36.596680      5.4187   36.596680     -0.1873
   36.608887           6   36.608887           0   36.608887      5.4066   36.608887      0.2422
   36.621094           3   36.621094           0   36.621094      5.3973   36.621094     -1.3841
   36.633301           7   36.633301           0   36.633301      5.4031   36.633301      0.6036
   36.645508           6   36.645508           0   36.645508      5.3910   36.645508      0.2486
   36.657715           8   36.657715           0   36.657715      5.3790   36.657715      0.9267
   36.669922           6   36.669922           1   36.669922      5.3670   36.669922      0.2584
   36.682129          10   36.682129           0   36.682129      5.3550   36.682129      1.4689
   36.694336           4   36.694336           0   36.694336      5.3430   36.694336     -0.6715
   36.706543           2   36.706543           0   36.706543      5.3311   36.706543     -2.3554
   36.718750           6   36.718750           0   36.718750      5.3192   36.718750      0.2779
   36.730957           7   36.730957           0   36.730957      5.3073   36.730957      0.6398
   36.743164           5   36.743164           0   36.743164      5.2955   36.743164     -0.1321
   36.755372           8   36.755372           0   36.755372      5.2837   36.755372      0.9604
   36.767579           7   36.767579           0   36.767579      5.2719   36.767579      0.6532
   36.779786           4   36.779786           0   36.779786      5.2601   36.779786     -0.6300
   36.791993           2   36.791993           0   36.791993      5.2483   36.791993     -2.2969
   36.804200           4   36.804200           0   36.804200      5.2366   36.804200     -0.6183
   36.816407           8   36.816407           0   36.816407      5.2249   36.816407      0.9811
   36.828614           1   36.828614           0   36.828614      5.2133   36.828614     -4.2133
   36.840821           7   36.840821           0   36.840821      5.2016   36.840821      0.6797
   36.853028           4   36.853028           0   36.853028      5.1900   36.853028     -0.5950
   36.865235           7   36.865235           0   36.865235      5.1784   36.865235      0.6885
   36.877442           6   36.877442           0   36.877442      5.1669   36.877442      0.3401
   36.889649          10   36.889649           0   36.889649      5.1553   36.889649      1.5320
   36.901856           6   36.901856           0   36.901856      5.1438   36.901856      0.3495
   36.914063           8   36.914063           0   36.914063      5.1323   36.914063      1.0139
   36.926270           6   36.926270           0   36.926270      5.1209   36.926270      0.3589
   36.938477           3   36.938477           0   36.938477      5.1094   36.938477     -1.2179
   36.950684           7   36.950684           0   36.950684      5.0980   36.950684      0.7189
   36.962891           5   36.962891           0   36.962891      5.0866   36.962891     -0.0387
   36.975098          14   36.975098           0   36.975098      5.0753   36.975098      2.3852
   36.987305           6   36.987305           0   36.987305      5.0639   36.987305      0.3821
   36.999512           9   36.999512           0   36.999512      5.0526   36.999512      1.3158
   37.011719           6   37.011719           0   37.011719      5.0414   37.011719      0.3914
   37.023926           9   37.023926           0   37.023926      5.0301   37.023926      1.3233
   37.036133           8   37.036133           0   37.036133      5.0189   37.036133      1.0540
   37.048340           7   37.048340           0   37.048340      5.0104   37.048340      0.7520
   37.060547          11   37.060547           0   37.060547      5.0171   37.060547      1.8039
   37.072754           4   37.072754           0   37.072754      5.0059   37.072754     -0.5029
   37.084961           2   37.084961           0   37.084961      4.9947   37.084961     -2.1176
   37.097168           7   37.097168           1   37.097168      4.9835   37.097168      0.7622
   37.109375           7   37.109375           0   37.109375      4.9724   37.109375      0.7664
   37.121582           7   37.121582           0   37.121582      4.9613   37.121582      0.7706
   37.133789           5   37.133789           0   37.133789      4.9502   37.133789      0.0223
   37.145997           6   37.145997           0   37.145997      4.9392   37.145997      0.4331
   37.158204           4   37.158204           0   37.158204      4.9281   37.158204     -0.4641
   37.170411           9   37.170411           0   37.170411      4.9171   37.170411      1.3610
   37.182618           4   37.182618           0   37.182618      4.9062   37.182618     -0.4531
   37.194825           6   37.194825           0   37.194825      4.8952   37.194825      0.4510
   37.207032           7   37.207032           0   37.207032      4.8843   37.207032      0.7997
   37.219239          11   37.219239           0   37.219239      4.8734   37.219239      1.8472
   37.231446           4   37.231446           0   37.231446      4.8625   37.231446     -0.4312
   37.243653           4   37.243653           0   37.243653      4.8516   37.243653     -0.4258
   37.255860           3   37.255860           0   37.255860      4.8408   37.255860     -1.0628
   37.268067           1   37.268067           0   37.268067      4.8300   37.268067     -3.8300
   37.280274           9   37.280274           0   37.280274      4.8192   37.280274      1.3936
   37.292481           8   37.292481           0   37.292481      4.8084   37.292481      1.1284
   37.304688           2   37.304688           0   37.304688      4.7977   37.304688     -1.9783
   37.316895           5   37.316895           0   37.316895      4.7870   37.316895      0.0953
   37.329102           4   37.329102           0   37.329102      4.7763   37.329102     -0.3882
   37.341309           7   37.341309           0   37.341309      4.7656   37.341309      0.8445
   37.353516           6   37.353516           0   37.353516      4.7550   37.353516      0.5083
   37.365723          10   37.365723           0   37.365723      4.7444   37.365723      1.6620
   37.377930           8   37.377930           0   37.377930      4.7338   37.377930      1.1548
   37.390137           3   37.390137           0   37.390137      4.7232   37.390137     -0.9949
   37.402344           6   37.402344           0   37.402344      4.7127   37.402344      0.5255
   37.414551           2   37.414551           0   37.414551      4.7022   37.414551     -1.9107
   37.426758           7   37.426758           0   37.426758      4.6917   37.426758      0.8725
   37.438965           6   37.438965           0   37.438965      4.6812   37.438965      0.5384
   37.451172           5   37.451172           0   37.451172      4.6735   37.451172      0.1460
   37.463379           9   37.463379           0   37.463379      4.6809   37.463379      1.4397
   37.475586           5   37.475586           0   37.475586      4.6704   37.475586      0.1474
   37.487793           6   37.487793           0   37.487793      4.6600   37.487793      0.5471
   37.500000           8   37.500000           1   37.500000      4.6496   37.500000      1.1845
   37.512207           4   37.512207           0   37.512207      4.6392   37.512207     -0.3196
   37.524415           4   37.524415           0   37.524415      4.6316   37.524415     -0.3158
   37.536622           9   37.536622           0   37.536622      4.6391   37.536622      1.4536
   37.548829           7   37.548829           0   37.548829      4.6287   37.548829      0.8963
   37.561036           4   37.561036           0   37.561036      4.6184   37.561036     -0.3092
   37.573243           6   37.573243           1   37.573243      4.6081   37.573243      0.5682
   37.585450           3   37.585450           0   37.585450      4.5978   37.585450     -0.9225
   37.597657           6   37.597657           0   37.597657      4.5875   37.597657      0.5766
   37.609864           2   37.609864           0   37.609864      4.5773   37.609864     -1.8224
   37.622071           1   37.622071           0   37.622071      4.5671   37.622071     -3.5671
   37.634278           6   37.634278           0   37.634278      4.5569   37.634278      0.5892
   37.646485           4   37.646485           0   37.646485      4.5467   37.646485     -0.2734
   37.658692           8   37.658692           0   37.658692      4.5366   37.658692      1.2245
   37.670899          10   37.670899           0   37.670899      4.5264   37.670899      1.7309
   37.683106           2   37.683106           0   37.683106      4.5191   37.683106     -1.7813
   37.695313           5   37.695313           0   37.695313      4.5268   37.695313      0.2116
   37.707520           5   37.707520           0   37.707520      4.5167   37.707520      0.2161
   37.719727          10   37.719727           0   37.719727      4.5066   37.719727      1.7372
   37.731934           4   37.731934           1   37.731934      4.4966   37.731934     -0.2483
   37.744141           3   37.744141           0   37.744141      4.4865   37.744141     -0.8582
   37.756348           4   37.756348           0   37.756348      4.4765   37.756348     -0.2383
   37.768555           7   37.768555           0   37.768555      4.4665   37.768555      0.9576
   37.780762           4   37.780762           0   37.780762      4.4565   37.780762     -0.2283
   37.792969           7   37.792969           0   37.792969      4.4466   37.792969      0.9651
   37.805176           2   37.805176           0   37.805176      4.4367   37.805176     -1.7230
   37.817383           5   37.817383           0   37.817383      4.4267   37.817383      0.2564
   37.829590           8   37.829590           0   37.829590      4.4169   37.829590      1.2668
   37.841797           0   37.841797           0   37.841797      4.4070   37.841797     -4.4070
   37.854004           5   37.854004           0   37.854004      4.3972   37.854004      0.2696
   37.866211           3   37.866211           0   37.866211      4.3873   37.866211     -0.8010
   37.878418           4   37.878418           0   37.878418      4.3775   37.878418     -0.1888
   37.890625           6   37.890625           0   37.890625      4.3678   37.890625      0.6664
   37.902832           2   37.902832           0   37.902832      4.3608   37.902832     -1.6693
   37.915040           1   37.915040           0   37.915040      4.3689   37.915040     -3.3689
   37.927247           3   37.927247           0   37.927247      4.3591   37.927247     -0.7847
   37.939454           3   37.939454           0   37.939454      4.3494   37.939454     -0.7791
   37.951661           3   37.951661           1   37.951661      4.3424   37.951661     -0.7751
   37.963868           2   37.963868           0   37.963868      4.3506   37.963868     -1.6621
   37.976075           4   37.976075           0   37.976075      4.3408   37.976075     -0.1704
   37.988282           4   37.988282           0   37.988282      4.3312   37.988282     -0.1656
   38.000489           5   38.000489           1   38.000489      4.3215   38.000489      0.3034
   38.012696           6   38.012696           0   38.012696      4.3118   38.012696      0.6892
   38.024903           3   38.024903           0   38.024903      4.3022   38.024903     -0.7518
   38.037110           1   38.037110           0   38.037110      4.2926   38.037110     -3.2926
   38.049317           4   38.049317           0   38.049317      4.2830   38.049317     -0.1415
   38.061524           5   38.061524           0   38.061524      4.2735   38.061524      0.3249
   38.073731           4   38.073731           0   38.073731      4.2639   38.073731     -0.1320
   38.085938           6   38.085938           0   38.085938      4.2544   38.085938      0.7126
   38.098145           3   38.098145           0   38.098145      4.2449   38.098145     -0.7187
   38.110352           6   38.110352           0   38.110352      4.2354   38.110352      0.7204
   38.122559           4   38.122559           0   38.122559      4.2260   38.122559     -0.1130
   38.134766           4   38.134766           0   38.134766      4.2193   38.134766     -0.1096
   38.146973           6   38.146973           0   38.146973      4.2277   38.146973      0.7235
   38.159180           1   38.159180           0   38.159180      4.2182   38.159180     -3.2182
   38.171387           1   38.171387           0   38.171387      4.2088   38.171387     -3.2088
   38.183594           3   38.183594           1   38.183594      4.1994   38.183594     -0.6925
   38.195801           2   38.195801           0   38.195801      4.1901   38.195801     -1.5486
   38.208008           4   38.208008           0   38.208008      4.1807   38.208008     -0.0904
   38.220215          12   38.220215           0   38.220215      4.1714   38.220215      2.2599
   38.232422           3   38.232422           0   38.232422      4.1621   38.232422     -0.6709
   38.244629           1   38.244629           0   38.244629      4.1528   38.244629     -3.1528
   38.256836           3   38.256836           0   38.256836      4.1435   38.256836     -0.6602
   38.269043           1   38.269043           0   38.269043      4.1342   38.269043     -3.1342
   38.281250           4   38.281250           0   38.281250      4.1250   38.281250     -0.0625
   38.293457           7   38.293457           0   38.293457      4.1158   38.293457      1.0901
   38.305665           5   38.305665           0   38.305665      4.1066   38.305665      0.3995
   38.317872           7   38.317872           0   38.317872      4.0974   38.317872      1.0971
   38.330079           2   38.330079           0   38.330079      4.0883   38.330079     -1.4766
   38.342286           7   38.342286           0   38.342286      4.0792   38.342286      1.1040
   38.354493           8   38.354493           0   38.354493      4.0700   38.354493      1.3894
   38.366700           7   38.366700           0   38.366700      4.0610   38.366700      1.1109
   38.378907           3   38.378907           0   38.378907      4.0519   38.378907     -0.6073
   38.391114           3   38.391114           0   38.391114      4.0428   38.391114     -0.6021
   38.403321           1   38.403321           0   38.403321      4.0366   38.403321     -3.0366
   38.415528           2   38.415528           0   38.415528      4.0454   38.415528     -1.4463
   38.427735           3   38.427735           0   38.427735      4.0364   38.427735     -0.5983
   38.439942           3   38.439942           0   38.439942      4.0273   38.439942     -0.5931
   38.452149           6   38.452149           1   38.452149      4.0184   38.452149      0.8090
   38.464356           4   38.464356           0   38.464356      4.0094   38.464356     -0.0047
   38.476563           2   38.476563           0   38.476563      4.0004   38.476563     -1.4145
   38.488770           4   38.488770           0   38.488770      3.9915   38.488770      0.0043
   38.500977           4   38.500977           0   38.500977      3.9826   38.500977      0.0087
   38.513184           2   38.513184           0   38.513184      3.9737   38.513184     -1.3956
   38.525391           6   38.525391           0   38.525391      3.9676   38.525391      0.8297
   38.537598           3   38.537598           0   38.537598      3.9766   38.537598     -0.5638
   38.549805           3   38.549805           0   38.549805      3.9677   38.549805     -0.5587
   38.562012           2   38.562012           0   38.562012      3.9588   38.562012     -1.3851
   38.574219           4   38.574219           1   38.574219      3.9527   38.574219      0.0236
   38.586426           6   38.586426           0   38.586426      3.9617   38.586426      0.8321
   38.598633           2   38.598633           0   38.598633      3.9529   38.598633     -1.3809
   38.610840           3   38.610840           0   38.610840      3.9441   38.610840     -0.5451
   38.623047           2   38.623047           1   38.623047      3.9353   38.623047     -1.3684
   38.635254           6   38.635254           0   38.635254      3.9265   38.635254      0.8465
   38.647461           3   38.647461           0   38.647461      3.9205   38.647461     -0.5314
   38.659668           2   38.659668           0   38.659668      3.9323   38.659668     -1.3664
   38.671875           4   38.671875           0   38.671875      3.9413   38.671875      0.0293
   38.684082           3   38.684082           0   38.684082      3.9325   38.684082     -0.5384
   38.696290           4   38.696290           1   38.696290      3.9238   38.696290      0.0381
   38.708497           4   38.708497           1   38.708497      3.9150   38.708497      0.0425
   38.720704           3   38.720704           0   38.720704      3.9063   38.720704     -0.5232
   38.732911           1   38.732911           0   38.732911      3.8975   38.732911     -2.8975
   38.745118           6   38.745118           0   38.745118      3.8888   38.745118      0.8619
   38.757325           1   38.757325           0   38.757325      3.8802   38.757325     -2.8802
   38.769532           4   38.769532           0   38.769532      3.8715   38.769532      0.0643
   38.781739           8   38.781739           0   38.781739      3.8628   38.781739      1.4627
   38.793946           3   38.793946           0   38.793946      3.8542   38.793946     -0.4932
   38.806153           4   38.806153           0   38.806153      3.8456   38.806153      0.0772
   38.818360           6   38.818360           0   38.818360      3.8370   38.818360      0.8830
   38.830567           4   38.830567           0   38.830567      3.8285   38.830567      0.0858
   38.842774           5   38.842774           0   38.842774      3.8199   38.842774      0.5278
   38.854981           3   38.854981           0   38.854981      3.8114   38.854981     -0.4685
   38.867188           3   38.867188           0   38.867188      3.8029   38.867188     -0.4635
   38.879395           2   38.879395           0   38.879395      3.7944   38.879395     -1.2688
   38.891602           2   38.891602           0   38.891602      3.7887   38.891602     -1.2648
   38.903809           6   38.903809           0   38.903809      3.7980   38.903809      0.8989
   38.916016           4   38.916016           0   38.916016      3.7896   38.916016      0.1052
   38.928223           3   38.928223           0   38.928223      3.7811   38.928223     -0.4510
   38.940430           3   38.940430           1   38.940430      3.7727   38.940430     -0.4461
   38.952637           5   38.952637           0   38.952637      3.7642   38.952637      0.5527
   38.964844           7   38.964844           0   38.964844      3.7558   38.964844      1.2262
   38.977051           2   38.977051           0   38.977051      3.7474   38.977051     -1.2356
   38.989258           6   38.989258           0   38.989258      3.7391   38.989258      0.9230
   39.001465           3   39.001465           0   39.001465      3.7307   39.001465     -0.4219
   39.013672           3   39.013672           0   39.013672      3.7224   39.013672     -0.4171
   39.025879           2   39.025879           0   39.025879      3.7141   39.025879     -1.2120
   39.038086           4   39.038086           0   39.038086      3.7058   39.038086      0.1471
   39.050293           3   39.050293           0   39.050293      3.7003   39.050293     -0.4043
   39.062500           2   39.062500           0   39.062500      3.7098   39.062500     -1.2090
   39.074707           4   39.074707           0   39.074707      3.7016   39.074707      0.1492
   39.086915           1   39.086915           0   39.086915      3.6933   39.086915     -2.6933
   39.099122           3   39.099122           1   39.099122      3.6850   39.099122     -0.3955
   39.111329           1   39.111329           0   39.111329      3.6768   39.111329     -2.6768
   39.123536           3   39.123536           0   39.123536      3.6686   39.123536     -0.3860
   39.135743           1   39.135743           0   39.135743      3.6604   39.135743     -2.6604
   39.147950           3   39.147950           0   39.147950      3.6550   39.147950     -0.3782
   39.160157           4   39.160157           0   39.160157      3.6647   39.160157      0.1677
   39.172364           3   39.172364           0   39.172364      3.6565   39.172364     -0.3790
   39.184571           1   39.184571           0   39.184571      3.6483   39.184571     -2.6483
   39.196778           3   39.196778           1   39.196778      3.6402   39.196778     -0.3696
   39.208985           2   39.208985           0   39.208985      3.6320   39.208985     -1.1540
   39.221192           4   39.221192           0   39.221192      3.6239   39.221192      0.1880
   39.233399           4   39.233399           0   39.233399      3.6158   39.233399      0.1921
   39.245606           3   39.245606           0   39.245606      3.6105   39.245606     -0.3525
   39.257813           3   39.257813           0   39.257813      3.6203   39.257813     -0.3581
   39.270020           5   39.270020           0   39.270020      3.6122   39.270020      0.6206
   39.282227           2   39.282227           0   39.282227      3.6042   39.282227     -1.1343
   39.294434           0   39.294434           1   39.294434      3.5961   39.294434     -3.5961
   39.306641           2   39.306641           0   39.306641      3.5881   39.306641     -1.1229
   39.318848           4   39.318848           0   39.318848      3.5801   39.318848      0.2100
   39.331055           3   39.331055           0   39.331055      3.5721   39.331055     -0.3303
   39.343262           5   39.343262           0   39.343262      3.5641   39.343262      0.6422
   39.355469           6   39.355469           0   39.355469      3.5561   39.355469      0.9977
   39.367676           4   39.367676           0   39.367676      3.5482   39.367676      0.2259
   39.379883           7   39.379883           0   39.379883      3.5403   39.379883      1.3077
   39.392090           4   39.392090           0   39.392090      3.5324   39.392090      0.2338
   39.404297           4   39.404297           0   39.404297      3.5245   39.404297      0.2378
   39.416504           3   39.416504           0   39.416504      3.5166   39.416504     -0.2983
   39.428711           3   39.428711           0   39.428711      3.5088   39.428711     -0.2937
   39.440918           3   39.440918           0   39.440918      3.5009   39.440918     -0.2892
   39.453125           4   39.453125           0   39.453125      3.4931   39.453125      0.2534
   39.465332           1   39.465332           0   39.465332      3.4853   39.465332     -2.4853
   39.477540           4   39.477540           0   39.477540      3.4775   39.477540      0.2612
   39.489747           9   39.489747           0   39.489747      3.4698   39.489747      1.8434
   39.501954           3   39.501954           0   39.501954      3.4648   39.501954     -0.2683
   39.514161           1   39.514161           0   39.514161      3.4749   39.514161     -2.4749
   39.526368           4   39.526368           0   39.526368      3.4671   39.526368      0.2664
   39.538575           4   39.538575           0   39.538575      3.4594   39.538575      0.2703
   39.550782           4   39.550782           1   39.550782      3.4516   39.550782      0.2742
   39.562989           4   39.562989           0   39.562989      3.4439   39.562989      0.2780
   39.575196           2   39.575196           0   39.575196      3.4362   39.575196     -1.0156
   39.587403           1   39.587403           0   39.587403      3.4286   39.587403     -2.4286
   39.599610           1   39.599610           0   39.599610      3.4209   39.599610     -2.4209
   39.611817           5   39.611817           0   39.611817      3.4133   39.611817      0.7096
   39.624024           5   39.624024           0   39.624024      3.4057   39.624024      0.7130
   39.636231           4   39.636231           0   39.636231      3.3981   39.636231      0.3010
   39.648438           2   39.648438           0   39.648438      3.3905   39.648438     -0.9832
   39.660645           3   39.660645           0   39.660645      3.3829   39.660645     -0.2211
   39.672852           5   39.672852           0   39.672852      3.3753   39.672852      0.7266
   39.685059           2   39.685059           0   39.685059      3.3678   39.685059     -0.9672
   39.697266           5   39.697266           0   39.697266      3.3603   39.697266      0.7333
   39.709473           3   39.709473           0   39.709473      3.3528   39.709473     -0.2037
   39.721680           3   39.721680           0   39.721680      3.3453   39.721680     -0.1994
   39.733887           2   39.733887           0   39.733887      3.3378   39.733887     -0.9460
   39.746094           2   39.746094           0   39.746094      3.3304   39.746094     -0.9407
   39.758301           2   39.758301           0   39.758301      3.3229   39.758301     -0.9355
   39.770508           3   39.770508           0   39.770508      3.3155   39.770508     -0.1822
   39.782715           0   39.782715           0   39.782715      3.3081   39.782715     -3.3081
   39.794922           3   39.794922           0   39.794922      3.3007   39.794922     -0.1736
   39.807129           4   39.807129           0   39.807129      3.2934   39.807129      0.3533
   39.819336           2   39.819336           0   39.819336      3.2860   39.819336     -0.9093
   39.831543           3   39.831543           0   39.831543      3.2787   39.831543     -0.1609
   39.843750           3   39.843750           0   39.843750      3.2713   39.843750     -0.1567
   39.855957           3   39.855957           0   39.855957      3.2640   39.855957     -0.1524
   39.868165           2   39.868165           0   39.868165      3.2568   39.868165     -0.8887
   39.880372           5   39.880372           0   39.880372      3.2495   39.880372      0.7829
   39.892579           3   39.892579           0   39.892579      3.2422   39.892579     -0.1398
   39.904786           2   39.904786           0   39.904786      3.2350   39.904786     -0.8733
   39.916993           2   39.916993           0   39.916993      3.2278   39.916993     -0.8682
   39.929200           2   39.929200           0   39.929200      3.2206   39.929200     -0.8631
   39.941407           2   39.941407           0   39.941407      3.2134   39.941407     -0.8580
   39.953614           1   39.953614           0   39.953614      3.2062   39.953614     -2.2062
   39.965821           2   39.965821           0   39.965821      3.1990   39.965821     -0.8478
   39.978028           2   39.978028           0   39.978028      3.1919   39.978028     -0.8428
   39.990235           1   39.990235           0   39.990235      3.1848   39.990235     -2.1848
   40.002442           6   40.002442           0   40.002442      3.1777   40.002442      1.1522
   40.014649           3   40.014649           0   40.014649      3.1706   40.014649     -0.0985
   40.026856           5   40.026856           0   40.026856      3.1635   40.026856      0.8213
   40.039063           2   40.039063           0   40.039063      3.1564   40.039063     -0.8177
   40.051270           1   40.051270           0   40.051270      3.1494   40.051270     -2.1494
   40.063477           3   40.063477           0   40.063477      3.1423   40.063477     -0.0822
   40.075684           2   40.075684           0   40.075684      3.1353   40.075684     -0.8028
   40.087891           3   40.087891           0   40.087891      3.1283   40.087891     -0.0741
   40.100098           1   40.100098           0   40.100098      3.1213   40.100098     -2.1213
   40.112305           3   40.112305           0   40.112305      3.1144   40.112305     -0.0660
   40.124512           4   40.124512           0   40.124512      3.1074   40.124512      0.4463
   40.136719           2   40.136719           0   40.136719      3.1005   40.136719     -0.7781
   40.148926           4   40.148926           0   40.148926      3.0935   40.148926      0.4532
   40.161133           3   40.161133           0   40.161133      3.0866   40.161133     -0.0500
   40.173340           3   40.173340           0   40.173340      3.0797   40.173340     -0.0460
   40.185547           6   40.185547           0   40.185547      3.0729   40.185547      1.1950
   40.197754           7   40.197754           0   40.197754      3.0660   40.197754      1.4869
   40.209961           1   40.209961           0   40.209961      3.0592   40.209961     -2.0592
   40.222168           0   40.222168           0   40.222168      3.0523   40.222168     -3.0523
   40.234375           0   40.234375           0   40.234375      3.0455   40.234375     -3.0455
   40.246583           2   40.246583           0   40.246583      3.0387   40.246583     -0.7345
   40.258790           4   40.258790           0   40.258790      3.0319   40.258790      0.4840
   40.270997           6   40.270997           0   40.270997      3.0252   40.270997      1.2145
   40.283204           2   40.283204           0   40.283204      3.0184   40.283204     -0.7201
   40.295411           2   40.295411           0   40.295411      3.0117   40.295411     -0.7154
   40.307618           4   40.307618           0   40.307618      3.0049   40.307618      0.4975
   40.319825           2   40.319825           0   40.319825      2.9982   40.319825     -0.7059
   40.332032           2   40.332032           0   40.332032      2.9915   40.332032     -0.7011
   40.344239           4   40.344239           0   40.344239      2.9849   40.344239      0.5076
   40.356446           2   40.356446           0   40.356446      2.9782   40.356446     -0.6917
   40.368653           2   40.368653           0   40.368653      2.9715   40.368653     -0.6870
   40.380860           4   40.380860           0   40.380860      2.9649   40.380860      0.5175
   40.393067           3   40.393067           0   40.393067      2.9583   40.393067      0.0241
   40.405274           6   40.405274           0   40.405274      2.9517   40.405274      1.2445
   40.417481           2   40.417481           0   40.417481      2.9451   40.417481     -0.6683
   40.429688           4   40.429688           0   40.429688      2.9385   40.429688      0.5307
   40.441895           3   40.441895           0   40.441895      2.9320   40.441895      0.0393
   40.454102           3   40.454102           0   40.454102      2.9254   40.454102      0.0431
   40.466309           1   40.466309           0   40.466309      2.9189   40.466309     -1.9189
   40.478516           0   40.478516           0   40.478516      2.9124   40.478516     -2.9124
   40.490723           5   40.490723           0   40.490723      2.9059   40.490723      0.9365
   40.502930           3   40.502930           0   40.502930      2.8994   40.502930      0.0581
   40.515137           8   40.515137           0   40.515137      2.8929   40.515137      1.8056
   40.527344           2   40.527344           0   40.527344      2.8864   40.527344     -0.6268
   40.539551           1   40.539551           0   40.539551      2.8800   40.539551     -1.8800
   40.551758           8   40.551758           0   40.551758      2.8736   40.551758      1.8125
   40.563965           5   40.563965           0   40.563965      2.8671   40.563965      0.9538
   40.576172           3   40.576172           0   40.576172      2.8607   40.576172      0.0804
   40.588379           2   40.588379           0   40.588379      2.8544   40.588379     -0.6041
   40.600586           5   40.600586           0   40.600586      2.8480   40.600586      0.9624
   40.612793           5   40.612793           0   40.612793      2.8444   40.612793      0.9640
   40.625000           0   40.625000           0   40.625000      2.8559   40.625000     -2.8559
   40.637208           3   40.637208           0   40.637208      2.8495   40.637208      0.0869
   40.649415           5   40.649415           0   40.649415      2.8431   40.649415      0.9646
   40.661622           2   40.661622           1   40.661622      2.8395   40.661622     -0.5937
   40.673829           4   40.673829           0   40.673829      2.8510   40.673829      0.5745
   40.686036           6   40.686036           0   40.686036      2.8447   40.686036      1.2882
   40.698243           0   40.698243           0   40.698243      2.8383   40.698243     -2.8383
   40.710450           0   40.710450           1   40.710450      2.8320   40.710450     -2.8320
   40.722657           3   40.722657           0   40.722657      2.8284   40.722657      0.0991
   40.734864           3   40.734864           0   40.734864      2.8399   40.734864      0.0924
   40.747071           2   40.747071           0   40.747071      2.8336   40.747071     -0.5894
   40.759278           2   40.759278           0   40.759278      2.8272   40.759278     -0.5850
   40.771485           1   40.771485           1   40.771485      2.8209   40.771485     -1.8209
   40.783692           1   40.783692           0   40.783692      2.8146   40.783692     -1.8146
   40.795899           2   40.795899           0   40.795899      2.8084   40.795899     -0.5716
   40.808106           2   40.808106           0   40.808106      2.8021   40.808106     -0.5672
   40.820313           4   40.820313           0   40.820313      2.7958   40.820313      0.6021
   40.832520           3   40.832520           0   40.832520      2.7896   40.832520      0.1215
   40.844727           5   40.844727           0   40.844727      2.7834   40.844727      0.9913
   40.856934           2   40.856934           0   40.856934      2.7771   40.856934     -0.5495
   40.869141           4   40.869141           0   40.869141      2.7709   40.869141      0.6145
   40.881348           2   40.881348           0   40.881348      2.7648   40.881348     -0.5408
   40.893555           4   40.893555           0   40.893555      2.7586   40.893555      0.6207
   40.905762           2   40.905762           0   40.905762      2.7524   40.905762     -0.5320
   40.917969           2   40.917969           0   40.917969      2.7463   40.917969     -0.5277
   40.930176           1   40.930176           0   40.930176      2.7401   40.930176     -1.7401
   40.942383           3   40.942383           0   40.942383      2.7340   40.942383      0.1536
   40.954590           1   40.954590           0   40.954590      2.7279   40.954590     -1.7279
   40.966797           1   40.966797           0   40.966797      2.7218   40.966797     -1.7218
   40.979004           4   40.979004           0   40.979004      2.7157   40.979004      0.6421
   40.991211           4   40.991211           0   40.991211      2.7097   40.991211      0.6452
   41.003418           3   41.003418           0   41.003418      2.7036   41.003418      0.1711
   41.015625           3   41.015625           0   41.015625      2.6976   41.015625      0.1746
   41.027833           2   41.027833           0   41.027833      2.6916   41.027833     -0.4890
   41.040040           1   41.040040           0   41.040040      2.6856   41.040040     -1.6856
   41.052247           3   41.052247           0   41.052247      2.6796   41.052247      0.1850
   41.064454           2   41.064454           0   41.064454      2.6736   41.064454     -0.4763
   41.076661           2   41.076661           0   41.076661      2.6676   41.076661     -0.4721
   41.088868           2   41.088868           0   41.088868      2.6617   41.088868     -0.4679
   41.101075           0   41.101075           0   41.101075      2.6557   41.101075     -2.6557
   41.113282           3   41.113282           0   41.113282      2.6498   41.113282      0.2022
   41.125489           1   41.125489           0   41.125489      2.6439   41.125489     -1.6439
   41.137696           2   41.137696           0   41.137696      2.6407   41.137696     -0.4531
   41.149903           2   41.149903           0   41.149903      2.6527   41.149903     -0.4615
   41.162110           0   41.162110           0   41.162110      2.6495   41.162110     -2.6495
   41.174317           1   41.174317           0   41.174317      2.6614   41.174317     -1.6614
   41.186524           6   41.186524           1   41.186524      2.6555   41.186524      1.3654
   41.198731           4   41.198731           0   41.198731      2.6495   41.198731      0.6752
   41.210938           4   41.210938           1   41.210938      2.6436   41.210938      0.6782
   41.223145           1   41.223145           0   41.223145      2.6377   41.223145     -1.6377
   41.235352           6   41.235352           0   41.235352      2.6318   41.235352      1.3751
   41.247559           1   41.247559           0   41.247559      2.6287   41.247559     -1.6287
   41.259766           2   41.259766           0   41.259766      2.6407   41.259766     -0.4530
   41.271973           4   41.271973           0   41.271973      2.6375   41.271973      0.6812
   41.284180           5   41.284180           0   41.284180      2.6495   41.284180      1.0512
   41.296387           3   41.296387           1   41.296387      2.6436   41.296387      0.2058
   41.308594           4   41.308594           0   41.308594      2.6377   41.308594      0.6812
   41.320801           2   41.320801           1   41.320801      2.6318   41.320801     -0.4467
   41.333008           2   41.333008           0   41.333008      2.6259   41.333008     -0.4426
   41.345215           5   41.345215           0   41.345215      2.6200   41.345215      1.0644
   41.357422           0   41.357422           0   41.357422      2.6142   41.357422     -2.6142
   41.369629           2   41.369629           0   41.369629      2.6083   41.369629     -0.4302
   41.381836           3   41.381836           0   41.381836      2.6025   41.381836      0.2295
   41.394043           3   41.394043           0   41.394043      2.5967   41.394043      0.2328
   41.406250           2   41.406250           0   41.406250      2.5909   41.406250     -0.4178
   41.418458           2   41.418458           0   41.418458      2.5851   41.418458     -0.4137
   41.430665           2   41.430665           0   41.430665      2.5821   41.430665     -0.4116
   41.442872           1   41.442872           0   41.442872      2.5942   41.442872     -1.5942
   41.455079           3   41.455079           0   41.455079      2.5884   41.455079      0.2376
   41.467286           4   41.467286           0   41.467286      2.5826   41.467286      0.7087
   41.479493           4   41.479493           1   41.479493      2.5768   41.479493      0.7116
   41.491700           1   41.491700           0   41.491700      2.5711   41.491700     -1.5711
   41.503907           4   41.503907           0   41.503907      2.5653   41.503907      0.7173
   41.516114           3   41.516114           0   41.516114      2.5596   41.516114      0.2543
   41.528321           3   41.528321           0   41.528321      2.5539   41.528321      0.2576
   41.540528           1   41.540528           0   41.540528      2.5482   41.540528     -1.5482
   41.552735           3   41.552735           0   41.552735      2.5425   41.552735      0.2641
   41.564942           3   41.564942           0   41.564942      2.5368   41.564942      0.2674
   41.577149           3   41.577149           0   41.577149      2.5312   41.577149      0.2707
   41.589356           4   41.589356           0   41.589356      2.5255   41.589356      0.7372
   41.601563           4   41.601563           0   41.601563      2.5199   41.601563      0.7401
   41.613770           3   41.613770           0   41.613770      2.5142   41.613770      0.2805
   41.625977           2   41.625977           0   41.625977      2.5086   41.625977     -0.3597
   41.638184           1   41.638184           0   41.638184      2.5030   41.638184     -1.5030
   41.650391           5   41.650391           0   41.650391      2.4974   41.650391      1.1192
   41.662598           3   41.662598           0   41.662598      2.4919   41.662598      0.2934
   41.674805           4   41.674805           0   41.674805      2.4863   41.674805      0.7568
   41.687012           1   41.687012           0   41.687012      2.4807   41.687012     -1.4807
   41.699219           1   41.699219           0   41.699219      2.4752   41.699219     -1.4752
   41.711426           2   41.711426           0   41.711426      2.4697   41.711426     -0.3321
   41.723633           4   41.723633           0   41.723633      2.4642   41.723633      0.7679
   41.735840           3   41.735840           0   41.735840      2.4587   41.735840      0.3125
   41.748047           4   41.748047           0   41.748047      2.4532   41.748047      0.7734
   41.760254           3   41.760254           0   41.760254      2.4477   41.760254      0.3189
   41.772461           2   41.772461           0   41.772461      2.4422   41.772461     -0.3127
   41.784668           1   41.784668           0   41.784668      2.4368   41.784668     -1.4368
   41.796875           2   41.796875           0   41.796875      2.4313   41.796875     -0.3050
   41.809083           2   41.809083           0   41.809083      2.4259   41.809083     -0.3012
   41.821290           3   41.821290           0   41.821290      2.4205   41.821290      0.3346
   41.833497           2   41.833497           0   41.833497      2.4179   41.833497     -0.2955
   41.845704           1   41.845704           0   41.845704      2.4303   41.845704     -1.4303
   41.857911           5   41.857911           0   41.857911      2.4249   41.857911      1.1516
   41.870118           1   41.870118           0   41.870118      2.4222   41.870118     -1.4222
   41.882325           2   41.882325           1   41.882325      2.4346   41.882325     -0.3073
   41.894532           3   41.894532           0   41.894532      2.4292   41.894532      0.3296
   41.906739           2   41.906739           0   41.906739      2.4238   41.906739     -0.2996
   41.918946           3   41.918946           1   41.918946      2.4183   41.918946      0.3358
   41.931153           2   41.931153           0   41.931153      2.4129   41.931153     -0.2920
   41.943360           1   41.943360           0   41.943360      2.4076   41.943360     -1.4076
   41.955567           2   41.955567           0   41.955567      2.4022   41.955567     -0.2844
   41.967774           7   41.967774           0   41.967774      2.3968   41.967774      1.7398
   41.979981           3   41.979981           0   41.979981      2.3942   41.979981      0.3497
   41.992188           0   41.992188           0   41.992188      2.4067   41.992188     -2.4067
   42.004395           2   42.004395           0   42.004395      2.4013   42.004395     -0.2838
   42.016602           3   42.016602           0   42.016602      2.3960   42.016602      0.3487
   42.028809           1   42.028809           1   42.028809      2.3906   42.028809     -1.3906
   42.041016           0   42.041016           0   42.041016      2.3853   42.041016     -2.3853
   42.053223           1   42.053223           0   42.053223      2.3800   42.053223     -1.3800
   42.065430           4   42.065430           0   42.065430      2.3746   42.065430      0.8127
   42.077637           0   42.077637           0   42.077637      2.3693   42.077637     -2.3693
   42.089844           3   42.089844           0   42.089844      2.3641   42.089844      0.3672
   42.102051           3   42.102051           0   42.102051      2.3588   42.102051      0.3702
   42.114258           2   42.114258           0   42.114258      2.3535   42.114258     -0.2500
   42.126465           1   42.126465           0   42.126465      2.3483   42.126465     -1.3483
   42.138672           2   42.138672           0   42.138672      2.3458   42.138672     -0.2445
   42.150879           0   42.150879           0   42.150879      2.3584   42.150879     -2.3584
   42.163086           1   42.163086           0   42.163086      2.3531   42.163086     -1.3531
   42.175293           1   42.175293           0   42.175293      2.3478   42.175293     -1.3478
   42.187500           2   42.187500           1   42.187500      2.3426   42.187500     -0.2423
   42.199708           3   42.199708           0   42.199708      2.3374   42.199708      0.3826
   42.211915           4   42.211915           0   42.211915      2.3321   42.211915      0.8339
   42.224122           2   42.224122           0   42.224122      2.3269   42.224122     -0.2312
   42.236329           2   42.236329           0   42.236329      2.3217   42.236329     -0.2275
   42.248536           1   42.248536           0   42.248536      2.3166   42.248536     -1.3166
   42.260743           1   42.260743           0   42.260743      2.3114   42.260743     -1.3114
   42.272950           0   42.272950           0   42.272950      2.3062   42.272950     -2.3062
   42.285157           3   42.285157           0   42.285157      2.3011   42.285157      0.4035
   42.297364           1   42.297364           0   42.297364      2.2959   42.297364     -1.2959
   42.309571           2   42.309571           0   42.309571      2.2908   42.309571     -0.2056
   42.321778           1   42.321778           0   42.321778      2.2857   42.321778     -1.2857
   42.333985           1   42.333985           0   42.333985      2.2806   42.333985     -1.2806
   42.346192           0   42.346192           0   42.346192      2.2755   42.346192     -2.2755
   42.358399           3   42.358399           0   42.358399      2.2704   42.358399      0.4212
   42.370606           3   42.370606           0   42.370606      2.2654   42.370606      0.4241
   42.382813           1   42.382813           0   42.382813      2.2603   42.382813     -1.2603
   42.395020           3   42.395020           0   42.395020      2.2552   42.395020      0.4300
   42.407227           5   42.407227           0   42.407227      2.2502   42.407227      1.2297
   42.419434           3   42.419434           0   42.419434      2.2452   42.419434      0.4358
   42.431641           1   42.431641           0   42.431641      2.2402   42.431641     -1.2402
   42.443848           2   42.443848           0   42.443848      2.2352   42.443848     -0.1663
   42.456055           6   42.456055           0   42.456055      2.2302   42.456055      1.5390
   42.468262           2   42.468262           0   42.468262      2.2252   42.468262     -0.1592
   42.480469           2   42.480469           0   42.480469      2.2202   42.480469     -0.1557
   42.492676           2   42.492676           0   42.492676      2.2153   42.492676     -0.1522
   42.504883           2   42.504883           0   42.504883      2.2103   42.504883     -0.1487
   42.517090           1   42.517090           0   42.517090      2.2054   42.517090     -1.2054
   42.529297           1   42.529297           0   42.529297      2.2005   42.529297     -1.2005
   42.541504           3   42.541504           0   42.541504      2.1956   42.541504      0.4644
   42.553711           1   42.553711           0   42.553711      2.1907   42.553711     -1.1907
   42.565918           1   42.565918           0   42.565918      2.1858   42.565918     -1.1858
   42.578125           1   42.578125           0   42.578125      2.1809   42.578125     -1.1809
   42.590333           1   42.590333           0   42.590333      2.1760   42.590333     -1.1760
   42.602540           1   42.602540           0   42.602540      2.1712   42.602540     -1.1712
   42.614747           5   42.614747           0   42.614747      2.1663   42.614747      1.2673
   42.626954           1   42.626954           0   42.626954      2.1615   42.626954     -1.1615
   42.639161           2   42.639161           0   42.639161      2.1566   42.639161     -0.1108
   42.651368           1   42.651368           0   42.651368      2.1518   42.651368     -1.1518
   42.663575           1   42.663575           0   42.663575      2.1470   42.663575     -1.1470
   42.675782           5   42.675782           0   42.675782      2.1422   42.675782      1.2780
   42.687989           2   42.687989           0   42.687989      2.1374   42.687989     -0.0972
   42.700196           3   42.700196           0   42.700196      2.1327   42.700196      0.5008
   42.712403           4   42.712403           0   42.712403      2.1279   42.712403      0.9360
   42.724610           1   42.724610           0   42.724610      2.1232   42.724610     -1.1232
   42.736817           0   42.736817           0   42.736817      2.1184   42.736817     -2.1184
   42.749024           3   42.749024           0   42.749024      2.1137   42.749024      0.5117
   42.761231           1   42.761231           0   42.761231      2.1090   42.761231     -1.1090
   42.773438           2   42.773438           0   42.773438      2.1043   42.773438     -0.0737
   42.785645           2   42.785645           0   42.785645      2.0996   42.785645     -0.0704
   42.797852           6   42.797852           0   42.797852      2.0949   42.797852      1.5943
   42.810059           1   42.810059           0   42.810059      2.0930   42.810059     -1.0930
   42.822266           3   42.822266           0   42.822266      2.1061   42.822266      0.5161
   42.834473           0   42.834473           0   42.834473      2.1014   42.834473     -2.1014
   42.846680           3   42.846680           0   42.846680      2.0967   42.846680      0.5215
   42.858887           1   42.858887           1   42.858887      2.0920   42.858887     -1.0920
   42.871094           2   42.871094           0   42.871094      2.0874   42.871094     -0.0618
   42.883301           1   42.883301           0   42.883301      2.0827   42.883301     -1.0827
   42.895508           2   42.895508           0   42.895508      2.0781   42.895508     -0.0552
   42.907715           1   42.907715           0   42.907715      2.0734   42.907715     -1.0734
   42.919922           2   42.919922           0   42.919922      2.0688   42.919922     -0.0486
   42.932129           3   42.932129           0   42.932129      2.0697   42.932129      0.5371
   42.944336           2   42.944336           0   42.944336      2.1007   42.944336     -0.0712
   42.956543           2   42.956543           0   42.956543      2.0960   42.956543     -0.0679
   42.968751           2   42.968751           0   42.968751      2.0914   42.968751     -0.0646
   42.980958           2   42.980958           2   42.980958      2.0867   42.980958     -0.0613
   42.993165           5   42.993165           0   42.993165      2.0820   42.993165      1.3050
   43.005372           1   43.005372           0   43.005372      2.0774   43.005372     -1.0774
   43.017579           2   43.017579           0   43.017579      2.0727   43.017579     -0.0514
   43.029786           4   43.029786           0   43.029786      2.0681   43.029786      0.9659
   43.041993           2   43.041993           0   43.041993      2.0635   43.041993     -0.0449
   43.054200           2   43.054200           0   43.054200      2.0589   43.054200     -0.0416
   43.066407           3   43.066407           0   43.066407      2.0543   43.066407      0.5460
   43.078614           5   43.078614           0   43.078614      2.0497   43.078614      1.3194
   43.090821           3   43.090821           0   43.090821      2.0451   43.090821      0.5513
   43.103028           1   43.103028           0   43.103028      2.0406   43.103028     -1.0406
   43.115235           2   43.115235           0   43.115235      2.0360   43.115235     -0.0255
   43.127442           3   43.127442           0   43.127442      2.0315   43.127442      0.5592
   43.139649           5   43.139649           0   43.139649      2.0269   43.139649      1.3296
   43.151856           2   43.151856           0   43.151856      2.0224   43.151856     -0.0158
   43.164063           2   43.164063           0   43.164063      2.0179   43.164063     -0.0126
   43.176270           2   43.176270           0   43.176270      2.0134   43.176270     -0.0095
   43.188477           1   43.188477           0   43.188477      2.0089   43.188477     -1.0089
   43.200684           0   43.200684           0   43.200684      2.0044   43.200684     -2.0044
   43.212891           3   43.212891           0   43.212891      1.9999   43.212891      0.5774
   43.225098           0   43.225098           0   43.225098      1.9954   43.225098     -1.9954
   43.237305           1   43.237305           0   43.237305      1.9910   43.237305     -0.9910
   43.249512           3   43.249512           0   43.249512      1.9865   43.249512      0.5851
   43.261719           1   43.261719           0   43.261719      1.9821   43.261719     -0.9821
   43.273926           1   43.273926           0   43.273926      1.9777   43.273926     -0.9777
   43.286133           1   43.286133           0   43.286133      1.9733   43.286133     -0.9733
   43.298340           3   43.298340           0   43.298340      1.9689   43.298340      0.5953
   43.310547           3   43.310547           0   43.310547      1.9645   43.310547      0.5979
   43.322754           2   43.322754           0   43.322754      1.9601   43.322754      0.0282
   43.334961           5   43.334961           0   43.334961      1.9557   43.334961      1.3615
   43.347168           6   43.347168           0   43.347168      1.9513   43.347168      1.6529
   43.359376           1   43.359376           0   43.359376      1.9470   43.359376     -0.9470
   43.371583           1   43.371583           0   43.371583      1.9426   43.371583     -0.9426
   43.383790           5   43.383790           0   43.383790      1.9383   43.383790      1.3692
   43.395997           2   43.395997           0   43.395997      1.9340   43.395997      0.0467
   43.408204           1   43.408204           0   43.408204      1.9296   43.408204     -0.9296
   43.420411           1   43.420411           0   43.420411      1.9253   43.420411     -0.9253
   43.432618           1   43.432618           0   43.432618      1.9238   43.432618     -0.9238
   43.444825           0   43.444825           0   43.444825      1.9373   43.444825     -1.9373
   43.457032           2   43.457032           0   43.457032      1.9330   43.457032      0.0474
   43.469239           3   43.469239           0   43.469239      1.9287   43.469239      0.6185
   43.481446           1   43.481446           1   43.481446      1.9244   43.481446     -0.9244
   43.493653           1   43.493653           0   43.493653      1.9201   43.493653     -0.9201
   43.505860           0   43.505860           0   43.505860      1.9158   43.505860     -1.9158
   43.518067           3   43.518067           0   43.518067      1.9115   43.518067      0.6284
   43.530274           3   43.530274           0   43.530274      1.9073   43.530274      0.6309
   43.542481           1   43.542481           0   43.542481      1.9030   43.542481     -0.9030
   43.554688           5   43.554688           0   43.554688      1.9015   43.554688      1.3857
   43.566895           1   43.566895           0   43.566895      1.9151   43.566895     -0.9151
   43.579102           3   43.579102           0   43.579102      1.9108   43.579102      0.6288
   43.591309           3   43.591309           0   43.591309      1.9065   43.591309      0.6313
   43.603516           0   43.603516           1   43.603516      1.9023   43.603516     -1.9023
   43.615723           3   43.615723           0   43.615723      1.8980   43.615723      0.6362
   43.627930           3   43.627930           0   43.627930      1.8938   43.627930      0.6387
   43.640137           0   43.640137           0   43.640137      1.8896   43.640137     -1.8896
   43.652344           1   43.652344           0   43.652344      1.8854   43.652344     -0.8854
   43.664551           2   43.664551           0   43.664551      1.8811   43.664551      0.0840
   43.676758           1   43.676758           0   43.676758      1.8769   43.676758     -0.8769
   43.688965           2   43.688965           0   43.688965      1.8728   43.688965      0.0900
   43.701172           2   43.701172           0   43.701172      1.8686   43.701172      0.0929
   43.713379           1   43.713379           0   43.713379      1.8644   43.713379     -0.8644
   43.725586           3   43.725586           0   43.725586      1.8602   43.725586      0.6580
   43.737793           2   43.737793           0   43.737793      1.8561   43.737793      0.1018
   43.750001           4   43.750001           0   43.750001      1.8519   43.750001      1.0740
   43.762208           1   43.762208           0   43.762208      1.8478   43.762208     -0.8478
   43.774415           2   43.774415           0   43.774415      1.8437   43.774415      0.1105
   43.786622           1   43.786622           0   43.786622      1.8396   43.786622     -0.8396
   43.798829           1   43.798829           0   43.798829      1.8355   43.798829     -0.8355
   43.811036           2   43.811036           0   43.811036      1.8314   43.811036      0.1192
   43.823243           1   43.823243           0   43.823243      1.8273   43.823243     -0.8273
   43.835450           3   43.835450           0   43.835450      1.8232   43.835450      0.6794
   43.847657           3   43.847657           0   43.847657      1.8191   43.847657      0.6818
   43.859864           1   43.859864           0   43.859864      1.8151   43.859864     -0.8151
   43.872071           5   43.872071           0   43.872071      1.8110   43.872071      1.4262
   43.884278           2   43.884278           0   43.884278      1.8070   43.884278      0.1365
   43.896485           0   43.896485           0   43.896485      1.8029   43.896485     -1.8029
   43.908692           1   43.908692           0   43.908692      1.7989   43.908692     -0.7989
   43.920899           1   43.920899           0   43.920899      1.7949   43.920899     -0.7949
   43.933106           6   43.933106           0   43.933106      1.7909   43.933106      1.7184
   43.945313           1   43.945313           0   43.945313      1.7869   43.945313     -0.7869
   43.957520           1   43.957520           0   43.957520      1.7829   43.957520     -0.7829
   43.969727           1   43.969727           0   43.969727      1.7789   43.969727     -0.7789
   43.981934           2   43.981934           0   43.981934      1.7749   43.981934      0.1591
   43.994141           0   43.994141           0   43.994141      1.7710   43.994141     -1.7710
   44.006348           5   44.006348           0   44.006348      1.7670   44.006348      1.4458
   44.018555           1   44.018555           0   44.018555      1.7631   44.018555     -0.7631
   44.030762           4   44.030762           0   44.030762      1.7591   44.030762      1.1204
   44.042969           2   44.042969           0   44.042969      1.7552   44.042969      0.1731
   44.055176           2   44.055176           0   44.055176      1.7541   44.055176      0.1739
   44.067383           0   44.067383           0   44.067383      1.7680   44.067383     -1.7680
   44.079590           1   44.079590           0   44.079590      1.7668   44.079590     -0.7668
   44.091797           2   44.091797           0   44.091797      1.7807   44.091797      0.1551
   44.104004           1   44.104004           1   44.104004      1.7767   44.104004     -0.7767
   44.116211           3   44.116211           0   44.116211      1.7727   44.116211      0.7086
   44.128418           6   44.128418           1   44.128418      1.7688   44.128418      1.7274
   44.140626           2   44.140626           0   44.140626      1.7648   44.140626      0.1663
   44.152833           1   44.152833           0   44.152833      1.7609   44.152833     -0.7609
   44.165040           0   44.165040           0   44.165040      1.7569   44.165040     -1.7569
   44.177247           0   44.177247           0   44.177247      1.7530   44.177247     -1.7530
   44.189454           1   44.189454           0   44.189454      1.7491   44.189454     -0.7491
   44.201661           5   44.201661           0   44.201661      1.7452   44.201661      1.4556
   44.213868           1   44.213868           0   44.213868      1.7441   44.213868     -0.7441
   44.226075           2   44.226075           0   44.226075      1.7580   44.226075      0.1711
   44.238282           2   44.238282           0   44.238282      1.7541   44.238282      0.1739
   44.250489           3   44.250489           0   44.250489      1.7529   44.250489      0.7200
   44.262696           2   44.262696           1   44.262696      1.7668   44.262696      0.1649
   44.274903           3   44.274903           0   44.274903      1.7629   44.274903      0.7143
   44.287110           2   44.287110           0   44.287110      1.7589   44.287110      0.1705
   44.299317           3   44.299317           1   44.299317      1.7550   44.299317      0.7188
   44.311524           1   44.311524           0   44.311524      1.7511   44.311524     -0.7511
   44.323731           4   44.323731           0   44.323731      1.7472   44.323731      1.1264
   44.335938           6   44.335938           0   44.335938      1.7433   44.335938      1.7378
   44.348145           1   44.348145           0   44.348145      1.7394   44.348145     -0.7394
   44.360352           2   44.360352           0   44.360352      1.7355   44.360352      0.1870
   44.372559           1   44.372559           0   44.372559      1.7316   44.372559     -0.7316
   44.384766           0   44.384766           0   44.384766      1.7278   44.384766     -1.7278
   44.396973           4   44.396973           0   44.396973      1.7239   44.396973      1.1380
   44.409180           1   44.409180           0   44.409180      1.7201   44.409180     -0.7201
   44.421387           2   44.421387           0   44.421387      1.7162   44.421387      0.2007
   44.433594           2   44.433594           0   44.433594      1.7124   44.433594      0.2034
   44.445801           2   44.445801           0   44.445801      1.7086   44.445801      0.2061
   44.458008           2   44.458008           0   44.458008      1.7047   44.458008      0.2088
   44.470215           2   44.470215           0   44.470215      1.7009   44.470215      0.2115
   44.482422           2   44.482422           0   44.482422      1.6999   44.482422      0.2122
   44.494629           3   44.494629           0   44.494629      1.7139   44.494629      0.7425
   44.506836           2   44.506836           0   44.506836      1.7101   44.506836      0.2050
   44.519043           3   44.519043           0   44.519043      1.7063   44.519043      0.7469
   44.531251           1   44.531251           1   44.531251      1.7025   44.531251     -0.7025
   44.543458           2   44.543458           0   44.543458      1.6987   44.543458      0.2131
   44.555665           2   44.555665           0   44.555665      1.6949   44.555665      0.2157
   44.567872           5   44.567872           0   44.567872      1.6911   44.567872      1.4798
   44.580079           2   44.580079           0   44.580079      1.6873   44.580079      0.2211
   44.592286           0   44.592286           0   44.592286      1.6863   44.592286     -1.6863
   44.604493           2   44.604493           0   44.604493      1.7004   44.604493      0.2119
   44.616700           2   44.616700           0   44.616700      1.6966   44.616700      0.2145
   44.628907           0   44.628907           0   44.628907      1.6928   44.628907     -1.6928
   44.641114           0   44.641114           1   44.641114      1.6890   44.641114     -1.6890
   44.653321           2   44.653321           0   44.653321      1.6852   44.653321      0.2226
   44.665528           1   44.665528           0   44.665528      1.6815   44.665528     -0.6815
   44.677735           1   44.677735           0   44.677735      1.6777   44.677735     -0.6777
   44.689942           2   44.689942           0   44.689942      1.6740   44.689942      0.2305
   44.702149           2   44.702149           0   44.702149      1.6702   44.702149      0.2332
   44.714356           1   44.714356           0   44.714356      1.6693   44.714356     -0.6693
   44.726563           2   44.726563           0   44.726563      1.6834   44.726563      0.2239
   44.738770           3   44.738770           0   44.738770      1.6796   44.738770      0.7623
   44.750977           1   44.750977           0   44.750977      1.6759   44.750977     -0.6759
   44.763184           1   44.763184           1   44.763184      1.6721   44.763184     -0.6721
   44.775391           1   44.775391           0   44.775391      1.6684   44.775391     -0.6684
   44.787598           0   44.787598           0   44.787598      1.6647   44.787598     -1.6647
   44.799805           4   44.799805           0   44.799805      1.6609   44.799805      1.1695
   44.812012           3   44.812012           0   44.812012      1.6572   44.812012      0.7752
   44.824219           1   44.824219           0   44.824219      1.6535   44.824219     -0.6535
   44.836426           1   44.836426           0   44.836426      1.6498   44.836426     -0.6498
   44.848633           1   44.848633           0   44.848633      1.6462   44.848633     -0.6462
   44.860840           0   44.860840           0   44.860840      1.6425   44.860840     -1.6425
   44.873047           0   44.873047           0   44.873047      1.6388   44.873047     -1.6388
   44.885254           0   44.885254           0   44.885254      1.6352   44.885254     -1.6352
   44.897461           0   44.897461           0   44.897461      1.6315   44.897461     -1.6315
   44.909668           2   44.909668           0   44.909668      1.6279   44.909668      0.2631
   44.921876           3   44.921876           0   44.921876      1.6242   44.921876      0.7943
   44.934083           0   44.934083           0   44.934083      1.6206   44.934083     -1.6206
   44.946290           0   44.946290           0   44.946290      1.6170   44.946290     -1.6170
   44.958497           3   44.958497           0   44.958497      1.6134   44.958497      0.8006
   44.970704           3   44.970704           0   44.970704      1.6098   44.970704      0.8026
   44.982911           2   44.982911           0   44.982911      1.6062   44.982911      0.2785
   44.995118           0   44.995118           0   44.995118      1.6026   44.995118     -1.6026
   45.007325           0   45.007325           0   45.007325      1.5990   45.007325     -1.5990
   45.019532           1   45.019532           0   45.019532      1.5954   45.019532     -0.5954
   45.031739           3   45.031739           0   45.031739      1.5919   45.031739      0.8130
   45.043946           1   45.043946           0   45.043946      1.5883   45.043946     -0.5883
   45.056153           1   45.056153           0   45.056153      1.5848   45.056153     -0.5848
   45.068360           3   45.068360           0   45.068360      1.5840   45.068360      0.8175
   45.080567           1   45.080567           0   45.080567      1.5983   45.080567     -0.5983
   45.092774           2   45.092774           0   45.092774      1.5947   45.092774      0.2866
   45.104981           0   45.104981           0   45.104981      1.5912   45.104981     -1.5912
   45.117188           1   45.117188           1   45.117188      1.5876   45.117188     -0.5876
   45.129395           1   45.129395           0   45.129395      1.5841   45.129395     -0.5841
   45.141602           1   45.141602           0   45.141602      1.5805   45.141602     -0.5805
   45.153809           0   45.153809           0   45.153809      1.5770   45.153809     -1.5770
   45.166016           1   45.166016           0   45.166016      1.5735   45.166016     -0.5735
   45.178223           1   45.178223           0   45.178223      1.5700   45.178223     -0.5700
   45.190430           1   45.190430           0   45.190430      1.5665   45.190430     -0.5665
   45.202637           0   45.202637           0   45.202637      1.5630   45.202637     -1.5630
   45.214844           2   45.214844           0   45.214844      1.5595   45.214844      0.3115
   45.227051           2   45.227051           0   45.227051      1.5560   45.227051      0.3140
   45.239258           3   45.239258           0   45.239258      1.5525   45.239258      0.8357
   45.251465           0   45.251465           0   45.251465      1.5490   45.251465     -1.5490
   45.263672           2   45.263672           0   45.263672      1.5456   45.263672      0.3213
   45.275879           2   45.275879           0   45.275879      1.5421   45.275879      0.3238
   45.288086           2   45.288086           0   45.288086      1.5387   45.288086      0.3262
   45.300293           2   45.300293           0   45.300293      1.5353   45.300293      0.3286
   45.312501           6   45.312501           0   45.312501      1.5318   45.312501      1.8241
   45.324708           0   45.324708           0   45.324708      1.5284   45.324708     -1.5284
   45.336915           2   45.336915           0   45.336915      1.5250   45.336915      0.3359
   45.349122           1   45.349122           0   45.349122      1.5216   45.349122     -0.5216
   45.361329           0   45.361329           0   45.361329      1.5182   45.361329     -1.5182
   45.373536           1   45.373536           0   45.373536      1.5148   45.373536     -0.5148
   45.385743           5   45.385743           0   45.385743      1.5114   45.385743      1.5601
   45.397950           1   45.397950           0   45.397950      1.5081   45.397950     -0.5081
   45.410157           0   45.410157           0   45.410157      1.5047   45.410157     -1.5047
   45.422364           0   45.422364           0   45.422364      1.5013   45.422364     -1.5013
   45.434571           2   45.434571           0   45.434571      1.4980   45.434571      0.3550
   45.446778           0   45.446778           0   45.446778      1.4946   45.446778     -1.4946
   45.458985           3   45.458985           0   45.458985      1.4913   45.458985      0.8711
   45.471192           1   45.471192           0   45.471192      1.4880   45.471192     -0.4880
   45.483399           1   45.483399           0   45.483399      1.4874   45.483399     -0.4874
   45.495606           3   45.495606           0   45.495606      1.5019   45.495606      0.8649
   45.507813           2   45.507813           0   45.507813      1.4986   45.507813      0.3546
   45.520020           3   45.520020           0   45.520020      1.4952   45.520020      0.8688
   45.532227           1   45.532227           1   45.532227      1.4919   45.532227     -0.4919
   45.544434           2   45.544434           0   45.544434      1.4885   45.544434      0.3617
   45.556641           3   45.556641           0   45.556641      1.4852   45.556641      0.8746
   45.568848           0   45.568848           0   45.568848      1.4819   45.568848     -1.4819
   45.581055           2   45.581055           0   45.581055      1.4814   45.581055      0.3667
   45.593262           2   45.593262           0   45.593262      1.4959   45.593262      0.3565
   45.605469           1   45.605469           0   45.605469      1.4925   45.605469     -0.4925
   45.617676           2   45.617676           0   45.617676      1.4920   45.617676      0.3592
   45.629883           1   45.629883           1   45.629883      1.5065   45.629883     -0.5065
   45.642090           1   45.642090           0   45.642090      1.5031   45.642090     -0.5031
   45.654297           1   45.654297           0   45.654297      1.4997   45.654297     -0.4997
   45.666504           2   45.666504           1   45.666504      1.4964   45.666504      0.3561
   45.678711           1   45.678711           0   45.678711      1.4930   45.678711     -0.4930
   45.690919           1   45.690919           0   45.690919      1.4897   45.690919     -0.4897
   45.703126           2   45.703126           0   45.703126      1.4864   45.703126      0.3632
   45.715333           0   45.715333           0   45.715333      1.4831   45.715333     -1.4831
   45.727540           3   45.727540           0   45.727540      1.4798   45.727540      0.8777
   45.739747           3   45.739747           0   45.739747      1.4764   45.739747      0.8796
   45.751954           3   45.751954           0   45.751954      1.4732   45.751954      0.8815
   45.764161           1   45.764161           0   45.764161      1.4699   45.764161     -0.4699
   45.776368           2   45.776368           0   45.776368      1.4666   45.776368      0.3772
   45.788575           3   45.788575           0   45.788575      1.4633   45.788575      0.8872
   45.800782           0   45.800782           0   45.800782      1.4600   45.800782     -1.4600
   45.812989           2   45.812989           0   45.812989      1.4568   45.812989      0.3841
   45.825196           0   45.825196           0   45.825196      1.4535   45.825196     -1.4535
   45.837403           1   45.837403           0   45.837403      1.4503   45.837403     -0.4503
   45.849610           0   45.849610           0   45.849610      1.4470   45.849610     -1.4470
   45.861817           2   45.861817           0   45.861817      1.4438   45.861817      0.3933
   45.874024           2   45.874024           0   45.874024      1.4406   45.874024      0.3956
   45.886231           1   45.886231           0   45.886231      1.4374   45.886231     -0.4374
   45.898438           1   45.898438           0   45.898438      1.4342   45.898438     -0.4342
   45.910645           3   45.910645           0   45.910645      1.4310   45.910645      0.9059
   45.922852           2   45.922852           0   45.922852      1.4278   45.922852      0.4046
   45.935059           4   45.935059           0   45.935059      1.4246   45.935059      1.2877
   45.947266           1   45.947266           0   45.947266      1.4214   45.947266     -0.4214
   45.959473           1   45.959473           0   45.959473      1.4182   45.959473     -0.4182
   45.971680           3   45.971680           0   45.971680      1.4151   45.971680      0.9151
   45.983887           2   45.983887           0   45.983887      1.4119   45.983887      0.4159
   45.996094           0   45.996094           0   45.996094      1.4087   45.996094     -1.4087
   46.008301           2   46.008301           0   46.008301      1.4056   46.008301      0.4203
   46.020508           0   46.020508           0   46.020508      1.4025   46.020508     -1.4025
   46.032715           0   46.032715           0   46.032715      1.3993   46.032715     -1.3993
   46.044922           0   46.044922           0   46.044922      1.3962   46.044922     -1.3962
   46.057129           0   46.057129           0   46.057129      1.3931   46.057129     -1.3931
   46.069336           0   46.069336           0   46.069336      1.3900   46.069336     -1.3900
   46.081544           2   46.081544           0   46.081544      1.3869   46.081544      0.4335
   46.093751           2   46.093751           0   46.093751      1.3838   46.093751      0.4357
   46.105958           0   46.105958           0   46.105958      1.3807   46.105958     -1.3807
   46.118165           0   46.118165           0   46.118165      1.3776   46.118165     -1.3776
   46.130372           2   46.130372           0   46.130372      1.3745   46.130372      0.4423
   46.142579           2   46.142579           0   46.142579      1.3715   46.142579      0.4444
   46.154786           1   46.154786           0   46.154786      1.3684   46.154786     -0.3684
   46.166993           3   46.166993           0   46.166993      1.3653   46.166993      0.9438
   46.179200           0   46.179200           0   46.179200      1.3623   46.179200     -1.3623
   46.191407           0   46.191407           0   46.191407      1.3592   46.191407     -1.3592
   46.203614           0   46.203614           0   46.203614      1.3562   46.203614     -1.3562
   46.215821           3   46.215821           0   46.215821      1.3532   46.215821      0.9508
   46.228028           3   46.228028           0   46.228028      1.3502   46.228028      0.9525
   46.240235           1   46.240235           0   46.240235      1.3471   46.240235     -0.3471
   46.252442           2   46.252442           0   46.252442      1.3441   46.252442      0.4638
   46.264649           3   46.264649           0   46.264649      1.3411   46.264649      0.9577
   46.276856           3   46.276856           0   46.276856      1.3381   46.276856      0.9595
   46.289063           0   46.289063           0   46.289063      1.3352   46.289063     -1.3352
   46.301270           2   46.301270           0   46.301270      1.3322   46.301270      0.4722
   46.313477           2   46.313477           0   46.313477      1.3292   46.313477      0.4743
   46.325684           0   46.325684           0   46.325684      1.3262   46.325684     -1.3262
   46.337891           1   46.337891           0   46.337891      1.3233   46.337891     -0.3233
   46.350098           5   46.350098           0   46.350098      1.3203   46.350098      1.6456
   46.362305           0   46.362305           0   46.362305      1.3174   46.362305     -1.3174
   46.374512           0   46.374512           0   46.374512      1.3144   46.374512     -1.3144
   46.386719           3   46.386719           0   46.386719      1.3115   46.386719      0.9749
   46.398926           0   46.398926           0   46.398926      1.3086   46.398926     -1.3086
   46.411133           1   46.411133           0   46.411133      1.3056   46.411133     -0.3056
   46.423340           1   46.423340           0   46.423340      1.3027   46.423340     -0.3027
   46.435547           1   46.435547           0   46.435547      1.3026   46.435547     -0.3026
   46.447754           1   46.447754           0   46.447754      1.3175   46.447754     -0.3175
   46.459961           1   46.459961           0   46.459961      1.3146   46.459961     -0.3146
   46.472169           0   46.472169           0   46.472169      1.3116   46.472169     -1.3116
   46.484376           0   46.484376           1   46.484376      1.3087   46.484376     -1.3087
   46.496583           2   46.496583           0   46.496583      1.3058   46.496583      0.4909
   46.508790           0   46.508790           0   46.508790      1.3029   46.508790     -1.3029
   46.520997           1   46.520997           0   46.520997      1.2999   46.520997     -0.2999
   46.533204           0   46.533204           0   46.533204      1.2970   46.533204     -1.2970
   46.545411           1   46.545411           0   46.545411      1.2969   46.545411     -0.2969
   46.557618           0   46.557618           0   46.557618      1.3118   46.557618     -1.3118
   46.569825           0   46.569825           0   46.569825      1.3089   46.569825     -1.3089
   46.582032           1   46.582032           0   46.582032      1.3060   46.582032     -0.3060
   46.594239           2   46.594239           1   46.594239      1.3031   46.594239      0.4928
   46.606446           2   46.606446           0   46.606446      1.3057   46.606446      0.4909
   46.618653           0   46.618653           0   46.618653      1.3384   46.618653     -1.3384
   46.630860           3   46.630860           0   46.630860      1.3354   46.630860      0.9610
   46.643067           1   46.643067           0   46.643067      1.3325   46.643067     -0.3325
   46.655274           1   46.655274           2   46.655274      1.3295   46.655274     -0.3295
   46.667481           0   46.667481           0   46.667481      1.3265   46.667481     -1.3265
   46.679688           1   46.679688           0   46.679688      1.3235   46.679688     -0.3235
   46.691895           1   46.691895           0   46.691895      1.3206   46.691895     -0.3206
   46.704102           0   46.704102           0   46.704102      1.3176   46.704102     -1.3176
   46.716309           1   46.716309           0   46.716309      1.3147   46.716309     -0.3147
   46.728516           1   46.728516           0   46.728516      1.3118   46.728516     -0.3118
   46.740723           0   46.740723           0   46.740723      1.3088   46.740723     -1.3088
   46.752930           0   46.752930           0   46.752930      1.3059   46.752930     -1.3059
   46.765137           1   46.765137           0   46.765137      1.3030   46.765137     -0.3030
   46.777344           2   46.777344           0   46.777344      1.3001   46.777344      0.4949
   46.789551           2   46.789551           0   46.789551      1.2972   46.789551      0.4970
   46.801758           1   46.801758           0   46.801758      1.2943   46.801758     -0.2943
   46.813965           1   46.813965           0   46.813965      1.2914   46.813965     -0.2914
   46.826172           1   46.826172           0   46.826172      1.2885   46.826172     -0.2885
   46.838379           1   46.838379           0   46.838379      1.2856   46.838379     -0.2856
   46.850586           0   46.850586           0   46.850586      1.2828   46.850586     -1.2828
   46.862794           2   46.862794           0   46.862794      1.2799   46.862794      0.5092
   46.875001           1   46.875001           0   46.875001      1.2770   46.875001     -0.2770
   46.887208           1   46.887208           0   46.887208      1.2742   46.887208     -0.2742
   46.899415           3   46.899415           0   46.899415      1.2714   46.899415      0.9980
   46.911622           1   46.911622           0   46.911622      1.2685   46.911622     -0.2685
   46.923829           2   46.923829           0   46.923829      1.2657   46.923829      0.5192
   46.936036           2   46.936036           0   46.936036      1.2629   46.936036      0.5212
   46.948243           0   46.948243           0   46.948243      1.2600   46.948243     -1.2600
   46.960450           1   46.960450           0   46.960450      1.2572   46.960450     -0.2572
   46.972657           1   46.972657           0   46.972657      1.2544   46.972657     -0.2544
   46.984864           0   46.984864           0   46.984864      1.2516   46.984864     -1.2516
   46.997071           1   46.997071           0   46.997071      1.2488   46.997071     -0.2488
   47.009278           2   47.009278           0   47.009278      1.2460   47.009278      0.5331
   47.021485           0   47.021485           0   47.021485      1.2432   47.021485     -1.2432
   47.033692           2   47.033692           0   47.033692      1.2405   47.033692      0.5371
   47.045899           1   47.045899           0   47.045899      1.2377   47.045899     -0.2377
   47.058106           1   47.058106           0   47.058106      1.2377   47.058106     -0.2377
   47.070313           0   47.070313           0   47.070313      1.2528   47.070313     -1.2528
   47.082520           2   47.082520           0   47.082520      1.2500   47.082520      0.5304
   47.094727           2   47.094727           0   47.094727      1.2472   47.094727      0.5323
   47.106934           1   47.106934           1   47.106934      1.2444   47.106934     -0.2444
   47.119141           2   47.119141           0   47.119141      1.2416   47.119141      0.5363
   47.131348           1   47.131348           0   47.131348      1.2388   47.131348     -0.2388
   47.143555           0   47.143555           0   47.143555      1.2361   47.143555     -1.2361
   47.155762           2   47.155762           0   47.155762      1.2333   47.155762      0.5421
   47.167969           2   47.167969           0   47.167969      1.2306   47.167969      0.5441
   47.180176           5   47.180176           0   47.180176      1.2278   47.180176      1.6870
   47.192383           1   47.192383           0   47.192383      1.2251   47.192383     -0.2251
   47.204590           2   47.204590           0   47.204590      1.2223   47.204590      0.5499
   47.216797           1   47.216797           0   47.216797      1.2196   47.216797     -0.2196
   47.229004           2   47.229004           0   47.229004      1.2169   47.229004      0.5537
   47.241211           2   47.241211           0   47.241211      1.2142   47.241211      0.5557
   47.253419           1   47.253419           0   47.253419      1.2142   47.253419     -0.2142
   47.265626           1   47.265626           0   47.265626      1.2293   47.265626     -0.2293
   47.277833           2   47.277833           0   47.277833      1.2266   47.277833      0.5469
   47.290040           1   47.290040           0   47.290040      1.2238   47.290040     -0.2238
   47.302247           0   47.302247           1   47.302247      1.2211   47.302247     -1.2211
   47.314454           0   47.314454           0   47.314454      1.2184   47.314454     -1.2184
   47.326661           0   47.326661           0   47.326661      1.2157   47.326661     -1.2157
   47.338868           0   47.338868           0   47.338868      1.2130   47.338868     -1.2130
   47.351075           1   47.351075           0   47.351075      1.2102   47.351075     -0.2102
   47.363282           1   47.363282           0   47.363282      1.2075   47.363282     -0.2075
   47.375489           3   47.375489           0   47.375489      1.2048   47.375489      1.0364
   47.387696           0   47.387696           0   47.387696      1.2022   47.387696     -1.2022
   47.399903           0   47.399903           0   47.399903      1.1995   47.399903     -1.1995
   47.412110           3   47.412110           0   47.412110      1.1968   47.412110      1.0411
   47.424317           0   47.424317           0   47.424317      1.1941   47.424317     -1.1941
   47.436524           0   47.436524           0   47.436524      1.1942   47.436524     -1.1942
   47.448731           1   47.448731           0   47.448731      1.2094   47.448731     -0.2094
   47.460938           2   47.460938           0   47.460938      1.2067   47.460938      0.5610
   47.473145           0   47.473145           0   47.473145      1.2068   47.473145     -1.2068
   47.485352           1   47.485352           1   47.485352      1.2274   47.485352     -0.2274
   47.497559           0   47.497559           0   47.497559      1.2603   47.497559     -1.2603
   47.509766           1   47.509766           0   47.509766      1.2575   47.509766     -0.2575
   47.521973           2   47.521973           1   47.521973      1.2547   47.521973      0.5270
   47.534180           2   47.534180           2   47.534180      1.2519   47.534180      0.5290
   47.546387           3   47.546387           0   47.546387      1.2491   47.546387      1.0109
   47.558594           1   47.558594           0   47.558594      1.2463   47.558594     -0.2463
   47.570801           1   47.570801           0   47.570801      1.2435   47.570801     -0.2435
   47.583008           1   47.583008           0   47.583008      1.2407   47.583008     -0.2407
   47.595215           1   47.595215           0   47.595215      1.2435   47.595215     -0.2435
   47.607422           3   47.607422           0   47.607422      1.2764   47.607422      0.9951
   47.619629           4   47.619629           0   47.619629      1.2735   47.619629      1.3632
   47.631836           6   47.631836           0   47.631836      1.2707   47.631836      1.9307
   47.644044           2   47.644044           2   47.644044      1.2678   47.644044      0.5177
   47.656251           2   47.656251           0   47.656251      1.2650   47.656251      0.5197
   47.668458           3   47.668458           0   47.668458      1.2650   47.668458      1.0017
   47.680665           0   47.680665           0   47.680665      1.2800   47.680665     -1.2800
   47.692872           1   47.692872           0   47.692872      1.2771   47.692872     -0.2771
   47.705079           1   47.705079           0   47.705079      1.2742   47.705079     -0.2742
   47.717286           1   47.717286           1   47.717286      1.2714   47.717286     -0.2714
   47.729493           0   47.729493           0   47.729493      1.2686   47.729493     -1.2686
   47.741700           0   47.741700           0   47.741700      1.2685   47.741700     -1.2685
   47.753907           0   47.753907           0   47.753907      1.2835   47.753907     -1.2835
   47.766114           1   47.766114           0   47.766114      1.2806   47.766114     -0.2806
   47.778321           2   47.778321           0   47.778321      1.2778   47.778321      0.5107
   47.790528           0   47.790528           1   47.790528      1.2749   47.790528     -1.2749
   47.802735           2   47.802735           0   47.802735      1.2721   47.802735      0.5147
   47.814942           2   47.814942           0   47.814942      1.2720   47.814942      0.5148
   47.827149           0   47.827149           0   47.827149      1.2870   47.827149     -1.2870
   47.839356           1   47.839356           0   47.839356      1.2841   47.839356     -0.2841
   47.851563           1   47.851563           0   47.851563      1.2840   47.851563     -0.2840
   47.863770           0   47.863770           1   47.863770      1.2989   47.863770     -1.2989
   47.875977           0   47.875977           0   47.875977      1.2960   47.875977     -1.2960
   47.888184           3   47.888184           0   47.888184      1.2932   47.888184      0.9855
   47.900391           1   47.900391           1   47.900391      1.2903   47.900391     -0.2903
   47.912598           1   47.912598           0   47.912598      1.2874   47.912598     -0.2874
   47.924805           0   47.924805           0   47.924805      1.2845   47.924805     -1.2845
   47.937012           0   47.937012           0   47.937012      1.2816   47.937012     -1.2816
   47.949219           2   47.949219           0   47.949219      1.2816   47.949219      0.5080
   47.961426           2   47.961426           0   47.961426      1.2965   47.961426      0.4974
   47.973633           1   47.973633           0   47.973633      1.2936   47.973633     -0.2936
   47.985840           4   47.985840           0   47.985840      1.2907   47.985840      1.3546
   47.998047           1   47.998047           1   47.998047      1.2878   47.998047     -0.2878
   48.010254           2   48.010254           0   48.010254      1.2850   48.010254      0.5056
   48.022461           1   48.022461           0   48.022461      1.2821   48.022461     -0.2821
   48.034669           1   48.034669           0   48.034669      1.2792   48.034669     -0.2792
   48.046876           1   48.046876           0   48.046876      1.2792   48.046876     -0.2792
   48.059083           0   48.059083           0   48.059083      1.2941   48.059083     -1.2941
   48.071290           1   48.071290           0   48.071290      1.2912   48.071290     -0.2912
   48.083497           5   48.083497           0   48.083497      1.2883   48.083497      1.6599
   48.095704           1   48.095704           1   48.095704      1.2855   48.095704     -0.2855
   48.107911           2   48.107911           0   48.107911      1.2826   48.107911      0.5073
   48.120118           2   48.120118           0   48.120118      1.2797   48.120118      0.5093
   48.132325           3   48.132325           0   48.132325      1.2769   48.132325      0.9949
   48.144532           0   48.144532           0   48.144532      1.2740   48.144532     -1.2740
   48.156739           1   48.156739           0   48.156739      1.2712   48.156739     -0.2712
   48.168946           0   48.168946           0   48.168946      1.2683   48.168946     -1.2683
   48.181153           1   48.181153           0   48.181153      1.2655   48.181153     -0.2655
   48.193360           1   48.193360           0   48.193360      1.2627   48.193360     -0.2627
   48.205567           3   48.205567           0   48.205567      1.2599   48.205567      1.0047
   48.217774           1   48.217774           0   48.217774      1.2570   48.217774     -0.2570
   48.229981           0   48.229981           0   48.229981      1.2542   48.229981     -1.2542
   48.242188           1   48.242188           0   48.242188      1.2514   48.242188     -0.2514
   48.254395           1   48.254395           0   48.254395      1.2486   48.254395     -0.2486
   48.266602           2   48.266602           0   48.266602      1.2459   48.266602      0.5333
   48.278809           0   48.278809           0   48.278809      1.2431   48.278809     -1.2431
   48.291016           1   48.291016           0   48.291016      1.2403   48.291016     -0.2403
   48.303223           1   48.303223           0   48.303223      1.2375   48.303223     -0.2375
   48.315430           1   48.315430           0   48.315430      1.2348   48.315430     -0.2348
   48.327637           2   48.327637           0   48.327637      1.2320   48.327637      0.5431
   48.339844           0   48.339844           0   48.339844      1.2293   48.339844     -1.2293
   48.352051           1   48.352051           0   48.352051      1.2265   48.352051     -0.2265
   48.364258           0   48.364258           0   48.364258      1.2238   48.364258     -1.2238
   48.376465           1   48.376465           0   48.376465      1.2210   48.376465     -0.2210
   48.388672           2   48.388672           0   48.388672      1.2183   48.388672      0.5527
   48.400879           2   48.400879           0   48.400879      1.2156   48.400879      0.5547
   48.413087           2   48.413087           0   48.413087      1.2129   48.413087      0.5566
   48.425294           0   48.425294           0   48.425294      1.2102   48.425294     -1.2102
   48.437501           0   48.437501           0   48.437501      1.2075   48.437501     -1.2075
   48.449708           0   48.449708           0   48.449708      1.2048   48.449708     -1.2048
   48.461915           0   48.461915           0   48.461915      1.2021   48.461915     -1.2021
   48.474122           1   48.474122           0   48.474122      1.1994   48.474122     -0.1994
   48.486329           0   48.486329           0   48.486329      1.1967   48.486329     -1.1967
   48.498536           2   48.498536           0   48.498536      1.1968   48.498536      0.5679
   48.510743           0   48.510743           0   48.510743      1.2120   48.510743     -1.2120
   48.522950           1   48.522950           0   48.522950      1.2093   48.522950     -0.2093
   48.535157           2   48.535157           0   48.535157      1.2066   48.535157      0.5610
   48.547364           0   48.547364           1   48.547364      1.2039   48.547364     -1.2039
   48.559571           2   48.559571           0   48.559571      1.2012   48.559571      0.5649
   48.571778           2   48.571778           0   48.571778      1.1985   48.571778      0.5668
   48.583985           2   48.583985           0   48.583985      1.1958   48.583985      0.5686
   48.596192           0   48.596192           0   48.596192      1.1931   48.596192     -1.1931
   48.608399           2   48.608399           0   48.608399      1.1905   48.608399      0.5724
   48.620606           2   48.620606           0   48.620606      1.1878   48.620606      0.5743
   48.632813           0   48.632813           0   48.632813      1.1852   48.632813     -1.1852
   48.645020           2   48.645020           0   48.645020      1.1825   48.645020      0.5780
   48.657227           1   48.657227           0   48.657227      1.1799   48.657227     -0.1799
   48.669434           3   48.669434           0   48.669434      1.1800   48.669434      1.0508
   48.681641           4   48.681641           0   48.681641      1.1952   48.681641      1.4024
   48.693848           2   48.693848           0   48.693848      1.1925   48.693848      0.5710
   48.706055           3   48.706055           0   48.706055      1.1899   48.706055      1.0451
   48.718262           3   48.718262           1   48.718262      1.1900   48.718262      1.0450
   48.730469           0   48.730469           0   48.730469      1.2051   48.730469     -1.2051
   48.742676           0   48.742676           0   48.742676      1.2025   48.742676     -1.2025
   48.754883           0   48.754883           0   48.754883      1.1998   48.754883     -1.1998
   48.767090           1   48.767090           1   48.767090      1.1971   48.767090     -0.1971
   48.779297           0   48.779297           0   48.779297      1.1944   48.779297     -1.1944
   48.791504           3   48.791504           0   48.791504      1.1918   48.791504      1.0440
   48.803712           2   48.803712           0   48.803712      1.1891   48.803712      0.5734
   48.815919           1   48.815919           0   48.815919      1.1864   48.815919     -0.1864
   48.828126           2   48.828126           0   48.828126      1.1838   48.828126      0.5771
   48.840333           2   48.840333           0   48.840333      1.1839   48.840333      0.5771
   48.852540           0   48.852540           0   48.852540      1.1991   48.852540     -1.1991
   48.864747           2   48.864747           0   48.864747      1.1964   48.864747      0.5682
   48.876954           0   48.876954           0   48.876954      1.1937   48.876954     -1.1937
   48.889161           1   48.889161           1   48.889161      1.1911   48.889161     -0.1911
   48.901368           0   48.901368           0   48.901368      1.1884   48.901368     -1.1884
   48.913575           0   48.913575           0   48.913575      1.1858   48.913575     -1.1858
   48.925782           0   48.925782           0   48.925782      1.1831   48.925782     -1.1831
   48.937989           0   48.937989           0   48.937989      1.1832   48.937989     -1.1832
   48.950196           0   48.950196           0   48.950196      1.1984   48.950196     -1.1984
   48.962403           0   48.962403           0   48.962403      1.1957   48.962403     -1.1957
   48.974610           0   48.974610           0   48.974610      1.1931   48.974610     -1.1931
   48.986817           3   48.986817           1   48.986817      1.1904   48.986817      1.0448
   48.999024           0   48.999024           0   48.999024      1.1905   48.999024     -1.1905
   49.011231           1   49.011231           0   49.011231      1.2057   49.011231     -0.2057
   49.023438           2   49.023438           0   49.023438      1.2030   49.023438      0.5636
   49.035645           1   49.035645           0   49.035645      1.2003   49.035645     -0.2003
   49.047852           2   49.047852           1   49.047852      1.1976   49.047852      0.5674
   49.060059           1   49.060059           0   49.060059      1.1949   49.060059     -0.1949
   49.072266           2   49.072266           0   49.072266      1.1923   49.072266      0.5711
   49.084473           0   49.084473           0   49.084473      1.1924   49.084473     -1.1924
   49.096680           1   49.096680           0   49.096680      1.2075   49.096680     -0.2075
   49.108887           2   49.108887           0   49.108887      1.2076   49.108887      0.5603
   49.121094           0   49.121094           0   49.121094      1.2227   49.121094     -1.2227
   49.133301           3   49.133301           1   49.133301      1.2200   49.133301      1.0277
   49.145508           3   49.145508           0   49.145508      1.2173   49.145508      1.0293
   49.157715           2   49.157715           1   49.157715      1.2146   49.157715      0.5554
   49.169922           0   49.169922           0   49.169922      1.2119   49.169922     -1.2119
   49.182129           0   49.182129           0   49.182129      1.2092   49.182129     -1.2092
   49.194337           0   49.194337           0   49.194337      1.2065   49.194337     -1.2065
   49.206544           1   49.206544           0   49.206544      1.2038   49.206544     -0.2038
   49.218751           0   49.218751           0   49.218751      1.2011   49.218751     -1.2011
   49.230958           1   49.230958           0   49.230958      1.1984   49.230958     -0.1984
   49.243165           1   49.243165           0   49.243165      1.1985   49.243165     -0.1985
   49.255372           2   49.255372           0   49.255372      1.2136   49.255372      0.5561
   49.267579           1   49.267579           0   49.267579      1.2109   49.267579     -0.2109
   49.279786           3   49.279786           0   49.279786      1.2110   49.279786      1.0329
   49.291993           2   49.291993           1   49.291993      1.2261   49.291993      0.5472
   49.304200           1   49.304200           0   49.304200      1.2234   49.304200     -0.2234
   49.316407           0   49.316407           0   49.316407      1.2206   49.316407     -1.2206
   49.328614           1   49.328614           1   49.328614      1.2179   49.328614     -0.2179
   49.340821           0   49.340821           0   49.340821      1.2152   49.340821     -1.2152
   49.353028           0   49.353028           0   49.353028      1.2125   49.353028     -1.2125
   49.365235           2   49.365235           0   49.365235      1.2098   49.365235      0.5588
   49.377442           0   49.377442           0   49.377442      1.2071   49.377442     -1.2071
   49.389649           0   49.389649           0   49.389649      1.2044   49.389649     -1.2044
   49.401856           1   49.401856           0   49.401856      1.2017   49.401856     -0.2017
   49.414063           2   49.414063           0   49.414063      1.1990   49.414063      0.5664
   49.426270           2   49.426270           0   49.426270      1.1963   49.426270      0.5683
   49.438477           2   49.438477           0   49.438477      1.1936   49.438477      0.5702
   49.450684           0   49.450684           0   49.450684      1.1938   49.450684     -1.1938
   49.462891           0   49.462891           0   49.462891      1.2089   49.462891     -1.2089
   49.475098           1   49.475098           0   49.475098      1.2062   49.475098     -0.2062
   49.487305           2   49.487305           0   49.487305      1.2035   49.487305      0.5632
   49.499512           2   49.499512           1   49.499512      1.2008   49.499512      0.5651
   49.511719           1   49.511719           0   49.511719      1.1981   49.511719     -0.1981
   49.523926           0   49.523926           0   49.523926      1.1955   49.523926     -1.1955
   49.536133           0   49.536133           0   49.536133      1.1928   49.536133     -1.1928
   49.548340           1   49.548340           0   49.548340      1.1901   49.548340     -0.1901
   49.560547           0   49.560547           0   49.560547      1.1875   49.560547     -1.1875
   49.572754           2   49.572754           0   49.572754      1.1848   49.572754      0.5764
   49.584962           2   49.584962           0   49.584962      1.1822   49.584962      0.5783
   49.597169           1   49.597169           0   49.597169      1.1795   49.597169     -0.1795
   49.609376           1   49.609376           0   49.609376      1.1769   49.609376     -0.1769
   49.621583           1   49.621583           0   49.621583      1.1743   49.621583     -0.1743
   49.633790           0   49.633790           0   49.633790      1.1717   49.633790     -1.1717
   49.645997           0   49.645997           0   49.645997      1.1690   49.645997     -1.1690
   49.658204           0   49.658204           0   49.658204      1.1664   49.658204     -1.1664
   49.670411           0   49.670411           0   49.670411      1.1638   49.670411     -1.1638
   49.682618           0   49.682618           0   49.682618      1.1612   49.682618     -1.1612
   49.694825           1   49.694825           0   49.694825      1.1586   49.694825     -0.1586
   49.707032           2   49.707032           0   49.707032      1.1560   49.707032      0.5968
   49.719239           0   49.719239           0   49.719239      1.1535   49.719239     -1.1535
   49.731446           1   49.731446           0   49.731446      1.1509   49.731446     -0.1509
   49.743653           0   49.743653           0   49.743653      1.1483   49.743653     -1.1483
   49.755860           2   49.755860           0   49.755860      1.1458   49.755860      0.6040
   49.768067           0   49.768067           0   49.768067      1.1432   49.768067     -1.1432
   49.780274           1   49.780274           0   49.780274      1.1406   49.780274     -0.1406
   49.792481           0   49.792481           0   49.792481      1.1381   49.792481     -1.1381
   49.804688           0   49.804688           0   49.804688      1.1383   49.804688     -1.1383
   49.816895           1   49.816895           0   49.816895      1.1536   49.816895     -0.1536
   49.829102           0   49.829102           0   49.829102      1.1510   49.829102     -1.1510
   49.841309           0   49.841309           0   49.841309      1.1485   49.841309     -1.1485
   49.853516           3   49.853516           1   49.853516      1.1459   49.853516      1.0705
   49.865723           0   49.865723           0   49.865723      1.1433   49.865723     -1.1433
   49.877930           1   49.877930           0   49.877930      1.1408   49.877930     -0.1408
   49.890137           0   49.890137           0   49.890137      1.1382   49.890137     -1.1382
   49.902344           2   49.902344           0   49.902344      1.1357   49.902344      0.6112
   49.914551           1   49.914551           0   49.914551      1.1359   49.914551     -0.1359
   49.926758           0   49.926758           0   49.926758      1.1512   49.926758     -1.1512
   49.938965           1   49.938965           0   49.938965      1.1486   49.938965     -0.1486
   49.951172           0   49.951172           0   49.951172      1.1461   49.951172     -1.1461
   49.963379           0   49.963379           1   49.963379      1.1435   49.963379     -1.1435
   49.975587           1   49.975587           0   49.975587      1.1410   49.975587     -0.1410
   49.987794           1   49.987794           0   49.987794      1.1384   49.987794     -0.1384

Best Fit Parameters:

Data Set #0
Parameter              Value          Conf. Lower     Conf. Upper     Conf. Estimation
A1 [Cnts]            1658.77333              ---            ---     Fitting
t1 [ns]                 5.46094              ---            ---     Fitting
Bkgr. Dec [Cnts]        0.00000              ---            ---     Fitting
Bkgr. IRF [Cnts]        0.00000              ---            ---     Fitting
Shift IRF [ns]         -0.03827              ---            ---     Fitting

Average Lifetime:
tAv.1=5.46094 ns (intensity weighted)
tAv.2=5.46094 ns (amplitude weighted)

Fractional Intensities of the Positive Decay Components:
t1 (5.46094 ns) : 100.00%

Fractional Amplitudes of the Positive Decay Components:
t1 (5.46094 ns) : 100.00%

Fitted Decay and Exponential Components:
     Time [ns]      t1 [kCounts]      Sum [kCounts]
     0.00000      1.65877333      1.65877333
     0.02202      1.65209757      1.65209757
     0.04404      1.64544866      1.64544866
     0.06607      1.63882652      1.63882652
     0.08809      1.63223103      1.63223103
     0.11011      1.62566208      1.62566208
     0.13213      1.61911957      1.61911957
     0.15415      1.61260339      1.61260339
     0.17618      1.60611343      1.60611343
     0.19820      1.59964960      1.59964960
     0.22022      1.59321177      1.59321177
     0.24224      1.58679986      1.58679986
     0.26426      1.58041375      1.58041375
     0.28629      1.57405334      1.57405334
     0.30831      1.56771853      1.56771853
     0.33033      1.56140922      1.56140922
     0.35235      1.55512529      1.55512529
     0.37437      1.54886666      1.54886666
     0.39640      1.54263321      1.54263321
     0.41842      1.53642485      1.53642485
     0.44044      1.53024148      1.53024148
     0.46246      1.52408299      1.52408299
     0.48448      1.51794928      1.51794928
     0.50651      1.51184027      1.51184027
     0.52853      1.50575583      1.50575583
     0.55055      1.49969589      1.49969589
     0.57257      1.49366033      1.49366033
     0.59459      1.48764906      1.48764906
     0.61662      1.48166199      1.48166199
     0.63864      1.47569901      1.47569901
     0.66066      1.46976003      1.46976003
     0.68268      1.46384495      1.46384495
     0.70470      1.45795367      1.45795367
     0.72673      1.45208611      1.45208611
     0.74875      1.44624216      1.44624216
     0.77077      1.44042172      1.44042172
     0.79279      1.43462472      1.43462472
     0.81481      1.42885104      1.42885104
     0.83684      1.42310060      1.42310060
     0.85886      1.41737330      1.41737330
     0.88088      1.41166905      1.41166905
     0.90290      1.40598776      1.40598776
     0.92492      1.40032933      1.40032933
     0.94695      1.39469368      1.39469368
     0.96897      1.38908070      1.38908070
     0.99099      1.38349032      1.38349032
     1.01301      1.37792243      1.37792243
     1.03504      1.37237696      1.37237696
     1.05706      1.36685380      1.36685380
     1.07908      1.36135286      1.36135286
     1.10110      1.35587407      1.35587407
     1.12312      1.35041733      1.35041733
     1.14515      1.34498254      1.34498254
     1.16717      1.33956963      1.33956963
     1.18919      1.33417851      1.33417851
     1.21121      1.32880908      1.32880908
     1.23323      1.32346126      1.32346126
     1.25526      1.31813496      1.31813496
     1.27728      1.31283010      1.31283010
     1.29930      1.30754659      1.30754659
     1.32132      1.30228434      1.30228434
     1.34334      1.29704327      1.29704327
     1.36537      1.29182329      1.29182329
     1.38739      1.28662432      1.28662432
     1.40941      1.28144627      1.28144627
     1.43143      1.27628907      1.27628907
     1.45345      1.27115261      1.27115261
     1.47548      1.26603683      1.26603683
     1.49750      1.26094164      1.26094164
     1.51952      1.25586696      1.25586696
     1.54154      1.25081269      1.25081269
     1.56356      1.24577877      1.24577877
     1.58559      1.24076511      1.24076511
     1.60761      1.23577162      1.23577162
     1.62963      1.23079823      1.23079823
     1.65165      1.22584486      1.22584486
     1.67367      1.22091142      1.22091142
     1.69570      1.21599784      1.21599784
     1.71772      1.21110403      1.21110403
     1.73974      1.20622992      1.20622992
     1.76176      1.20137542      1.20137542
     1.78378      1.19654046      1.19654046
     1.80581      1.19172496      1.19172496
     1.82783      1.18692884      1.18692884
     1.84985      1.18215202      1.18215202
     1.87187      1.17739442      1.17739442
     1.89389      1.17265597      1.17265597
     1.91592      1.16793659      1.16793659
     1.93794      1.16323621      1.16323621
     1.95996      1.15855474      1.15855474
     1.98198      1.15389211      1.15389211
     2.00400      1.14924825      1.14924825
     2.02603      1.14462307      1.14462307
     2.04805      1.14001651      1.14001651
     2.07007      1.13542849      1.13542849
     2.09209      1.13085894      1.13085894
     2.11411      1.12630777      1.12630777
     2.13614      1.12177492      1.12177492
     2.15816      1.11726032      1.11726032
     2.18018      1.11276388      1.11276388
     2.20220      1.10828554      1.10828554
     2.22422      1.10382522      1.10382522
     2.24625      1.09938285      1.09938285
     2.26827      1.09495836      1.09495836
     2.29029      1.09055168      1.09055168
     2.31231      1.08616273      1.08616273
     2.33433      1.08179145      1.08179145
     2.35636      1.07743775      1.07743775
     2.37838      1.07310158      1.07310158
     2.40040      1.06878286      1.06878286
     2.42242      1.06448153      1.06448153
     2.44444      1.06019750      1.06019750
     2.46647      1.05593071      1.05593071
     2.48849      1.05168109      1.05168109
     2.51051      1.04744858      1.04744858
     2.53253      1.04323310      1.04323310
     2.55455      1.03903459      1.03903459
     2.57658      1.03485297      1.03485297
     2.59860      1.03068819      1.03068819
     2.62062      1.02654016      1.02654016
     2.64264      1.02240883      1.02240883
     2.66466      1.01829412      1.01829412
     2.68669      1.01419598      1.01419598
     2.70871      1.01011432      1.01011432
     2.73073      1.00604910      1.00604910
     2.75275      1.00200023      1.00200023
     2.77477      0.99796766      0.99796766
     2.79680      0.99395132      0.99395132
     2.81882      0.98995114      0.98995114
     2.84084      0.98596706      0.98596706
     2.86286      0.98199902      0.98199902
     2.88488      0.97804694      0.97804694
     2.90691      0.97411077      0.97411077
     2.92893      0.97019044      0.97019044
     2.95095      0.96628589      0.96628589
     2.97297      0.96239705      0.96239705
     2.99499      0.95852386      0.95852386
     3.01702      0.95466626      0.95466626
     3.03904      0.95082419      0.95082419
     3.06106      0.94699758      0.94699758
     3.08308      0.94318637      0.94318637
     3.10511      0.93939049      0.93939049
     3.12713      0.93560990      0.93560990
     3.14915      0.93184452      0.93184452
     3.17117      0.92809429      0.92809429
     3.19319      0.92435915      0.92435915
     3.21522      0.92063905      0.92063905
     3.23724      0.91693392      0.91693392
     3.25926      0.91324370      0.91324370
     3.28128      0.90956833      0.90956833
     3.30330      0.90590775      0.90590775
     3.32533      0.90226191      0.90226191
     3.34735      0.89863074      0.89863074
     3.36937      0.89501418      0.89501418
     3.39139      0.89141218      0.89141218
     3.41341      0.88782467      0.88782467
     3.43544      0.88425160      0.88425160
     3.45746      0.88069291      0.88069291
     3.47948      0.87714854      0.87714854
     3.50150      0.87361844      0.87361844
     3.52352      0.87010255      0.87010255
     3.54555      0.86660080      0.86660080
     3.56757      0.86311315      0.86311315
     3.58959      0.85963953      0.85963953
     3.61161      0.85617989      0.85617989
     3.63363      0.85273418      0.85273418
     3.65566      0.84930233      0.84930233
     3.67768      0.84588430      0.84588430
     3.69970      0.84248002      0.84248002
     3.72172      0.83908944      0.83908944
     3.74374      0.83571251      0.83571251
     3.76577      0.83234916      0.83234916
     3.78779      0.82899936      0.82899936
     3.80981      0.82566303      0.82566303
     3.83183      0.82234013      0.82234013
     3.85385      0.81903061      0.81903061
     3.87588      0.81573440      0.81573440
     3.89790      0.81245146      0.81245146
     3.91992      0.80918173      0.80918173
     3.94194      0.80592517      0.80592517
     3.96396      0.80268170      0.80268170
     3.98599      0.79945129      0.79945129
     4.00801      0.79623388      0.79623388
     4.03003      0.79302942      0.79302942
     4.05205      0.78983786      0.78983786
     4.07407      0.78665914      0.78665914
     4.09610      0.78349322      0.78349322
     4.11812      0.78034003      0.78034003
     4.14014      0.77719954      0.77719954
     4.16216      0.77407168      0.77407168
     4.18418      0.77095641      0.77095641
     4.20621      0.76785368      0.76785368
     4.22823      0.76476344      0.76476344
     4.25025      0.76168563      0.76168563
     4.27227      0.75862021      0.75862021
     4.29429      0.75556713      0.75556713
     4.31632      0.75252633      0.75252633
     4.33834      0.74949778      0.74949778
     4.36036      0.74648141      0.74648141
     4.38238      0.74347718      0.74347718
     4.40440      0.74048504      0.74048504
     4.42643      0.73750494      0.73750494
     4.44845      0.73453684      0.73453684
     4.47047      0.73158068      0.73158068
     4.49249      0.72863642      0.72863642
     4.51451      0.72570400      0.72570400
     4.53654      0.72278339      0.72278339
     4.55856      0.71987454      0.71987454
     4.58058      0.71697738      0.71697738
     4.60260      0.71409189      0.71409189
     4.62462      0.71121802      0.71121802
     4.64665      0.70835570      0.70835570
     4.66867      0.70550491      0.70550491
     4.69069      0.70266559      0.70266559
     4.71271      0.69983770      0.69983770
     4.73473      0.69702119      0.69702119
     4.75676      0.69421601      0.69421601
     4.77878      0.69142213      0.69142213
     4.80080      0.68863948      0.68863948
     4.82282      0.68586804      0.68586804
     4.84484      0.68310775      0.68310775
     4.86687      0.68035857      0.68035857
     4.88889      0.67762045      0.67762045
     4.91091      0.67489335      0.67489335
     4.93293      0.67217723      0.67217723
     4.95495      0.66947204      0.66947204
     4.97698      0.66677773      0.66677773
     4.99900      0.66409427      0.66409427
     5.02102      0.66142161      0.66142161
     5.04304      0.65875971      0.65875971
     5.06507      0.65610851      0.65610851
     5.08709      0.65346799      0.65346799
     5.10911      0.65083810      0.65083810
     5.13113      0.64821879      0.64821879
     5.15315      0.64561001      0.64561001
     5.17518      0.64301174      0.64301174
     5.19720      0.64042393      0.64042393
     5.21922      0.63784653      0.63784653
     5.24124      0.63527950      0.63527950
     5.26326      0.63272281      0.63272281
     5.28529      0.63017640      0.63017640
     5.30731      0.62764024      0.62764024
     5.32933      0.62511429      0.62511429
     5.35135      0.62259851      0.62259851
     5.37337      0.62009285      0.62009285
     5.39540      0.61759727      0.61759727
     5.41742      0.61511174      0.61511174
     5.43944      0.61263621      0.61263621
     5.46146      0.61017064      0.61017064
     5.48348      0.60771499      0.60771499
     5.50551      0.60526923      0.60526923
     5.52753      0.60283331      0.60283331
     5.54955      0.60040720      0.60040720
     5.57157      0.59799085      0.59799085
     5.59359      0.59558422      0.59558422
     5.61562      0.59318728      0.59318728
     5.63764      0.59079998      0.59079998
     5.65966      0.58842230      0.58842230
     5.68168      0.58605418      0.58605418
     5.70370      0.58369559      0.58369559
     5.72573      0.58134650      0.58134650
     5.74775      0.57900686      0.57900686
     5.76977      0.57667663      0.57667663
     5.79179      0.57435578      0.57435578
     5.81381      0.57204428      0.57204428
     5.83584      0.56974207      0.56974207
     5.85786      0.56744913      0.56744913
     5.87988      0.56516542      0.56516542
     5.90190      0.56289090      0.56289090
     5.92392      0.56062554      0.56062554
     5.94595      0.55836929      0.55836929
     5.96797      0.55612212      0.55612212
     5.98999      0.55388399      0.55388399
     6.01201      0.55165488      0.55165488
     6.03403      0.54943473      0.54943473
     6.05606      0.54722352      0.54722352
     6.07808      0.54502121      0.54502121
     6.10010      0.54282776      0.54282776
     6.12212      0.54064313      0.54064313
     6.14414      0.53846730      0.53846730
     6.16617      0.53630023      0.53630023
     6.18819      0.53414188      0.53414188
     6.21021      0.53199221      0.53199221
     6.23223      0.52985120      0.52985120
     6.25425      0.52771880      0.52771880
     6.27628      0.52559499      0.52559499
     6.29830      0.52347972      0.52347972
     6.32032      0.52137297      0.52137297
     6.34234      0.51927469      0.51927469
     6.36436      0.51718486      0.51718486
     6.38639      0.51510344      0.51510344
     6.40841      0.51303039      0.51303039
     6.43043      0.51096569      0.51096569
     6.45245      0.50890930      0.50890930
     6.47447      0.50686118      0.50686118
     6.49650      0.50482131      0.50482131
     6.51852      0.50278964      0.50278964
     6.54054      0.50076616      0.50076616
     6.56256      0.49875081      0.49875081
     6.58458      0.49674358      0.49674358
     6.60661      0.49474442      0.49474442
     6.62863      0.49275332      0.49275332
     6.65065      0.49077022      0.49077022
     6.67267      0.48879510      0.48879510
     6.69469      0.48682794      0.48682794
     6.71672      0.48486869      0.48486869
     6.73874      0.48291732      0.48291732
     6.76076      0.48097381      0.48097381
     6.78278      0.47903812      0.47903812
     6.80480      0.47711023      0.47711023
     6.82683      0.47519009      0.47519009
     6.84885      0.47327767      0.47327767
     6.87087      0.47137296      0.47137296
     6.89289      0.46947591      0.46947591
     6.91491      0.46758649      0.46758649
     6.93694      0.46570468      0.46570468
     6.95896      0.46383044      0.46383044
     6.98098      0.46196375      0.46196375
     7.00300      0.46010456      0.46010456
     7.02503      0.45825286      0.45825286
     7.04705      0.45640861      0.45640861
     7.06907      0.45457179      0.45457179
     7.09109      0.45274235      0.45274235
     7.11311      0.45092028      0.45092028
     7.13514      0.44910555      0.44910555
     7.15716      0.44729811      0.44729811
     7.17918      0.44549795      0.44549795
     7.20120      0.44370503      0.44370503
     7.22322      0.44191933      0.44191933
     7.24525      0.44014082      0.44014082
     7.26727      0.43836946      0.43836946
     7.28929      0.43660524      0.43660524
     7.31131      0.43484811      0.43484811
     7.33333      0.43309806      0.43309806
     7.35536      0.43135504      0.43135504
     7.37738      0.42961905      0.42961905
     7.39940      0.42789003      0.42789003
     7.42142      0.42616798      0.42616798
     7.44344      0.42445286      0.42445286
     7.46547      0.42274464      0.42274464
     7.48749      0.42104330      0.42104330
     7.50951      0.41934880      0.41934880
     7.53153      0.41766112      0.41766112
     7.55355      0.41598023      0.41598023
     7.57558      0.41430611      0.41430611
     7.59760      0.41263873      0.41263873
     7.61962      0.41097806      0.41097806
     7.64164      0.40932407      0.40932407
     7.66366      0.40767673      0.40767673
     7.68569      0.40603603      0.40603603
     7.70771      0.40440193      0.40440193
     7.72973      0.40277441      0.40277441
     7.75175      0.40115343      0.40115343
     7.77377      0.39953898      0.39953898
     7.79580      0.39793103      0.39793103
     7.81782      0.39632955      0.39632955
     7.83984      0.39473451      0.39473451
     7.86186      0.39314589      0.39314589
     7.88388      0.39156367      0.39156367
     7.90591      0.38998781      0.38998781
     7.92793      0.38841830      0.38841830
     7.94995      0.38685510      0.38685510
     7.97197      0.38529819      0.38529819
     7.99399      0.38374755      0.38374755
     8.01602      0.38220315      0.38220315
     8.03804      0.38066497      0.38066497
     8.06006      0.37913298      0.37913298
     8.08208      0.37760715      0.37760715
     8.10410      0.37608746      0.37608746
     8.12613      0.37457389      0.37457389
     8.14815      0.37306641      0.37306641
     8.17017      0.37156499      0.37156499
     8.19219      0.37006962      0.37006962
     8.21421      0.36858027      0.36858027
     8.23624      0.36709691      0.36709691
     8.25826      0.36561952      0.36561952
     8.28028      0.36414808      0.36414808
     8.30230      0.36268256      0.36268256
     8.32432      0.36122293      0.36122293
     8.34635      0.35976918      0.35976918
     8.36837      0.35832128      0.35832128
     8.39039      0.35687921      0.35687921
     8.41241      0.35544294      0.35544294
     8.43443      0.35401246      0.35401246
     8.45646      0.35258773      0.35258773
     8.47848      0.35116873      0.35116873
     8.50050      0.34975544      0.34975544
     8.52252      0.34834785      0.34834785
     8.54454      0.34694591      0.34694591
     8.56657      0.34554962      0.34554962
     8.58859      0.34415895      0.34415895
     8.61061      0.34277387      0.34277387
     8.63263      0.34139437      0.34139437
     8.65465      0.34002043      0.34002043
     8.67668      0.33865201      0.33865201
     8.69870      0.33728909      0.33728909
     8.72072      0.33593167      0.33593167
     8.74274      0.33457970      0.33457970
     8.76476      0.33323318      0.33323318
     8.78679      0.33189208      0.33189208
     8.80881      0.33055637      0.33055637
     8.83083      0.32922604      0.32922604
     8.85285      0.32790106      0.32790106
     8.87487      0.32658142      0.32658142
     8.89690      0.32526708      0.32526708
     8.91892      0.32395804      0.32395804
     8.94094      0.32265426      0.32265426
     8.96296      0.32135573      0.32135573
     8.98498      0.32006243      0.32006243
     9.00701      0.31877433      0.31877433
     9.02903      0.31749142      0.31749142
     9.05105      0.31621367      0.31621367
     9.07307      0.31494106      0.31494106
     9.09510      0.31367357      0.31367357
     9.11712      0.31241119      0.31241119
     9.13914      0.31115388      0.31115388
     9.16116      0.30990164      0.30990164
     9.18318      0.30865443      0.30865443
     9.20521      0.30741224      0.30741224
     9.22723      0.30617506      0.30617506
     9.24925      0.30494285      0.30494285
     9.27127      0.30371560      0.30371560
     9.29329      0.30249329      0.30249329
     9.31532      0.30127590      0.30127590
     9.33734      0.30006341      0.30006341
     9.35936      0.29885580      0.29885580
     9.38138      0.29765305      0.29765305
     9.40340      0.29645514      0.29645514
     9.42543      0.29526205      0.29526205
     9.44745      0.29407376      0.29407376
     9.46947      0.29289025      0.29289025
     9.49149      0.29171151      0.29171151
     9.51351      0.29053751      0.29053751
     9.53554      0.28936823      0.28936823
     9.55756      0.28820367      0.28820367
     9.57958      0.28704378      0.28704378
     9.60160      0.28588857      0.28588857
     9.62362      0.28473801      0.28473801
     9.64565      0.28359207      0.28359207
     9.66767      0.28245075      0.28245075
     9.68969      0.28131402      0.28131402
     9.71171      0.28018187      0.28018187
     9.73373      0.27905427      0.27905427
     9.75576      0.27793121      0.27793121
     9.77778      0.27681267      0.27681267
     9.79980      0.27569863      0.27569863
     9.82182      0.27458908      0.27458908
     9.84384      0.27348399      0.27348399
     9.86587      0.27238334      0.27238334
     9.88789      0.27128713      0.27128713
     9.90991      0.27019533      0.27019533
     9.93193      0.26910792      0.26910792
     9.95395      0.26802489      0.26802489
     9.97598      0.26694622      0.26694622
     9.99800      0.26587189      0.26587189
    10.02002      0.26480188      0.26480188
    10.04204      0.26373618      0.26373618
    10.06406      0.26267477      0.26267477
    10.08609      0.26161763      0.26161763
    10.10811      0.26056475      0.26056475
    10.13013      0.25951610      0.25951610
    10.15215      0.25847167      0.25847167
    10.17417      0.25743145      0.25743145
    10.19620      0.25639541      0.25639541
    10.21822      0.25536354      0.25536354
    10.24024      0.25433582      0.25433582
    10.26226      0.25331224      0.25331224
    10.28428      0.25229278      0.25229278
    10.30631      0.25127742      0.25127742
    10.32833      0.25026615      0.25026615
    10.35035      0.24925895      0.24925895
    10.37237      0.24825580      0.24825580
    10.39439      0.24725669      0.24725669
    10.41642      0.24626160      0.24626160
    10.43844      0.24527052      0.24527052
    10.46046      0.24428342      0.24428342
    10.48248      0.24330030      0.24330030
    10.50450      0.24232113      0.24232113
    10.52653      0.24134591      0.24134591
    10.54855      0.24037460      0.24037460
    10.57057      0.23940721      0.23940721
    10.59259      0.23844371      0.23844371
    10.61461      0.23748409      0.23748409
    10.63664      0.23652833      0.23652833
    10.65866      0.23557642      0.23557642
    10.68068      0.23462833      0.23462833
    10.70270      0.23368407      0.23368407
    10.72472      0.23274360      0.23274360
    10.74675      0.23180692      0.23180692
    10.76877      0.23087401      0.23087401
    10.79079      0.22994485      0.22994485
    10.81281      0.22901943      0.22901943
    10.83483      0.22809774      0.22809774
    10.85686      0.22717976      0.22717976
    10.87888      0.22626547      0.22626547
    10.90090      0.22535486      0.22535486
    10.92292      0.22444791      0.22444791
    10.94494      0.22354462      0.22354462
    10.96697      0.22264496      0.22264496
    10.98899      0.22174892      0.22174892
    11.01101      0.22085648      0.22085648
    11.03303      0.21996764      0.21996764
    11.05506      0.21908238      0.21908238
    11.07708      0.21820068      0.21820068
    11.09910      0.21732252      0.21732252
    11.12112      0.21644790      0.21644790
    11.14314      0.21557680      0.21557680
    11.16517      0.21470921      0.21470921
    11.18719      0.21384511      0.21384511
    11.20921      0.21298448      0.21298448
    11.23123      0.21212732      0.21212732
    11.25325      0.21127361      0.21127361
    11.27528      0.21042334      0.21042334
    11.29730      0.20957648      0.20957648
    11.31932      0.20873304      0.20873304
    11.34134      0.20789299      0.20789299
    11.36336      0.20705632      0.20705632
    11.38539      0.20622302      0.20622302
    11.40741      0.20539307      0.20539307
    11.42943      0.20456646      0.20456646
    11.45145      0.20374318      0.20374318
    11.47347      0.20292321      0.20292321
    11.49550      0.20210654      0.20210654
    11.51752      0.20129316      0.20129316
    11.53954      0.20048305      0.20048305
    11.56156      0.19967620      0.19967620
    11.58358      0.19887260      0.19887260
    11.60561      0.19807223      0.19807223
    11.62763      0.19727509      0.19727509
    11.64965      0.19648115      0.19648115
    11.67167      0.19569041      0.19569041
    11.69369      0.19490285      0.19490285
    11.71572      0.19411846      0.19411846
    11.73774      0.19333722      0.19333722
    11.75976      0.19255913      0.19255913
    11.78178      0.19178417      0.19178417
    11.80380      0.19101234      0.19101234
    11.82583      0.19024360      0.19024360
    11.84785      0.18947796      0.18947796
    11.86987      0.18871541      0.18871541
    11.89189      0.18795592      0.18795592
    11.91391      0.18719948      0.18719948
    11.93594      0.18644610      0.18644610
    11.95796      0.18569574      0.18569574
    11.97998      0.18494840      0.18494840
    12.00200      0.18420407      0.18420407
    12.02402      0.18346274      0.18346274
    12.04605      0.18272439      0.18272439
    12.06807      0.18198901      0.18198901
    12.09009      0.18125659      0.18125659
    12.11211      0.18052712      0.18052712
    12.13413      0.17980059      0.17980059
    12.15616      0.17907698      0.17907698
    12.17818      0.17835628      0.17835628
    12.20020      0.17763848      0.17763848
    12.22222      0.17692357      0.17692357
    12.24424      0.17621154      0.17621154
    12.26627      0.17550237      0.17550237
    12.28829      0.17479606      0.17479606
    12.31031      0.17409259      0.17409259
    12.33233      0.17339195      0.17339195
    12.35435      0.17269413      0.17269413
    12.37638      0.17199912      0.17199912
    12.39840      0.17130690      0.17130690
    12.42042      0.17061747      0.17061747
    12.44244      0.16993082      0.16993082
    12.46446      0.16924693      0.16924693
    12.48649      0.16856579      0.16856579
    12.50851      0.16788740      0.16788740
    12.53053      0.16721173      0.16721173
    12.55255      0.16653878      0.16653878
    12.57457      0.16586854      0.16586854
    12.59660      0.16520100      0.16520100
    12.61862      0.16453615      0.16453615
    12.64064      0.16387397      0.16387397
    12.66266      0.16321445      0.16321445
    12.68468      0.16255759      0.16255759
    12.70671      0.16190338      0.16190338
    12.72873      0.16125179      0.16125179
    12.75075      0.16060283      0.16060283
    12.77277      0.15995648      0.15995648
    12.79479      0.15931274      0.15931274
    12.81682      0.15867158      0.15867158
    12.83884      0.15803300      0.15803300
    12.86086      0.15739699      0.15739699
    12.88288      0.15676355      0.15676355
    12.90490      0.15613265      0.15613265
    12.92693      0.15550429      0.15550429
    12.94895      0.15487846      0.15487846
    12.97097      0.15425515      0.15425515
    12.99299      0.15363434      0.15363434
    13.01502      0.15301604      0.15301604
    13.03704      0.15240022      0.15240022
    13.05906      0.15178689      0.15178689
    13.08108      0.15117602      0.15117602
    13.10310      0.15056760      0.15056760
    13.12513      0.14996164      0.14996164
    13.14715      0.14935812      0.14935812
    13.16917      0.14875702      0.14875702
    13.19119      0.14815835      0.14815835
    13.21321      0.14756208      0.14756208
    13.23524      0.14696821      0.14696821
    13.25726      0.14637674      0.14637674
    13.27928      0.14578764      0.14578764
    13.30130      0.14520092      0.14520092
    13.32332      0.14461655      0.14461655
    13.34535      0.14403454      0.14403454
    13.36737      0.14345487      0.14345487
    13.38939      0.14287753      0.14287753
    13.41141      0.14230252      0.14230252
    13.43343      0.14172982      0.14172982
    13.45546      0.14115943      0.14115943
    13.47748      0.14059133      0.14059133
    13.49950      0.14002551      0.14002551
    13.52152      0.13946198      0.13946198
    13.54354      0.13890071      0.13890071
    13.56557      0.13834170      0.13834170
    13.58759      0.13778494      0.13778494
    13.60961      0.13723042      0.13723042
    13.63163      0.13667814      0.13667814
    13.65365      0.13612807      0.13612807
    13.67568      0.13558022      0.13558022
    13.69770      0.13503458      0.13503458
    13.71972      0.13449113      0.13449113
    13.74174      0.13394987      0.13394987
    13.76376      0.13341078      0.13341078
    13.78579      0.13287387      0.13287387
    13.80781      0.13233911      0.13233911
    13.82983      0.13180651      0.13180651
    13.85185      0.13127605      0.13127605
    13.87387      0.13074773      0.13074773
    13.89590      0.13022153      0.13022153
    13.91792      0.12969745      0.12969745
    13.93994      0.12917548      0.12917548
    13.96196      0.12865561      0.12865561
    13.98398      0.12813784      0.12813784
    14.00601      0.12762214      0.12762214
    14.02803      0.12710853      0.12710853
    14.05005      0.12659698      0.12659698
    14.07207      0.12608748      0.12608748
    14.09409      0.12558004      0.12558004
    14.11612      0.12507464      0.12507464
    14.13814      0.12457128      0.12457128
    14.16016      0.12406994      0.12406994
    14.18218      0.12357061      0.12357061
    14.20420      0.12307330      0.12307330
    14.22623      0.12257799      0.12257799
    14.24825      0.12208467      0.12208467
    14.27027      0.12159334      0.12159334
    14.29229      0.12110399      0.12110399
    14.31431      0.12061660      0.12061660
    14.33634      0.12013118      0.12013118
    14.35836      0.11964771      0.11964771
    14.38038      0.11916618      0.11916618
    14.40240      0.11868659      0.11868659
    14.42442      0.11820894      0.11820894
    14.44645      0.11773320      0.11773320
    14.46847      0.11725938      0.11725938
    14.49049      0.11678747      0.11678747
    14.51251      0.11631746      0.11631746
    14.53453      0.11584934      0.11584934
    14.55656      0.11538310      0.11538310
    14.57858      0.11491874      0.11491874
    14.60060      0.11445624      0.11445624
    14.62262      0.11399561      0.11399561
    14.64464      0.11353683      0.11353683
    14.66667      0.11307990      0.11307990
    14.68869      0.11262481      0.11262481
    14.71071      0.11217155      0.11217155
    14.73273      0.11172011      0.11172011
    14.75475      0.11127049      0.11127049
    14.77678      0.11082268      0.11082268
    14.79880      0.11037667      0.11037667
    14.82082      0.10993246      0.10993246
    14.84284      0.10949003      0.10949003
    14.86486      0.10904939      0.10904939
    14.88689      0.10861052      0.10861052
    14.90891      0.10817341      0.10817341
    14.93093      0.10773807      0.10773807
    14.95295      0.10730447      0.10730447
    14.97497      0.10687262      0.10687262
    14.99700      0.10644251      0.10644251
    15.01902      0.10601413      0.10601413
    15.04104      0.10558748      0.10558748
    15.06306      0.10516254      0.10516254
    15.08509      0.10473931      0.10473931
    15.10711      0.10431778      0.10431778
    15.12913      0.10389795      0.10389795
    15.15115      0.10347981      0.10347981
    15.17317      0.10306336      0.10306336
    15.19520      0.10264858      0.10264858
    15.21722      0.10223547      0.10223547
    15.23924      0.10182402      0.10182402
    15.26126      0.10141422      0.10141422
    15.28328      0.10100608      0.10100608
    15.30531      0.10059958      0.10059958
    15.32733      0.10019471      0.10019471
    15.34935      0.09979148      0.09979148
    15.37137      0.09938987      0.09938987
    15.39339      0.09898987      0.09898987
    15.41542      0.09859148      0.09859148
    15.43744      0.09819470      0.09819470
    15.45946      0.09779951      0.09779951
    15.48148      0.09740592      0.09740592
    15.50350      0.09701390      0.09701390
    15.52553      0.09662347      0.09662347
    15.54755      0.09623461      0.09623461
    15.56957      0.09584731      0.09584731
    15.59159      0.09546157      0.09546157
    15.61361      0.09507738      0.09507738
    15.63564      0.09469474      0.09469474
    15.65766      0.09431364      0.09431364
    15.67968      0.09393407      0.09393407
    15.70170      0.09355603      0.09355603
    15.72372      0.09317951      0.09317951
    15.74575      0.09280451      0.09280451
    15.76777      0.09243102      0.09243102
    15.78979      0.09205903      0.09205903
    15.81181      0.09168853      0.09168853
    15.83383      0.09131953      0.09131953
    15.85586      0.09095201      0.09095201
    15.87788      0.09058598      0.09058598
    15.89990      0.09022141      0.09022141
    15.92192      0.08985831      0.08985831
    15.94394      0.08949668      0.08949668
    15.96597      0.08913649      0.08913649
    15.98799      0.08877776      0.08877776
    16.01001      0.08842047      0.08842047
    16.03203      0.08806462      0.08806462
    16.05405      0.08771021      0.08771021
    16.07608      0.08735722      0.08735722
    16.09810      0.08700564      0.08700564
    16.12012      0.08665549      0.08665549
    16.14214      0.08630674      0.08630674
    16.16416      0.08595940      0.08595940
    16.18619      0.08561345      0.08561345
    16.20821      0.08526890      0.08526890
    16.23023      0.08492573      0.08492573
    16.25225      0.08458395      0.08458395
    16.27427      0.08424354      0.08424354
    16.29630      0.08390450      0.08390450
    16.31832      0.08356682      0.08356682
    16.34034      0.08323051      0.08323051
    16.36236      0.08289554      0.08289554
    16.38438      0.08256193      0.08256193
    16.40641      0.08222966      0.08222966
    16.42843      0.08189872      0.08189872
    16.45045      0.08156912      0.08156912
    16.47247      0.08124084      0.08124084
    16.49449      0.08091389      0.08091389
    16.51652      0.08058825      0.08058825
    16.53854      0.08026392      0.08026392
    16.56056      0.07994089      0.07994089
    16.58258      0.07961917      0.07961917
    16.60460      0.07929874      0.07929874
    16.62663      0.07897960      0.07897960
    16.64865      0.07866175      0.07866175
    16.67067      0.07834517      0.07834517
    16.69269      0.07802987      0.07802987
    16.71471      0.07771584      0.07771584
    16.73674      0.07740307      0.07740307
    16.75876      0.07709156      0.07709156
    16.78078      0.07678130      0.07678130
    16.80280      0.07647229      0.07647229
    16.82482      0.07616453      0.07616453
    16.84685      0.07585800      0.07585800
    16.86887      0.07555271      0.07555271
    16.89089      0.07524865      0.07524865
    16.91291      0.07494581      0.07494581
    16.93493      0.07464419      0.07464419
    16.95696      0.07434378      0.07434378
    16.97898      0.07404458      0.07404458
    17.00100      0.07374659      0.07374659
    17.02302      0.07344979      0.07344979
    17.04505      0.07315419      0.07315419
    17.06707      0.07285978      0.07285978
    17.08909      0.07256655      0.07256655
    17.11111      0.07227451      0.07227451
    17.13313      0.07198364      0.07198364
    17.15516      0.07169394      0.07169394
    17.17718      0.07140541      0.07140541
    17.19920      0.07111803      0.07111803
    17.22122      0.07083182      0.07083182
    17.24324      0.07054675      0.07054675
    17.26527      0.07026284      0.07026284
    17.28729      0.06998006      0.06998006
    17.30931      0.06969843      0.06969843
    17.33133      0.06941792      0.06941792
    17.35335      0.06913855      0.06913855
    17.37538      0.06886030      0.06886030
    17.39740      0.06858317      0.06858317
    17.41942      0.06830716      0.06830716
    17.44144      0.06803225      0.06803225
    17.46346      0.06775845      0.06775845
    17.48549      0.06748576      0.06748576
    17.50751      0.06721416      0.06721416
    17.52953      0.06694366      0.06694366
    17.55155      0.06667424      0.06667424
    17.57357      0.06640591      0.06640591
    17.59560      0.06613866      0.06613866
    17.61762      0.06587248      0.06587248
    17.63964      0.06560737      0.06560737
    17.66166      0.06534334      0.06534334
    17.68368      0.06508036      0.06508036
    17.70571      0.06481844      0.06481844
    17.72773      0.06455758      0.06455758
    17.74975      0.06429777      0.06429777
    17.77177      0.06403900      0.06403900
    17.79379      0.06378127      0.06378127
    17.81582      0.06352458      0.06352458
    17.83784      0.06326893      0.06326893
    17.85986      0.06301430      0.06301430
    17.88188      0.06276070      0.06276070
    17.90390      0.06250812      0.06250812
    17.92593      0.06225655      0.06225655
    17.94795      0.06200600      0.06200600
    17.96997      0.06175645      0.06175645
    17.99199      0.06150791      0.06150791
    18.01401      0.06126037      0.06126037
    18.03604      0.06101383      0.06101383
    18.05806      0.06076828      0.06076828
    18.08008      0.06052372      0.06052372
    18.10210      0.06028014      0.06028014
    18.12412      0.06003754      0.06003754
    18.14615      0.05979592      0.05979592
    18.16817      0.05955527      0.05955527
    18.19019      0.05931558      0.05931558
    18.21221      0.05907687      0.05907687
    18.23423      0.05883911      0.05883911
    18.25626      0.05860231      0.05860231
    18.27828      0.05836647      0.05836647
    18.30030      0.05813157      0.05813157
    18.32232      0.05789762      0.05789762
    18.34434      0.05766461      0.05766461
    18.36637      0.05743254      0.05743254
    18.38839      0.05720140      0.05720140
    18.41041      0.05697119      0.05697119
    18.43243      0.05674191      0.05674191
    18.45445      0.05651355      0.05651355
    18.47648      0.05628611      0.05628611
    18.49850      0.05605958      0.05605958
    18.52052      0.05583397      0.05583397
    18.54254      0.05560927      0.05560927
    18.56456      0.05538546      0.05538546
    18.58659      0.05516256      0.05516256
    18.60861      0.05494056      0.05494056
    18.63063      0.05471945      0.05471945
    18.65265      0.05449923      0.05449923
    18.67467      0.05427990      0.05427990
    18.69670      0.05406145      0.05406145
    18.71872      0.05384388      0.05384388
    18.74074      0.05362718      0.05362718
    18.76276      0.05341136      0.05341136
    18.78478      0.05319640      0.05319640
    18.80681      0.05298231      0.05298231
    18.82883      0.05276908      0.05276908
    18.85085      0.05255671      0.05255671
    18.87287      0.05234520      0.05234520
    18.89489      0.05213453      0.05213453
    18.91692      0.05192472      0.05192472
    18.93894      0.05171575      0.05171575
    18.96096      0.05150761      0.05150761
    18.98298      0.05130032      0.05130032
    19.00501      0.05109386      0.05109386
    19.02703      0.05088823      0.05088823
    19.04905      0.05068343      0.05068343
    19.07107      0.05047946      0.05047946
    19.09309      0.05027630      0.05027630
    19.11512      0.05007396      0.05007396
    19.13714      0.04987244      0.04987244
    19.15916      0.04967173      0.04967173
    19.18118      0.04947182      0.04947182
    19.20320      0.04927272      0.04927272
    19.22523      0.04907442      0.04907442
    19.24725      0.04887692      0.04887692
    19.26927      0.04868021      0.04868021
    19.29129      0.04848430      0.04848430
    19.31331      0.04828917      0.04828917
    19.33534      0.04809483      0.04809483
    19.35736      0.04790127      0.04790127
    19.37938      0.04770849      0.04770849
    19.40140      0.04751649      0.04751649
    19.42342      0.04732526      0.04732526
    19.44545      0.04713480      0.04713480
    19.46747      0.04694510      0.04694510
    19.48949      0.04675617      0.04675617
    19.51151      0.04656800      0.04656800
    19.53353      0.04638059      0.04638059
    19.55556      0.04619393      0.04619393
    19.57758      0.04600802      0.04600802
    19.59960      0.04582286      0.04582286
    19.62162      0.04563844      0.04563844
    19.64364      0.04545477      0.04545477
    19.66567      0.04527184      0.04527184
    19.68769      0.04508964      0.04508964
    19.70971      0.04490817      0.04490817
    19.73173      0.04472744      0.04472744
    19.75375      0.04454743      0.04454743
    19.77578      0.04436815      0.04436815
    19.79780      0.04418959      0.04418959
    19.81982      0.04401175      0.04401175
    19.84184      0.04383462      0.04383462
    19.86386      0.04365821      0.04365821
    19.88589      0.04348251      0.04348251
    19.90791      0.04330751      0.04330751
    19.92993      0.04313322      0.04313322
    19.95195      0.04295963      0.04295963
    19.97397      0.04278674      0.04278674
    19.99600      0.04261454      0.04261454
    20.01802      0.04244304      0.04244304
    20.04004      0.04227222      0.04227222
    20.06206      0.04210210      0.04210210
    20.08408      0.04193266      0.04193266
    20.10611      0.04176390      0.04176390
    20.12813      0.04159582      0.04159582
    20.15015      0.04142842      0.04142842
    20.17217      0.04126169      0.04126169
    20.19419      0.04109563      0.04109563
    20.21622      0.04093024      0.04093024
    20.23824      0.04076551      0.04076551
    20.26026      0.04060145      0.04060145
    20.28228      0.04043805      0.04043805
    20.30430      0.04027531      0.04027531
    20.32633      0.04011322      0.04011322
    20.34835      0.03995178      0.03995178
    20.37037      0.03979099      0.03979099
    20.39239      0.03963085      0.03963085
    20.41441      0.03947136      0.03947136
    20.43644      0.03931251      0.03931251
    20.45846      0.03915429      0.03915429
    20.48048      0.03899671      0.03899671
    20.50250      0.03883977      0.03883977
    20.52452      0.03868346      0.03868346
    20.54655      0.03852778      0.03852778
    20.56857      0.03837272      0.03837272
    20.59059      0.03821829      0.03821829
    20.61261      0.03806448      0.03806448
    20.63463      0.03791129      0.03791129
    20.65666      0.03775871      0.03775871
    20.67868      0.03760675      0.03760675
    20.70070      0.03745540      0.03745540
    20.72272      0.03730466      0.03730466
    20.74474      0.03715453      0.03715453
    20.76677      0.03700500      0.03700500
    20.78879      0.03685607      0.03685607
    20.81081      0.03670775      0.03670775
    20.83283      0.03656001      0.03656001
    20.85485      0.03641288      0.03641288
    20.87688      0.03626633      0.03626633
    20.89890      0.03612038      0.03612038
    20.92092      0.03597501      0.03597501
    20.94294      0.03583023      0.03583023
    20.96496      0.03568603      0.03568603
    20.98699      0.03554241      0.03554241
    21.00901      0.03539937      0.03539937
    21.03103      0.03525690      0.03525690
    21.05305      0.03511501      0.03511501
    21.07508      0.03497369      0.03497369
    21.09710      0.03483294      0.03483294
    21.11912      0.03469275      0.03469275
    21.14114      0.03455313      0.03455313
    21.16316      0.03441407      0.03441407
    21.18519      0.03427557      0.03427557
    21.20721      0.03413763      0.03413763
    21.22923      0.03400024      0.03400024
    21.25125      0.03386341      0.03386341
    21.27327      0.03372712      0.03372712
    21.29530      0.03359139      0.03359139
    21.31732      0.03345620      0.03345620
    21.33934      0.03332155      0.03332155
    21.36136      0.03318745      0.03318745
    21.38338      0.03305389      0.03305389
    21.40541      0.03292086      0.03292086
    21.42743      0.03278837      0.03278837
    21.44945      0.03265641      0.03265641
    21.47147      0.03252498      0.03252498
    21.49349      0.03239409      0.03239409
    21.51552      0.03226372      0.03226372
    21.53754      0.03213387      0.03213387
    21.55956      0.03200455      0.03200455
    21.58158      0.03187574      0.03187574
    21.60360      0.03174746      0.03174746
    21.62563      0.03161969      0.03161969
    21.64765      0.03149244      0.03149244
    21.66967      0.03136570      0.03136570
    21.69169      0.03123946      0.03123946
    21.71371      0.03111374      0.03111374
    21.73574      0.03098852      0.03098852
    21.75776      0.03086381      0.03086381
    21.77978      0.03073960      0.03073960
    21.80180      0.03061588      0.03061588
    21.82382      0.03049267      0.03049267
    21.84585      0.03036995      0.03036995
    21.86787      0.03024773      0.03024773
    21.88989      0.03012599      0.03012599
    21.91191      0.03000475      0.03000475
    21.93393      0.02988400      0.02988400
    21.95596      0.02976373      0.02976373
    21.97798      0.02964394      0.02964394
    22.00000      0.02952464      0.02952464

Confidence Intervals:
A1 : [--- ; ---] Cnts
t1 : [--- ; ---] ns
Shift IRF : [--- ; ---] ns
