PicoQuant FluoFit-style Python Export
Saved : 09/11/2026 12:53:04 PM

Python 1-exponential reconvolution fit

Model: Exp. [Reconv.] (1 Exponential Components)
Plotted Data Set #0 Decay:
"tryptamine_0p067odat261ex_350em_200uw_50ns_20mins_1938_may20_2025.sdt" (0)
Plotted Data Set #0 IRF:
"irf_261ex_261emt261ex_100uw_2143_nodblexc_05202025_correctcuvetteposition.sdt" (0)
X²(reduced): 1.0275 ; Fitted Data Points: 3915

Data Set #0
     Decay                 IRF                   Model Decay           Residuals
     t[ns]     Intens.     t[ns]     Intens.     t[ns]     Intens.     t[ns]       diff.
    0.000000           0    0.000000           0    0.000000      0.0000    0.000000      0.0000
    0.012207           0    0.012207           0    0.012207      0.0000    0.012207      0.0000
    0.024414           0    0.024414           0    0.024414      0.0000    0.024414      0.0000
    0.036621           0    0.036621           0    0.036621      0.0000    0.036621      0.0000
    0.048828           0    0.048828           0    0.048828      0.0000    0.048828      0.0000
    0.061035           0    0.061035           0    0.061035      0.0000    0.061035      0.0000
    0.073242           0    0.073242           0    0.073242      0.0000    0.073242      0.0000
    0.085449           0    0.085449           0    0.085449      0.0000    0.085449      0.0000
    0.097656           0    0.097656           0    0.097656      0.0000    0.097656      0.0000
    0.109863           0    0.109863           0    0.109863      0.0000    0.109863      0.0000
    0.122070           0    0.122070           0    0.122070      0.0000    0.122070      0.0000
    0.134277           0    0.134277           0    0.134277      0.0000    0.134277      0.0000
    0.146484           0    0.146484           0    0.146484      0.0000    0.146484      0.0000
    0.158691           0    0.158691           0    0.158691      0.0000    0.158691      0.0000
    0.170898           0    0.170898           0    0.170898      0.0000    0.170898      0.0000
    0.183105           0    0.183105           0    0.183105      0.0000    0.183105      0.0000
    0.195313           0    0.195313           0    0.195313      0.0000    0.195313      0.0000
    0.207520           0    0.207520           0    0.207520      0.0000    0.207520      0.0000
    0.219727           0    0.219727           0    0.219727      0.0000    0.219727      0.0000
    0.231934           0    0.231934           0    0.231934      0.0000    0.231934      0.0000
    0.244141           0    0.244141           0    0.244141      0.0000    0.244141      0.0000
    0.256348           0    0.256348           0    0.256348      0.0000    0.256348      0.0000
    0.268555           0    0.268555           0    0.268555      0.0000    0.268555      0.0000
    0.280762           0    0.280762           0    0.280762      0.0000    0.280762      0.0000
    0.292969           0    0.292969           0    0.292969      0.0000    0.292969      0.0000
    0.305176           0    0.305176           0    0.305176      0.0000    0.305176      0.0000
    0.317383           0    0.317383           0    0.317383      0.0000    0.317383      0.0000
    0.329590           0    0.329590           0    0.329590      0.0000    0.329590      0.0000
    0.341797           0    0.341797           0    0.341797      0.0000    0.341797      0.0000
    0.354004           0    0.354004           0    0.354004      0.0000    0.354004      0.0000
    0.366211           0    0.366211           0    0.366211      0.0000    0.366211      0.0000
    0.378418           0    0.378418           0    0.378418      0.0000    0.378418      0.0000
    0.390625           0    0.390625           0    0.390625      0.0000    0.390625      0.0000
    0.402832           0    0.402832           0    0.402832      0.0000    0.402832      0.0000
    0.415039           0    0.415039           0    0.415039      0.0000    0.415039      0.0000
    0.427246           0    0.427246           0    0.427246      0.0000    0.427246      0.0000
    0.439453           0    0.439453           0    0.439453      0.0000    0.439453      0.0000
    0.451660           0    0.451660           0    0.451660      0.0000    0.451660      0.0000
    0.463867           0    0.463867           0    0.463867      0.0000    0.463867      0.0000
    0.476074           0    0.476074           0    0.476074      0.0000    0.476074      0.0000
    0.488281           0    0.488281           0    0.488281      0.0000    0.488281      0.0000
    0.500488           0    0.500488           0    0.500488      0.0000    0.500488      0.0000
    0.512695           0    0.512695           0    0.512695      0.0000    0.512695      0.0000
    0.524902           0    0.524902           0    0.524902      0.0000    0.524902      0.0000
    0.537109           0    0.537109           0    0.537109      0.0000    0.537109      0.0000
    0.549316           0    0.549316           0    0.549316      0.0000    0.549316      0.0000
    0.561523           0    0.561523           0    0.561523      0.0000    0.561523      0.0000
    0.573730           0    0.573730           0    0.573730      0.0000    0.573730      0.0000
    0.585938           0    0.585938           0    0.585938      0.0000    0.585938      0.0000
    0.598145           0    0.598145           0    0.598145      0.0000    0.598145      0.0000
    0.610352           0    0.610352           0    0.610352      0.0000    0.610352      0.0000
    0.622559           0    0.622559           0    0.622559      0.0000    0.622559      0.0000
    0.634766           0    0.634766           0    0.634766      0.0000    0.634766      0.0000
    0.646973           0    0.646973           0    0.646973      0.0000    0.646973      0.0000
    0.659180           0    0.659180           0    0.659180      0.0000    0.659180      0.0000
    0.671387           0    0.671387           0    0.671387      0.0000    0.671387      0.0000
    0.683594           0    0.683594           0    0.683594      0.0000    0.683594      0.0000
    0.695801           0    0.695801           0    0.695801      0.0000    0.695801      0.0000
    0.708008           0    0.708008           0    0.708008      0.0000    0.708008      0.0000
    0.720215           0    0.720215           0    0.720215      0.0000    0.720215      0.0000
    0.732422           0    0.732422           0    0.732422      0.0000    0.732422      0.0000
    0.744629           0    0.744629           0    0.744629      0.0000    0.744629      0.0000
    0.756836           0    0.756836           0    0.756836      0.0000    0.756836      0.0000
    0.769043           0    0.769043           0    0.769043      0.0000    0.769043      0.0000
    0.781250           0    0.781250           0    0.781250      0.0000    0.781250      0.0000
    0.793457           0    0.793457           0    0.793457      0.0000    0.793457      0.0000
    0.805664           0    0.805664           0    0.805664      0.0000    0.805664      0.0000
    0.817871           0    0.817871           0    0.817871      0.0000    0.817871      0.0000
    0.830078           0    0.830078           0    0.830078      0.0000    0.830078      0.0000
    0.842285           0    0.842285           0    0.842285      0.0000    0.842285      0.0000
    0.854492           0    0.854492           0    0.854492      0.0000    0.854492      0.0000
    0.866699           0    0.866699           0    0.866699      0.0000    0.866699      0.0000
    0.878906           0    0.878906           0    0.878906      0.0000    0.878906      0.0000
    0.891113           0    0.891113           0    0.891113      0.0000    0.891113      0.0000
    0.903320           0    0.903320           0    0.903320      0.0000    0.903320      0.0000
    0.915527           0    0.915527           0    0.915527      0.0000    0.915527      0.0000
    0.927734           0    0.927734           0    0.927734      0.0000    0.927734      0.0000
    0.939941           0    0.939941           0    0.939941      0.0000    0.939941      0.0000
    0.952148           0    0.952148           0    0.952148      0.0000    0.952148      0.0000
    0.964355           0    0.964355           0    0.964355      0.0000    0.964355      0.0000
    0.976563           0    0.976563           0    0.976563      0.0000    0.976563      0.0000
    0.988770           0    0.988770           0    0.988770      0.0000    0.988770      0.0000
    1.000977           0    1.000977           0    1.000977      0.0000    1.000977      0.0000
    1.013184           0    1.013184           0    1.013184      0.0000    1.013184      0.0000
    1.025391           0    1.025391           0    1.025391      0.0000    1.025391      0.0000
    1.037598           0    1.037598           0    1.037598      0.0000    1.037598      0.0000
    1.049805           0    1.049805           0    1.049805      0.0000    1.049805      0.0000
    1.062012           0    1.062012           0    1.062012      0.0000    1.062012      0.0000
    1.074219           0    1.074219           0    1.074219      0.0000    1.074219      0.0000
    1.086426           0    1.086426           0    1.086426      0.0000    1.086426      0.0000
    1.098633           0    1.098633           0    1.098633      0.0000    1.098633      0.0000
    1.110840           0    1.110840           0    1.110840      0.0000    1.110840      0.0000
    1.123047           0    1.123047           0    1.123047      0.0000    1.123047      0.0000
    1.135254           0    1.135254           0    1.135254      0.0000    1.135254      0.0000
    1.147461           0    1.147461           0    1.147461      0.0000    1.147461      0.0000
    1.159668           0    1.159668           0    1.159668      0.0000    1.159668      0.0000
    1.171875           0    1.171875           0    1.171875      0.0000    1.171875      0.0000
    1.184082           0    1.184082           0    1.184082      0.0000    1.184082      0.0000
    1.196289           0    1.196289           0    1.196289      0.0000    1.196289      0.0000
    1.208496           0    1.208496           0    1.208496      0.0000    1.208496      0.0000
    1.220703           0    1.220703           0    1.220703      0.0000    1.220703      0.0000
    1.232910           0    1.232910           0    1.232910      0.0000    1.232910      0.0000
    1.245117           0    1.245117           0    1.245117      0.0000    1.245117      0.0000
    1.257324           0    1.257324           0    1.257324      0.0000    1.257324      0.0000
    1.269531           0    1.269531           0    1.269531      0.0000    1.269531      0.0000
    1.281738           0    1.281738           0    1.281738      0.0000    1.281738      0.0000
    1.293945           0    1.293945           0    1.293945      0.0000    1.293945      0.0000
    1.306152           0    1.306152           0    1.306152      0.0000    1.306152      0.0000
    1.318359           0    1.318359           0    1.318359      0.0000    1.318359      0.0000
    1.330566           0    1.330566           0    1.330566      0.0000    1.330566      0.0000
    1.342773           0    1.342773           0    1.342773      0.0000    1.342773      0.0000
    1.354980           0    1.354980           0    1.354980      0.0000    1.354980      0.0000
    1.367188           0    1.367188           0    1.367188      0.0036    1.367188     -0.0036
    1.379395           0    1.379395           0    1.379395      0.0205    1.379395     -0.0205
    1.391602           0    1.391602           0    1.391602      0.0204    1.391602     -0.0204
    1.403809           0    1.403809           0    1.403809      0.0204    1.403809     -0.0204
    1.416016           0    1.416016           1    1.416016      0.0203    1.416016     -0.0203
    1.428223           0    1.428223           0    1.428223      0.0203    1.428223     -0.0203
    1.440430           0    1.440430           0    1.440430      0.0203    1.440430     -0.0203
    1.452637           0    1.452637           0    1.452637      0.0202    1.452637     -0.0202
    1.464844           0    1.464844           0    1.464844      0.0202    1.464844     -0.0202
    1.477051           0    1.477051           0    1.477051      0.0201    1.477051     -0.0201
    1.489258           0    1.489258           0    1.489258      0.0201    1.489258     -0.0201
    1.501465           0    1.501465           0    1.501465      0.0200    1.501465     -0.0200
    1.513672           0    1.513672           0    1.513672      0.0200    1.513672     -0.0200
    1.525879           0    1.525879           0    1.525879      0.0199    1.525879     -0.0199
    1.538086           0    1.538086           0    1.538086      0.0199    1.538086     -0.0199
    1.550293           0    1.550293           0    1.550293      0.0199    1.550293     -0.0199
    1.562500           0    1.562500           0    1.562500      0.0198    1.562500     -0.0198
    1.574707           0    1.574707           0    1.574707      0.0198    1.574707     -0.0198
    1.586914           0    1.586914           0    1.586914      0.0197    1.586914     -0.0197
    1.599121           0    1.599121           0    1.599121      0.0197    1.599121     -0.0197
    1.611328           0    1.611328           0    1.611328      0.0196    1.611328     -0.0196
    1.623535           0    1.623535           0    1.623535      0.0196    1.623535     -0.0196
    1.635742           0    1.635742           0    1.635742      0.0196    1.635742     -0.0196
    1.647949           0    1.647949           0    1.647949      0.0195    1.647949     -0.0195
    1.660156           0    1.660156           0    1.660156      0.0195    1.660156     -0.0195
    1.672363           0    1.672363           0    1.672363      0.0194    1.672363     -0.0194
    1.684570           0    1.684570           0    1.684570      0.0194    1.684570     -0.0194
    1.696777           0    1.696777           0    1.696777      0.0193    1.696777     -0.0193
    1.708984           0    1.708984           0    1.708984      0.0193    1.708984     -0.0193
    1.721191           0    1.721191           0    1.721191      0.0193    1.721191     -0.0193
    1.733398           0    1.733398           0    1.733398      0.0192    1.733398     -0.0192
    1.745605           0    1.745605           0    1.745605      0.0192    1.745605     -0.0192
    1.757813           0    1.757813           0    1.757813      0.0191    1.757813     -0.0191
    1.770020           0    1.770020           0    1.770020      0.0191    1.770020     -0.0191
    1.782227           0    1.782227           0    1.782227      0.0190    1.782227     -0.0190
    1.794434           0    1.794434           0    1.794434      0.0190    1.794434     -0.0190
    1.806641           0    1.806641           0    1.806641      0.0190    1.806641     -0.0190
    1.818848           0    1.818848           0    1.818848      0.0189    1.818848     -0.0189
    1.831055           0    1.831055           0    1.831055      0.0189    1.831055     -0.0189
    1.843262           0    1.843262           0    1.843262      0.0188    1.843262     -0.0188
    1.855469           0    1.855469           0    1.855469      0.0188    1.855469     -0.0188
    1.867676           0    1.867676           0    1.867676      0.0187    1.867676     -0.0187
    1.879883           0    1.879883           0    1.879883      0.0187    1.879883     -0.0187
    1.892090           0    1.892090           0    1.892090      0.0187    1.892090     -0.0187
    1.904297           0    1.904297           0    1.904297      0.0186    1.904297     -0.0186
    1.916504           0    1.916504           0    1.916504      0.0186    1.916504     -0.0186
    1.928711           0    1.928711           0    1.928711      0.0185    1.928711     -0.0185
    1.940918           0    1.940918           0    1.940918      0.0185    1.940918     -0.0185
    1.953125           0    1.953125           0    1.953125      0.0185    1.953125     -0.0185
    1.965332           0    1.965332           0    1.965332      0.0184    1.965332     -0.0184
    1.977539           0    1.977539           0    1.977539      0.0184    1.977539     -0.0184
    1.989746           0    1.989746           0    1.989746      0.0183    1.989746     -0.0183
    2.001953           0    2.001953           0    2.001953      0.0183    2.001953     -0.0183
    2.014160           0    2.014160           0    2.014160      0.0183    2.014160     -0.0183
    2.026367           0    2.026367           0    2.026367      0.0182    2.026367     -0.0182
    2.038574           0    2.038574           0    2.038574      0.0182    2.038574     -0.0182
    2.050781           0    2.050781           0    2.050781      0.0181    2.050781     -0.0181
    2.062988           0    2.062988           0    2.062988      0.0181    2.062988     -0.0181
    2.075195           0    2.075195           0    2.075195      0.0181    2.075195     -0.0181
    2.087402           0    2.087402           0    2.087402      0.0180    2.087402     -0.0180
    2.099609           0    2.099609           0    2.099609      0.0180    2.099609     -0.0180
    2.111816           0    2.111816           0    2.111816      0.0179    2.111816     -0.0179
    2.124023           0    2.124023           0    2.124023      0.0179    2.124023     -0.0179
    2.136230           0    2.136230           0    2.136230      0.0179    2.136230     -0.0179
    2.148438           0    2.148438           0    2.148438      0.0178    2.148438     -0.0178
    2.160645           0    2.160645           0    2.160645      0.0178    2.160645     -0.0178
    2.172852           0    2.172852           0    2.172852      0.0177    2.172852     -0.0177
    2.185059           0    2.185059           0    2.185059      0.0177    2.185059     -0.0177
    2.197266           0    2.197266           0    2.197266      0.0177    2.197266     -0.0177
    2.209473           1    2.209473           0    2.209473      0.0176    2.209473      0.9824
    2.221680           0    2.221680           0    2.221680      0.0176    2.221680     -0.0176
    2.233887           0    2.233887           0    2.233887      0.0175    2.233887     -0.0175
    2.246094           0    2.246094           0    2.246094      0.0175    2.246094     -0.0175
    2.258301           0    2.258301           0    2.258301      0.0175    2.258301     -0.0175
    2.270508           0    2.270508           0    2.270508      0.0210    2.270508     -0.0210
    2.282715           0    2.282715           0    2.282715      0.0379    2.282715     -0.0379
    2.294922           0    2.294922           0    2.294922      0.0413    2.294922     -0.0413
    2.307129           0    2.307129           0    2.307129      0.0582    2.307129     -0.0582
    2.319336           0    2.319336           1    2.319336      0.0581    2.319336     -0.0581
    2.331543           0    2.331543           0    2.331543      0.0579    2.331543     -0.0579
    2.343750           0    2.343750           1    2.343750      0.0578    2.343750     -0.0578
    2.355957           0    2.355957           0    2.355957      0.0577    2.355957     -0.0577
    2.368164           0    2.368164           0    2.368164      0.0575    2.368164     -0.0575
    2.380371           0    2.380371           0    2.380371      0.0574    2.380371     -0.0574
    2.392578           0    2.392578           0    2.392578      0.0573    2.392578     -0.0573
    2.404785           0    2.404785           0    2.404785      0.0572    2.404785     -0.0572
    2.416992           0    2.416992           0    2.416992      0.0570    2.416992     -0.0570
    2.429199           0    2.429199           0    2.429199      0.0569    2.429199     -0.0569
    2.441406           0    2.441406           0    2.441406      0.0568    2.441406     -0.0568
    2.453613           0    2.453613           0    2.453613      0.0567    2.453613     -0.0567
    2.465820           0    2.465820           0    2.465820      0.0565    2.465820     -0.0565
    2.478027           0    2.478027           0    2.478027      0.0564    2.478027     -0.0564
    2.490234           0    2.490234           0    2.490234      0.0563    2.490234     -0.0563
    2.502441           0    2.502441           0    2.502441      0.0562    2.502441     -0.0562
    2.514648           0    2.514648           0    2.514648      0.0560    2.514648     -0.0560
    2.526855           0    2.526855           0    2.526855      0.0559    2.526855     -0.0559
    2.539063           0    2.539063           0    2.539063      0.0558    2.539063     -0.0558
    2.551270           0    2.551270           0    2.551270      0.0557    2.551270     -0.0557
    2.563477           1    2.563477           0    2.563477      0.0555    2.563477      0.9445
    2.575684           0    2.575684           0    2.575684      0.0554    2.575684     -0.0554
    2.587891           0    2.587891           0    2.587891      0.0553    2.587891     -0.0553
    2.600098           0    2.600098           0    2.600098      0.0552    2.600098     -0.0552
    2.612305           0    2.612305           0    2.612305      0.0551    2.612305     -0.0551
    2.624512           0    2.624512           0    2.624512      0.0549    2.624512     -0.0549
    2.636719           0    2.636719           0    2.636719      0.0548    2.636719     -0.0548
    2.648926           0    2.648926           0    2.648926      0.0547    2.648926     -0.0547
    2.661133           0    2.661133           0    2.661133      0.0546    2.661133     -0.0546
    2.673340           0    2.673340           0    2.673340      0.0544    2.673340     -0.0544
    2.685547           0    2.685547           0    2.685547      0.0543    2.685547     -0.0543
    2.697754           0    2.697754           0    2.697754      0.0542    2.697754     -0.0542
    2.709961           0    2.709961           0    2.709961      0.0541    2.709961     -0.0541
    2.722168           0    2.722168           0    2.722168      0.0540    2.722168     -0.0540
    2.734375           0    2.734375           0    2.734375      0.0538    2.734375     -0.0538
    2.746582           0    2.746582           0    2.746582      0.0537    2.746582     -0.0537
    2.758789           0    2.758789           0    2.758789      0.0536    2.758789     -0.0536
    2.770996           0    2.770996           0    2.770996      0.0535    2.770996     -0.0535
    2.783203           0    2.783203           0    2.783203      0.0534    2.783203     -0.0534
    2.795410           0    2.795410           0    2.795410      0.0533    2.795410     -0.0533
    2.807617           0    2.807617           0    2.807617      0.0531    2.807617     -0.0531
    2.819824           0    2.819824           0    2.819824      0.0530    2.819824     -0.0530
    2.832031           0    2.832031           0    2.832031      0.0565    2.832031     -0.0565
    2.844238           0    2.844238           0    2.844238      0.0733    2.844238     -0.0733
    2.856445           1    2.856445           0    2.856445      0.0731    2.856445      0.9269
    2.868652           0    2.868652           0    2.868652      0.0729    2.868652     -0.0729
    2.880859           1    2.880859           1    2.880859      0.0728    2.880859      0.9272
    2.893066           0    2.893066           0    2.893066      0.0726    2.893066     -0.0726
    2.905273           0    2.905273           0    2.905273      0.0725    2.905273     -0.0725
    2.917481           0    2.917481           0    2.917481      0.0723    2.917481     -0.0723
    2.929688           0    2.929688           0    2.929688      0.0721    2.929688     -0.0721
    2.941895           0    2.941895           0    2.941895      0.0720    2.941895     -0.0720
    2.954102           0    2.954102           0    2.954102      0.0718    2.954102     -0.0718
    2.966309           0    2.966309           0    2.966309      0.0717    2.966309     -0.0717
    2.978516           0    2.978516           0    2.978516      0.0715    2.978516     -0.0715
    2.990723           0    2.990723           0    2.990723      0.0713    2.990723     -0.0713
    3.002930           0    3.002930           0    3.002930      0.0712    3.002930     -0.0712
    3.015137           0    3.015137           0    3.015137      0.0710    3.015137     -0.0710
    3.027344           0    3.027344           0    3.027344      0.0709    3.027344     -0.0709
    3.039551           0    3.039551           0    3.039551      0.0707    3.039551     -0.0707
    3.051758           0    3.051758           0    3.051758      0.0706    3.051758     -0.0706
    3.063965           0    3.063965           0    3.063965      0.0704    3.063965     -0.0704
    3.076172           0    3.076172           0    3.076172      0.0703    3.076172     -0.0703
    3.088379           0    3.088379           0    3.088379      0.0701    3.088379     -0.0701
    3.100586           0    3.100586           0    3.100586      0.0699    3.100586     -0.0699
    3.112793           0    3.112793           0    3.112793      0.0698    3.112793     -0.0698
    3.125000           0    3.125000           0    3.125000      0.0696    3.125000     -0.0696
    3.137207           1    3.137207           0    3.137207      0.0695    3.137207      0.9305
    3.149414           0    3.149414           0    3.149414      0.0693    3.149414     -0.0693
    3.161621           0    3.161621           0    3.161621      0.0692    3.161621     -0.0692
    3.173828           0    3.173828           0    3.173828      0.0690    3.173828     -0.0690
    3.186035           0    3.186035           0    3.186035      0.0689    3.186035     -0.0689
    3.198242           0    3.198242           0    3.198242      0.0687    3.198242     -0.0687
    3.210449           0    3.210449           0    3.210449      0.0686    3.210449     -0.0686
    3.222656           0    3.222656           0    3.222656      0.0684    3.222656     -0.0684
    3.234863           1    3.234863           0    3.234863      0.0683    3.234863      0.9317
    3.247070           0    3.247070           0    3.247070      0.0681    3.247070     -0.0681
    3.259277           0    3.259277           0    3.259277      0.0680    3.259277     -0.0680
    3.271484           0    3.271484           0    3.271484      0.0678    3.271484     -0.0678
    3.283691           0    3.283691           0    3.283691      0.0677    3.283691     -0.0677
    3.295898           1    3.295898           0    3.295898      0.0675    3.295898      0.9325
    3.308106           0    3.308106           0    3.308106      0.0674    3.308106     -0.0674
    3.320313           0    3.320313           0    3.320313      0.0672    3.320313     -0.0672
    3.332520           0    3.332520           0    3.332520      0.0671    3.332520     -0.0671
    3.344727           0    3.344727           0    3.344727      0.0669    3.344727     -0.0669
    3.356934           0    3.356934           0    3.356934      0.0668    3.356934     -0.0668
    3.369141           0    3.369141           0    3.369141      0.0666    3.369141     -0.0666
    3.381348           0    3.381348           0    3.381348      0.0665    3.381348     -0.0665
    3.393555           0    3.393555           0    3.393555      0.0663    3.393555     -0.0663
    3.405762           0    3.405762           0    3.405762      0.0662    3.405762     -0.0662
    3.417969           0    3.417969           0    3.417969      0.0660    3.417969     -0.0660
    3.430176           0    3.430176           0    3.430176      0.0659    3.430176     -0.0659
    3.442383           0    3.442383           0    3.442383      0.0657    3.442383     -0.0657
    3.454590           0    3.454590           0    3.454590      0.0656    3.454590     -0.0656
    3.466797           0    3.466797           0    3.466797      0.0654    3.466797     -0.0654
    3.479004           0    3.479004           0    3.479004      0.0653    3.479004     -0.0653
    3.491211           0    3.491211           0    3.491211      0.0652    3.491211     -0.0652
    3.503418           0    3.503418           0    3.503418      0.0650    3.503418     -0.0650
    3.515625           0    3.515625           0    3.515625      0.0649    3.515625     -0.0649
    3.527832           0    3.527832           0    3.527832      0.0647    3.527832     -0.0647
    3.540039           0    3.540039           0    3.540039      0.0646    3.540039     -0.0646
    3.552246           0    3.552246           0    3.552246      0.0644    3.552246     -0.0644
    3.564453           0    3.564453           0    3.564453      0.0643    3.564453     -0.0643
    3.576660           0    3.576660           0    3.576660      0.0642    3.576660     -0.0642
    3.588867           0    3.588867           0    3.588867      0.0640    3.588867     -0.0640
    3.601074           0    3.601074           0    3.601074      0.0639    3.601074     -0.0639
    3.613281           0    3.613281           0    3.613281      0.0673    3.613281     -0.0673
    3.625488           0    3.625488           0    3.625488      0.0841    3.625488     -0.0841
    3.637695           0    3.637695           0    3.637695      0.0839    3.637695     -0.0839
    3.649902           0    3.649902           0    3.649902      0.0837    3.649902     -0.0837
    3.662109           0    3.662109           1    3.662109      0.0835    3.662109     -0.0835
    3.674316           0    3.674316           0    3.674316      0.0833    3.674316     -0.0833
    3.686523           0    3.686523           0    3.686523      0.0832    3.686523     -0.0832
    3.698731           0    3.698731           0    3.698731      0.0830    3.698731     -0.0830
    3.710938           0    3.710938           0    3.710938      0.0828    3.710938     -0.0828
    3.723145           0    3.723145           0    3.723145      0.0826    3.723145     -0.0826
    3.735352           0    3.735352           0    3.735352      0.0824    3.735352     -0.0824
    3.747559           0    3.747559           0    3.747559      0.0822    3.747559     -0.0822
    3.759766           0    3.759766           0    3.759766      0.0821    3.759766     -0.0821
    3.771973           0    3.771973           0    3.771973      0.0819    3.771973     -0.0819
    3.784180           0    3.784180           0    3.784180      0.0817    3.784180     -0.0817
    3.796387           0    3.796387           0    3.796387      0.0815    3.796387     -0.0815
    3.808594           0    3.808594           0    3.808594      0.0813    3.808594     -0.0813
    3.820801           0    3.820801           0    3.820801      0.0812    3.820801     -0.0812
    3.833008           0    3.833008           0    3.833008      0.0810    3.833008     -0.0810
    3.845215           0    3.845215           0    3.845215      0.0808    3.845215     -0.0808
    3.857422           0    3.857422           0    3.857422      0.0806    3.857422     -0.0806
    3.869629           0    3.869629           0    3.869629      0.0804    3.869629     -0.0804
    3.881836           0    3.881836           0    3.881836      0.0838    3.881836     -0.0838
    3.894043           0    3.894043           0    3.894043      0.1006    3.894043     -0.1006
    3.906250           1    3.906250           0    3.906250      0.1003    3.906250      0.8997
    3.918457           0    3.918457           0    3.918457      0.1001    3.918457     -0.1001
    3.930664           0    3.930664           1    3.930664      0.0999    3.930664     -0.0999
    3.942871           0    3.942871           0    3.942871      0.0997    3.942871     -0.0997
    3.955078           0    3.955078           0    3.955078      0.0995    3.955078     -0.0995
    3.967285           0    3.967285           0    3.967285      0.0992    3.967285     -0.0992
    3.979492           0    3.979492           0    3.979492      0.0990    3.979492     -0.0990
    3.991699           0    3.991699           0    3.991699      0.0988    3.991699     -0.0988
    4.003906           0    4.003906           0    4.003906      0.0986    4.003906     -0.0986
    4.016113           0    4.016113           0    4.016113      0.0984    4.016113     -0.0984
    4.028320           0    4.028320           0    4.028320      0.0981    4.028320     -0.0981
    4.040527           0    4.040527           0    4.040527      0.0979    4.040527     -0.0979
    4.052734           0    4.052734           0    4.052734      0.0977    4.052734     -0.0977
    4.064941           0    4.064941           0    4.064941      0.0975    4.064941     -0.0975
    4.077148           0    4.077148           0    4.077148      0.0973    4.077148     -0.0973
    4.089356           0    4.089356           0    4.089356      0.0971    4.089356     -0.0971
    4.101563           0    4.101563           0    4.101563      0.0968    4.101563     -0.0968
    4.113770           0    4.113770           0    4.113770      0.0966    4.113770     -0.0966
    4.125977           0    4.125977           0    4.125977      0.0964    4.125977     -0.0964
    4.138184           0    4.138184           0    4.138184      0.0962    4.138184     -0.0962
    4.150391           0    4.150391           0    4.150391      0.0960    4.150391     -0.0960
    4.162598           0    4.162598           0    4.162598      0.0958    4.162598     -0.0958
    4.174805           0    4.174805           0    4.174805      0.0956    4.174805     -0.0956
    4.187012           0    4.187012           0    4.187012      0.0954    4.187012     -0.0954
    4.199219           0    4.199219           0    4.199219      0.0951    4.199219     -0.0951
    4.211426           0    4.211426           0    4.211426      0.0949    4.211426     -0.0949
    4.223633           0    4.223633           0    4.223633      0.0947    4.223633     -0.0947
    4.235840           0    4.235840           0    4.235840      0.0945    4.235840     -0.0945
    4.248047           1    4.248047           0    4.248047      0.0943    4.248047      0.9057
    4.260254           0    4.260254           0    4.260254      0.0941    4.260254     -0.0941
    4.272461           0    4.272461           0    4.272461      0.0975    4.272461     -0.0975
    4.284668           0    4.284668           0    4.284668      0.1142    4.284668     -0.1142
    4.296875           1    4.296875           0    4.296875      0.1139    4.296875      0.8861
    4.309082           0    4.309082           0    4.309082      0.1137    4.309082     -0.1137
    4.321289           0    4.321289           1    4.321289      0.1134    4.321289     -0.1134
    4.333496           0    4.333496           0    4.333496      0.1132    4.333496     -0.1132
    4.345703           0    4.345703           0    4.345703      0.1129    4.345703     -0.1129
    4.357910           0    4.357910           0    4.357910      0.1127    4.357910     -0.1127
    4.370117           0    4.370117           0    4.370117      0.1124    4.370117     -0.1124
    4.382324           0    4.382324           0    4.382324      0.1157    4.382324     -0.1157
    4.394531           0    4.394531           0    4.394531      0.1324    4.394531     -0.1324
    4.406738           0    4.406738           0    4.406738      0.1321    4.406738     -0.1321
    4.418945           0    4.418945           0    4.418945      0.1318    4.418945     -0.1318
    4.431152           0    4.431152           1    4.431152      0.1315    4.431152     -0.1315
    4.443359           0    4.443359           0    4.443359      0.1312    4.443359     -0.1312
    4.455566           0    4.455566           0    4.455566      0.1309    4.455566     -0.1309
    4.467773           0    4.467773           0    4.467773      0.1307    4.467773     -0.1307
    4.479981           0    4.479981           0    4.479981      0.1304    4.479981     -0.1304
    4.492188           0    4.492188           0    4.492188      0.1301    4.492188     -0.1301
    4.504395           0    4.504395           0    4.504395      0.1298    4.504395     -0.1298
    4.516602           0    4.516602           0    4.516602      0.1295    4.516602     -0.1295
    4.528809           0    4.528809           0    4.528809      0.1292    4.528809     -0.1292
    4.541016           0    4.541016           0    4.541016      0.1289    4.541016     -0.1289
    4.553223           0    4.553223           0    4.553223      0.1286    4.553223     -0.1286
    4.565430           0    4.565430           0    4.565430      0.1284    4.565430     -0.1284
    4.577637           0    4.577637           0    4.577637      0.1281    4.577637     -0.1281
    4.589844           0    4.589844           0    4.589844      0.1278    4.589844     -0.1278
    4.602051           0    4.602051           0    4.602051      0.1311    4.602051     -0.1311
    4.614258           0    4.614258           0    4.614258      0.1548    4.614258     -0.1548
    4.626465           0    4.626465           0    4.626465      0.2097    4.626465     -0.2097
    4.638672           0    4.638672           0    4.638672      0.3251    4.638672     -0.3251
    4.650879           0    4.650879           1    4.650879      0.3992    4.650879     -0.3992
    4.663086           0    4.663086           2    4.663086      0.4393    4.663086     -0.4393
    4.675293           0    4.675293           6    4.675293      0.4722    4.675293     -0.4722
    4.687500           0    4.687500           4    4.687500      0.4711    4.687500     -0.4711
    4.699707           0    4.699707           2    4.699707      0.4701    4.699707     -0.4701
    4.711914           0    4.711914           2    4.711914      0.4691    4.711914     -0.4691
    4.724121           0    4.724121           0    4.724121      0.4716    4.724121     -0.4716
    4.736328           0    4.736328           0    4.736328      0.4981    4.736328     -0.4981
    4.748535           0    4.748535           0    4.748535      0.5621    4.748535     -0.5621
    4.760742           0    4.760742           0    4.760742      0.7281    4.760742     -0.7281
    4.772949           0    4.772949           1    4.772949      1.8978    4.772949     -1.8978
    4.785156           2    4.785156           3    4.785156      8.1967    4.785156     -4.3818
    4.797363          23    4.797363           4    4.797363     32.9069    4.797363     -2.0657
    4.809570         108    4.809570          28    4.809570    108.2483    4.809570     -0.0239
    4.821777         283    4.821777         196    4.821777    269.9602    4.821777      0.7751
    4.833984         551    4.833984         839    4.833984    513.0060    4.833984      1.6186
    4.846191         836    4.846191        2958    4.846191    772.1253    4.846191      2.2092
    4.858398        1003    4.858398        7120    4.858398    978.5288    4.858398      0.7727
    4.870606        1165    4.870606       11635    4.870606   1115.6648    4.870606      1.4454
    4.882813        1262    4.882813       13107    4.882813   1204.2226    4.882813      1.6264
    4.895020        1281    4.895020       10769    4.895020   1265.1121    4.895020      0.4439
    4.907227        1378    4.907227        7240    4.907227   1309.7238    4.907227      1.8393
    4.919434        1343    4.919434        4695    4.919434   1339.2721    4.919434      0.1017
    4.931641        1370    4.931641        3239    4.931641   1358.6064    4.931641      0.3078
    4.943848        1396    4.943848        2447    4.943848   1373.0928    4.943848      0.6131
    4.956055        1407    4.956055        1679    4.956055   1382.9844    4.956055      0.6402
    4.968262        1423    4.968262        1128    4.968262   1391.4965    4.968262      0.8351
    4.980469        1370    4.980469         898    4.980469   1398.3302    4.980469     -0.7654
    4.992676        1421    4.992676         642    4.992676   1403.2243    4.992676      0.4716
    5.004883        1412    5.004883         578    5.004883   1406.9890    5.004883      0.1334
    5.017090        1398    5.017090         501    5.017090   1410.6146    5.017090     -0.3374
    5.029297        1440    5.029297         401    5.029297   1413.9373    5.029297      0.6868
    5.041504        1384    5.041504         336    5.041504   1417.0642    5.041504     -0.8888
    5.053711        1435    5.053711         331    5.053711   1420.8271    5.053711      0.3741
    5.065918        1419    5.065918         318    5.065918   1423.8429    5.065918     -0.1286
    5.078125        1382    5.078125         297    5.078125   1426.9292    5.078125     -1.2086
    5.090332        1437    5.090332         344    5.090332   1430.7144    5.090332      0.1658
    5.102539        1422    5.102539         301    5.102539   1434.9840    5.102539     -0.3443
    5.114746        1423    5.114746         298    5.114746   1439.5238    5.114746     -0.4380
    5.126953        1477    5.126953         334    5.126953   1444.5429    5.126953      0.8445
    5.139160        1487    5.139160         361    5.139160   1449.3068    5.139160      0.9775
    5.151367        1445    5.151367         371    5.151367   1453.7224    5.151367     -0.2295
    5.163574        1357    5.163574         402    5.163574   1458.1845    5.163574     -2.7468
    5.175781        1447    5.175781         392    5.175781   1462.4977    5.175781     -0.4074
    5.187988        1437    5.187988         371    5.187988   1466.8591    5.187988     -0.7877
    5.200195        1464    5.200195         376    5.200195   1471.4704    5.200195     -0.1952
    5.212402        1460    5.212402         368    5.212402   1475.5147    5.212402     -0.4060
    5.224609        1523    5.224609         367    5.224609   1479.0404    5.224609      1.1264
    5.236816        1509    5.236816         388    5.236816   1482.2929    5.236816      0.6875
    5.249023        1489    5.249023         361    5.249023   1484.9957    5.249023      0.1038
    5.261231        1473    5.261231         333    5.261231   1487.3892    5.261231     -0.3749
    5.273438        1485    5.273438         323    5.273438   1490.0942    5.273438     -0.1322
    5.285645        1505    5.285645         296    5.285645   1491.9742    5.285645      0.3358
    5.297852        1514    5.297852         272    5.297852   1493.6945    5.297852      0.5219
    5.310059        1475    5.310059         301    5.310059   1494.3186    5.310059     -0.5030
    5.322266        1438    5.322266         252    5.322266   1494.2172    5.322266     -1.4825
    5.334473        1503    5.334473         255    5.334473   1493.1001    5.334473      0.2554
    5.346680        1483    5.346680         197    5.346680   1491.6033    5.346680     -0.2234
    5.358887        1471    5.358887         166    5.358887   1489.8255    5.358887     -0.4908
    5.371094        1508    5.371094         110    5.371094   1488.0472    5.371094      0.5138
    5.383301        1520    5.383301          91    5.383301   1486.1891    5.383301      0.8672
    5.395508        1497    5.395508          74    5.395508   1484.3841    5.395508      0.3261
    5.407715        1509    5.407715          75    5.407715   1482.3533    5.407715      0.6860
    5.419922        1504    5.419922          69    5.419922   1480.0498    5.419922      0.6176
    5.432129        1439    5.432129          74    5.432129   1477.8236    5.432129     -1.0234
    5.444336        1432    5.444336          64    5.444336   1475.6363    5.444336     -1.1531
    5.456543        1498    5.456543          47    5.456543   1473.1356    5.456543      0.6424
    5.468750        1462    5.468750          50    5.468750   1470.7001    5.468750     -0.2275
    5.480957        1450    5.480957          56    5.480957   1468.4376    5.480957     -0.4842
    5.493164        1468    5.493164          37    5.493164   1465.9788    5.493164      0.0528
    5.505371        1453    5.505371          38    5.505371   1463.3623    5.505371     -0.2718
    5.517578        1471    5.517578          50    5.517578   1460.6937    5.517578      0.2687
    5.529785        1466    5.529785          40    5.529785   1457.9829    5.529785      0.2094
    5.541992        1567    5.541992          31    5.541992   1455.2531    5.541992      2.8229
    5.554199        1426    5.554199          28    5.554199   1452.6826    5.554199     -0.7066
    5.566406        1470    5.566406          26    5.566406   1449.9271    5.566406      0.5235
    5.578613        1408    5.578613          22    5.578613   1447.4013    5.578613     -1.0500
    5.590820        1365    5.590820          34    5.590820   1444.8482    5.590820     -2.1612
    5.603027        1427    5.603027          20    5.603027   1442.0851    5.603027     -0.3993
    5.615234        1363    5.615234          33    5.615234   1439.4190    5.615234     -2.0699
    5.627441        1389    5.627441          34    5.627441   1436.7258    5.627441     -1.2806
    5.639649        1411    5.639649          20    5.639649   1434.1054    5.639649     -0.6151
    5.651856        1379    5.651856          26    5.651856   1431.3883    5.651856     -1.4108
    5.664063        1362    5.664063          23    5.664063   1428.5855    5.664063     -1.8042
    5.676270        1451    5.676270          28    5.676270   1425.7444    5.676270      0.6630
    5.688477        1428    5.688477          23    5.688477   1422.8800    5.688477      0.1355
    5.700684        1398    5.700684          18    5.700684   1420.0952    5.700684     -0.5909
    5.712891        1443    5.712891          16    5.712891   1417.2023    5.712891      0.6791
    5.725098        1349    5.725098          13    5.725098   1414.3962    5.725098     -1.7805
    5.737305        1362    5.737305          19    5.737305   1411.4839    5.737305     -1.3408
    5.749512        1405    5.749512          11    5.749512   1408.5415    5.749512     -0.0945
    5.761719        1376    5.761719          17    5.761719   1405.6698    5.761719     -0.7998
    5.773926        1453    5.773926          11    5.773926   1402.7840    5.773926      1.3174
    5.786133        1401    5.786133           8    5.786133   1399.8769    5.786133      0.0300
    5.798340        1442    5.798340          12    5.798340   1396.9219    5.798340      1.1871
    5.810547        1406    5.810547          11    5.810547   1393.9530    5.810547      0.3213
    5.822754        1390    5.822754          10    5.822754   1390.9808    5.822754     -0.0263
    5.834961        1415    5.834961           7    5.834961   1388.0419    5.834961      0.7167
    5.847168        1347    5.847168           6    5.847168   1385.0863    5.847168     -1.0377
    5.859375        1378    5.859375           5    5.859375   1382.1738    5.859375     -0.1124
    5.871582        1402    5.871582           7    5.871582   1379.2072    5.871582      0.6087
    5.883789        1452    5.883789           5    5.883789   1376.2774    5.883789      1.9872
    5.895996        1392    5.895996           8    5.895996   1373.3265    5.895996      0.5005
    5.908203        1380    5.908203           4    5.908203   1370.3313    5.908203      0.2603
    5.920410        1333    5.920410           6    5.920410   1367.3427    5.920410     -0.9406
    5.932617        1407    5.932617           5    5.932617   1364.3786    5.932617      1.1363
    5.944824        1389    5.944824           2    5.944824   1361.4985    5.944824      0.7379
    5.957031        1398    5.957031           2    5.957031   1358.5838    5.957031      1.0542
    5.969238        1427    5.969238           2    5.969238   1355.6417    5.969238      1.8890
    5.981445        1388    5.981445           7    5.981445   1352.7168    5.981445      0.9471
    5.993652        1344    5.993652           5    5.993652   1349.8420    5.993652     -0.1594
    6.005859        1391    6.005859           3    6.005859   1346.9326    6.005859      1.1816
    6.018066        1282    6.018066           3    6.018066   1343.9957    6.018066     -1.7315
    6.030274        1376    6.030274           6    6.030274   1341.0761    6.030274      0.9415
    6.042481        1298    6.042481           4    6.042481   1338.1994    6.042481     -1.1158
    6.054688        1341    6.054688           2    6.054688   1335.2685    6.054688      0.1565
    6.066895        1324    6.066895           2    6.066895   1332.3708    6.066895     -0.2301
    6.079102        1317    6.079102           5    6.079102   1329.4564    6.079102     -0.3432
    6.091309        1345    6.091309           1    6.091309   1326.5956    6.091309      0.5018
    6.103516        1340    6.103516           3    6.103516   1323.7171    6.103516      0.4448
    6.115723        1359    6.115723           1    6.115723   1320.8075    6.115723      1.0360
    6.127930        1300    6.127930           4    6.127930   1317.8946    6.127930     -0.4963
    6.140137        1282    6.140137           3    6.140137   1315.0184    6.140137     -0.9222
    6.152344        1316    6.152344           1    6.152344   1312.1316    6.152344      0.1066
    6.164551        1336    6.164551           0    6.164551   1309.2512    6.164551      0.7318
    6.176758        1259    6.176758           2    6.176758   1306.3772    6.176758     -1.3352
    6.188965        1270    6.188965           1    6.188965   1303.5166    6.188965     -0.9405
    6.201172        1278    6.201172           1    6.201172   1300.6927    6.201172     -0.6348
    6.213379        1293    6.213379           1    6.213379   1297.8617    6.213379     -0.1352
    6.225586        1345    6.225586           1    6.225586   1295.0467    6.225586      1.3621
    6.237793        1306    6.237793           3    6.237793   1292.2041    6.237793      0.3818
    6.250000        1294    6.250000           2    6.250000   1289.3677    6.250000      0.1288
    6.262207        1304    6.262207           3    6.262207   1286.5484    6.262207      0.4833
    6.274414        1273    6.274414           1    6.274414   1283.7789    6.274414     -0.3021
    6.286621        1303    6.286621           1    6.286621   1280.9852    6.286621      0.6099
    6.298828        1300    6.298828           1    6.298828   1278.2076    6.298828      0.6044
    6.311035        1313    6.311035           4    6.311035   1275.4057    6.311035      1.0375
    6.323242        1268    6.323242           2    6.323242   1272.6199    6.323242     -0.1297
    6.335449        1326    6.335449           3    6.335449   1269.8170    6.335449      1.5429
    6.347656        1236    6.347656           1    6.347656   1267.0605    6.347656     -0.8835
    6.359863        1287    6.359863           2    6.359863   1264.2628    6.359863      0.6338
    6.372070        1311    6.372070           0    6.372070   1261.4918    6.372070      1.3673
    6.384277        1193    6.384277           3    6.384277   1258.7439    6.384277     -1.9034
    6.396484        1254    6.396484           0    6.396484   1255.9949    6.396484     -0.0563
    6.408691        1257    6.408691           1    6.408691   1253.2181    6.408691      0.1067
    6.420899        1233    6.420899           2    6.420899   1250.4475    6.420899     -0.4969
    6.433106        1252    6.433106           2    6.433106   1247.6830    6.433106      0.1220
    6.445313        1227    6.445313           0    6.445313   1244.9246    6.445313     -0.5117
    6.457520        1169    6.457520           0    6.457520   1242.1794    6.457520     -2.1403
    6.469727        1255    6.469727           0    6.469727   1239.4670    6.469727      0.4385
    6.481934        1228    6.481934           0    6.481934   1236.7268    6.481934     -0.2490
    6.494141        1241    6.494141           0    6.494141   1233.9926    6.494141      0.1989
    6.506348        1211    6.506348           2    6.506348   1231.2645    6.506348     -0.5823
    6.518555        1214    6.518555           0    6.518555   1228.5424    6.518555     -0.4174
    6.530762        1158    6.530762           0    6.530762   1225.8263    6.530762     -1.9932
    6.542969        1248    6.542969           0    6.542969   1223.1198    6.542969      0.7043
    6.555176        1228    6.555176           0    6.555176   1220.4326    6.555176      0.2159
    6.567383        1175    6.567383           0    6.567383   1217.7345    6.567383     -1.2467
    6.579590        1281    6.579590           0    6.579590   1215.0423    6.579590      1.8429
    6.591797        1209    6.591797           1    6.591797   1212.3561    6.591797     -0.0965
    6.604004        1174    6.604004           0    6.604004   1209.6758    6.604004     -1.0412
    6.616211        1236    6.616211           0    6.616211   1207.0014    6.616211      0.8248
    6.628418        1208    6.628418           0    6.628418   1204.3329    6.628418      0.1055
    6.640625        1239    6.640625           0    6.640625   1201.6704    6.640625      1.0605
    6.652832        1138    6.652832           0    6.652832   1199.0137    6.652832     -1.8087
    6.665039        1237    6.665039           0    6.665039   1196.3629    6.665039      1.1554
    6.677246        1225    6.677246           0    6.677246   1193.7180    6.677246      0.8938
    6.689453        1163    6.689453           0    6.689453   1191.0824    6.689453     -0.8235
    6.701660        1196    6.701660           0    6.701660   1188.4697    6.701660      0.2177
    6.713867        1221    6.713867           0    6.713867   1185.8591    6.713867      1.0057
    6.726074        1130    6.726074           0    6.726074   1183.2374    6.726074     -1.5837
    6.738281        1200    6.738281           1    6.738281   1180.6215    6.738281      0.5594
    6.750488        1230    6.750488           1    6.750488   1178.0113    6.750488      1.4824
    6.762695        1249    6.762695           0    6.762695   1175.4070    6.762695      2.0824
    6.774902        1168    6.774902           0    6.774902   1172.8084    6.774902     -0.1407
    6.787109        1202    6.787109           0    6.787109   1170.2155    6.787109      0.9168
    6.799316        1136    6.799316           0    6.799316   1167.6284    6.799316     -0.9384
    6.811524        1132    6.811524           0    6.811524   1165.0470    6.811524     -0.9822
    6.823731        1161    6.823731           0    6.823731   1162.4713    6.823731     -0.0432
    6.835938        1123    6.835938           0    6.835938   1159.9013    6.835938     -1.1012
    6.848145        1139    6.848145           0    6.848145   1157.3405    6.848145     -0.5434
    6.860352        1170    6.860352           0    6.860352   1154.7988    6.860352      0.4444
    6.872559        1186    6.872559           0    6.872559   1152.2457    6.872559      0.9801
    6.884766        1153    6.884766           0    6.884766   1149.6983    6.884766      0.0972
    6.896973        1141    6.896973           1    6.896973   1147.1565    6.896973     -0.1823
    6.909180        1181    6.909180           0    6.909180   1144.6204    6.909180      1.0586
    6.921387        1197    6.921387           0    6.921387   1142.0898    6.921387      1.5871
    6.933594        1125    6.933594           0    6.933594   1139.5649    6.933594     -0.4342
    6.945801        1172    6.945801           0    6.945801   1137.0491    6.945801      1.0209
    6.958008        1157    6.958008           0    6.958008   1134.5522    6.958008      0.6599
    6.970215        1113    6.970215           0    6.970215   1132.0439    6.970215     -0.5708
    6.982422        1073    6.982422           0    6.982422   1129.5447    6.982422     -1.7262
    6.994629        1119    6.994629           1    6.994629   1127.0644    6.994629     -0.2411
    7.006836        1145    7.006836           0    7.006836   1124.5727    7.006836      0.6037
    7.019043        1094    7.019043           0    7.019043   1122.0865    7.019043     -0.8492
    7.031250        1083    7.031250           1    7.031250   1119.6058    7.031250     -1.1123
    7.043457        1155    7.043457           0    7.043457   1117.1305    7.043457      1.1143
    7.055664        1162    7.055664           0    7.055664   1114.6608    7.055664      1.3887
    7.067871        1068    7.067871           0    7.067871   1112.1964    7.067871     -1.3524
    7.080078        1116    7.080078           0    7.080078   1109.7376    7.080078      0.1875
    7.092285        1091    7.092285           0    7.092285   1107.2842    7.092285     -0.4930
    7.104492        1085    7.104492           0    7.104492   1104.8362    7.104492     -0.6022
    7.116699        1080    7.116699           0    7.116699   1102.3936    7.116699     -0.6814
    7.128906        1079    7.128906           0    7.128906   1099.9564    7.128906     -0.6380
    7.141113        1112    7.141113           0    7.141113   1097.5246    7.141113      0.4341
    7.153320        1059    7.153320           0    7.153320   1095.0982    7.153320     -1.1093
    7.165527        1092    7.165527           0    7.165527   1092.6771    7.165527     -0.0205
    7.177734        1144    7.177734           0    7.177734   1090.2614    7.177734      1.5888
    7.189941        1099    7.189941           0    7.189941   1087.8510    7.189941      0.3363
    7.202149        1044    7.202149           0    7.202149   1085.4460    7.202149     -1.2827
    7.214356        1106    7.214356           0    7.214356   1083.0498    7.214356      0.6901
    7.226563        1133    7.226563           0    7.226563   1080.6759    7.226563      1.5545
    7.238770        1089    7.238770           0    7.238770   1078.3036    7.238770      0.3241
    7.250977        1083    7.250977           0    7.250977   1075.9197    7.250977      0.2151
    7.263184        1030    7.263184           1    7.263184   1073.5411    7.263184     -1.3567
    7.275391        1082    7.275391           1    7.275391   1071.1677    7.275391      0.3293
    7.287598        1065    7.287598           0    7.287598   1068.7995    7.287598     -0.1164
    7.299805        1050    7.299805           0    7.299805   1066.4366    7.299805     -0.5072
    7.312012        1093    7.312012           0    7.312012   1064.0789    7.312012      0.8748
    7.324219        1051    7.324219           0    7.324219   1061.7264    7.324219     -0.3309
    7.336426        1110    7.336426           0    7.336426   1059.3791    7.336426      1.5194
    7.348633        1039    7.348633           0    7.348633   1057.0370    7.348633     -0.5596
    7.360840        1013    7.360840           0    7.360840   1054.7001    7.360840     -1.3102
    7.373047        1052    7.373047           0    7.373047   1052.3684    7.373047     -0.0114
    7.385254        1015    7.385254           0    7.385254   1050.0418    7.385254     -1.0999
    7.397461        1030    7.397461           0    7.397461   1047.7203    7.397461     -0.5521
    7.409668        1027    7.409668           0    7.409668   1045.4040    7.409668     -0.5743
    7.421875        1029    7.421875           0    7.421875   1043.0928    7.421875     -0.4393
    7.434082         985    7.434082           0    7.434082   1040.7867    7.434082     -1.7775
    7.446289        1001    7.446289           0    7.446289   1038.4857    7.446289     -1.1848
    7.458496        1071    7.458496           0    7.458496   1036.1934    7.458496      1.0636
    7.470703        1044    7.470703           0    7.470703   1033.9195    7.470703      0.3120
    7.482910        1053    7.482910           0    7.482910   1031.6337    7.482910      0.6584
    7.495117        1042    7.495117           0    7.495117   1029.3529    7.495117      0.3918
    7.507324        1061    7.507324           1    7.507324   1027.0772    7.507324      1.0414
    7.519531        1034    7.519531           0    7.519531   1024.8066    7.519531      0.2859
    7.531738        1002    7.531738           0    7.531738   1022.5409    7.531738     -0.6489
    7.543945        1013    7.543945           0    7.543945   1020.2802    7.543945     -0.2287
    7.556152        1054    7.556152           0    7.556152   1018.0246    7.556152      1.1081
    7.568359         929    7.568359           0    7.568359   1015.7739    7.568359     -2.8470
    7.580566         976    7.580566           0    7.580566   1013.5282    7.580566     -1.2012
    7.592774         945    7.592774           0    7.592774   1011.2875    7.592774     -2.1563
    7.604981         968    7.604981           0    7.604981   1009.0517    7.604981     -1.3195
    7.617188         952    7.617188           0    7.617188   1006.8209    7.617188     -1.7768
    7.629395        1050    7.629395           0    7.629395   1004.5950    7.629395      1.4012
    7.641602         988    7.641602           0    7.641602   1002.3740    7.641602     -0.4573
    7.653809        1006    7.653809           0    7.653809   1000.1580    7.653809      0.1842
    7.666016        1016    7.666016           0    7.666016    997.9468    7.666016      0.5664
    7.678223         985    7.678223           0    7.678223    995.7405    7.678223     -0.3422
    7.690430        1010    7.690430           0    7.690430    993.5391    7.690430      0.5180
    7.702637         994    7.702637           0    7.702637    991.3426    7.702637      0.0843
    7.714844        1006    7.714844           0    7.714844    989.1509    7.714844      0.5312
    7.727051         950    7.727051           0    7.727051    986.9641    7.727051     -1.1993
    7.739258        1006    7.739258           0    7.739258    984.7821    7.739258      0.6690
    7.751465         977    7.751465           0    7.751465    982.6049    7.751465     -0.1793
    7.763672         918    7.763672           0    7.763672    980.4326    7.763672     -2.0606
    7.775879         975    7.775879           0    7.775879    978.2650    7.775879     -0.1046
    7.788086         917    7.788086           0    7.788086    976.1023    7.788086     -1.9517
    7.800293         975    7.800293           0    7.800293    973.9443    7.800293      0.0338
    7.812500         964    7.812500           0    7.812500    971.7911    7.812500     -0.2509
    7.824707         962    7.824707           0    7.824707    969.6426    7.824707     -0.2464
    7.836914         904    7.836914           0    7.836914    967.5025    7.836914     -2.1121
    7.849121         954    7.849121           0    7.849121    965.3804    7.849121     -0.3685
    7.861328         959    7.861328           0    7.861328    963.2462    7.861328     -0.1371
    7.873535         930    7.873535           0    7.873535    961.1166    7.873535     -1.0204
    7.885742         922    7.885742           1    7.885742    958.9917    7.885742     -1.2183
    7.897949         971    7.897949           0    7.897949    956.8716    7.897949      0.4534
    7.910156         957    7.910156           0    7.910156    954.7561    7.910156      0.0725
    7.922363         907    7.922363           0    7.922363    952.6489    7.922363     -1.5157
    7.934570         938    7.934570           0    7.934570    950.5597    7.934570     -0.4101
    7.946777         932    7.946777           0    7.946777    948.4582    7.946777     -0.5391
    7.958984         933    7.958984           0    7.958984    946.3613    7.958984     -0.4374
    7.971191         974    7.971191           1    7.971191    944.2691    7.971191      0.9526
    7.983399         952    7.983399           0    7.983399    942.1815    7.983399      0.3182
    7.995606         976    7.995606           0    7.995606    940.0985    7.995606      1.1492
    8.007813         945    8.007813           0    8.007813    938.0201    8.007813      0.2271
    8.020020         919    8.020020           0    8.020020    935.9463    8.020020     -0.5590
    8.032227         892    8.032227           0    8.032227    933.8771    8.032227     -1.4021
    8.044434         911    8.044434           0    8.044434    931.8125    8.044434     -0.6895
    8.056641         953    8.056641           0    8.056641    929.7524    8.056641      0.7531
    8.068848         905    8.068848           0    8.068848    927.6969    8.068848     -0.7545
    8.081055         960    8.081055           0    8.081055    925.6459    8.081055      1.1088
    8.093262         908    8.093262           0    8.093262    923.5995    8.093262     -0.5177
    8.105469         979    8.105469           0    8.105469    921.5576    8.105469      1.8359
    8.117676         894    8.117676           0    8.117676    919.5202    8.117676     -0.8535
    8.129883         950    8.129883           0    8.129883    917.4944    8.129883      1.0546
    8.142090         917    8.142090           0    8.142090    915.4999    8.142090      0.0495
    8.154297         823    8.154297           0    8.154297    913.4794    8.154297     -3.1539
    8.166504         879    8.166504           0    8.166504    911.4768    8.166504     -1.0954
    8.178711         891    8.178711           2    8.178711    909.4617    8.178711     -0.6185
    8.190918         880    8.190918           0    8.190918    907.4511    8.190918     -0.9254
    8.203125         948    8.203125           1    8.203125    905.4449    8.203125      1.3821
    8.215332         902    8.215332           0    8.215332    903.4431    8.215332     -0.0481
    8.227539         864    8.227539           0    8.227539    901.4458    8.227539     -1.2739
    8.239746         885    8.239746           0    8.239746    899.4528    8.239746     -0.4858
    8.251953         924    8.251953           0    8.251953    897.4643    8.251953      0.8730
    8.264160         859    8.264160           0    8.264160    895.4802    8.264160     -1.2447
    8.276367         892    8.276367           0    8.276367    893.5004    8.276367     -0.0502
    8.288574         944    8.288574           0    8.288574    891.5251    8.288574      1.7079
    8.300781         897    8.300781           0    8.300781    889.5541    8.300781      0.2486
    8.312988         901    8.312988           0    8.312988    887.5874    8.312988      0.4468
    8.325195         864    8.325195           0    8.325195    885.6251    8.325195     -0.7357
    8.337402         912    8.337402           0    8.337402    883.6672    8.337402      0.9382
    8.349609         856    8.349609           0    8.349609    881.7136    8.349609     -0.8789
    8.361817         915    8.361817           0    8.361817    879.7643    8.361817      1.1649
    8.374024         893    8.374024           0    8.374024    877.8193    8.374024      0.5080
    8.386231         920    8.386231           0    8.386231    875.8786    8.386231      1.4546
    8.398438         903    8.398438           0    8.398438    873.9422    8.398438      0.9670
    8.410645         875    8.410645           0    8.410645    872.0100    8.410645      0.1011
    8.422852         864    8.422852           0    8.422852    870.0822    8.422852     -0.2069
    8.435059         843    8.435059           0    8.435059    868.1586    8.435059     -0.8665
    8.447266         889    8.447266           0    8.447266    866.2392    8.447266      0.7634
    8.459473         837    8.459473           0    8.459473    864.3241    8.459473     -0.9445
    8.471680         844    8.471680           0    8.471680    862.4133    8.471680     -0.6338
    8.483887         893    8.483887           0    8.483887    860.5067    8.483887      1.0873
    8.496094         850    8.496094           0    8.496094    858.6042    8.496094     -0.2951
    8.508301         795    8.508301           0    8.508301    856.7060    8.508301     -2.1885
    8.520508         853    8.520508           0    8.520508    854.8120    8.520508     -0.0620
    8.532715         839    8.532715           0    8.532715    852.9222    8.532715     -0.4806
    8.544922         853    8.544922           0    8.544922    851.0365    8.544922      0.0672
    8.557129         837    8.557129           0    8.557129    849.1550    8.557129     -0.4201
    8.569336         763    8.569336           0    8.569336    847.2777    8.569336     -3.0511
    8.581543         870    8.581543           0    8.581543    845.4045    8.581543      0.8339
    8.593750         798    8.593750           0    8.593750    843.5355    8.593750     -1.6119
    8.605957         844    8.605957           0    8.605957    841.6706    8.605957      0.0802
    8.618164         824    8.618164           0    8.618164    839.8098    8.618164     -0.5508
    8.630371         876    8.630371           0    8.630371    837.9531    8.630371      1.2855
    8.642578         785    8.642578           0    8.642578    836.1006    8.642578     -1.8239
    8.654785         821    8.654785           0    8.654785    834.2521    8.654785     -0.4625
    8.666992         816    8.666992           0    8.666992    832.4077    8.666992     -0.5744
    8.679199         742    8.679199           0    8.679199    830.5674    8.679199     -3.2514
    8.691406         809    8.691406           0    8.691406    828.7312    8.691406     -0.6937
    8.703613         798    8.703613           0    8.703613    826.8990    8.703613     -1.0230
    8.715820         796    8.715820           0    8.715820    825.0709    8.715820     -1.0304
    8.728027         765    8.728027           0    8.728027    823.2468    8.728027     -2.1059
    8.740234         805    8.740234           0    8.740234    821.4268    8.740234     -0.5790
    8.752442         832    8.752442           0    8.752442    819.6108    8.752442      0.4295
    8.764649         809    8.764649           0    8.764649    817.7988    8.764649     -0.3093
    8.776856         841    8.776856           0    8.776856    815.9908    8.776856      0.8624
    8.789063         796    8.789063           0    8.789063    814.1868    8.789063     -0.6446
    8.801270         819    8.801270           0    8.801270    812.3867    8.801270      0.2311
    8.813477         772    8.813477           0    8.813477    810.5907    8.813477     -1.3889
    8.825684         803    8.825684           0    8.825684    808.7986    8.825684     -0.2046
    8.837891         797    8.837891           0    8.837891    807.0105    8.837891     -0.3546
    8.850098         763    8.850098           0    8.850098    805.2264    8.850098     -1.5287
    8.862305         759    8.862305           0    8.862305    803.4462    8.862305     -1.6133
    8.874512         768    8.874512           0    8.874512    801.6699    8.874512     -1.2150
    8.886719         798    8.886719           0    8.886719    799.8976    8.886719     -0.0672
    8.898926         775    8.898926           0    8.898926    798.1291    8.898926     -0.8308
    8.911133         800    8.911133           0    8.911133    796.3646    8.911133      0.1285
    8.923340         786    8.923340           0    8.923340    794.6040    8.923340     -0.3069
    8.935547         788    8.935547           0    8.935547    792.8508    8.935547     -0.1728
    8.947754         792    8.947754           0    8.947754    791.1149    8.947754      0.0315
    8.959961         744    8.959961           0    8.959961    789.3659    8.959961     -1.6632
    8.972168         743    8.972168           0    8.972168    787.6208    8.972168     -1.6370
    8.984375         817    8.984375           1    8.984375    785.8795    8.984375      1.0888
    8.996582         783    8.996582           0    8.996582    784.1420    8.996582     -0.0408
    9.008789         755    9.008789           0    9.008789    782.4085    9.008789     -0.9975
    9.020996         777    9.020996           0    9.020996    780.6787    9.020996     -0.1320
    9.033203         808    9.033203           0    9.033203    778.9528    9.033203      1.0219
    9.045410         799    9.045410           0    9.045410    777.2306    9.045410      0.7701
    9.057617         751    9.057617           0    9.057617    775.5123    9.057617     -0.8945
    9.069824         790    9.069824           0    9.069824    773.7978    9.069824      0.5764
    9.082031         766    9.082031           0    9.082031    772.0871    9.082031     -0.2199
    9.094238         750    9.094238           0    9.094238    770.3801    9.094238     -0.7442
    9.106445         745    9.106445           0    9.106445    768.6770    9.106445     -0.8675
    9.118652         757    9.118652           0    9.118652    766.9776    9.118652     -0.3626
    9.130859         814    9.130859           0    9.130859    765.2855    9.130859      1.7074
    9.143067         749    9.143067           0    9.143067    763.6105    9.143067     -0.5339
    9.155274         793    9.155274           0    9.155274    761.9259    9.155274      1.1035
    9.167481         737    9.167481           0    9.167481    760.2583    9.167481     -0.8567
    9.179688         741    9.179688           1    9.179688    758.5775    9.179688     -0.6457
    9.191895         759    9.191895           0    9.191895    756.9005    9.191895      0.0762
    9.204102         769    9.204102           1    9.204102    755.2271    9.204102      0.4967
    9.216309         740    9.216309           0    9.216309    753.5574    9.216309     -0.4984
    9.228516         747    9.228516           0    9.228516    751.8914    9.228516     -0.1790
    9.240723         761    9.240723           0    9.240723    750.2291    9.240723      0.3904
    9.252930         744    9.252930           0    9.252930    748.5705    9.252930     -0.1676
    9.265137         752    9.265137           0    9.265137    746.9156    9.265137      0.1854
    9.277344         786    9.277344           0    9.277344    745.2643    9.277344      1.4530
    9.289551         756    9.289551           0    9.289551    743.6166    9.289551      0.4504
    9.301758         737    9.301758           0    9.301758    741.9726    9.301758     -0.1832
    9.313965         737    9.313965           0    9.313965    740.3358    9.313965     -0.1229
    9.326172         715    9.326172           0    9.326172    738.7160    9.326172     -0.8869
    9.338379         724    9.338379           0    9.338379    737.0829    9.338379     -0.4862
    9.350586         748    9.350586           0    9.350586    735.4533    9.350586      0.4588
    9.362793         741    9.362793           1    9.362793    733.8274    9.362793      0.2635
    9.375000         700    9.375000           0    9.375000    732.2050    9.375000     -1.2172
    9.387207         724    9.387207           0    9.387207    730.5862    9.387207     -0.2448
    9.399414         723    9.399414           0    9.399414    728.9710    9.399414     -0.2221
    9.411621         710    9.411621           0    9.411621    727.3594    9.411621     -0.6515
    9.423828         725    9.423828           0    9.423828    725.7514    9.423828     -0.0279
    9.436035         723    9.436035           0    9.436035    724.1469    9.436035     -0.0427
    9.448242         729    9.448242           0    9.448242    722.5495    9.448242      0.2389
    9.460449         704    9.460449           0    9.460449    720.9690    9.460449     -0.6395
    9.472656         719    9.472656           0    9.472656    719.3750    9.472656     -0.0140
    9.484863         671    9.484863           0    9.484863    717.7846    9.484863     -1.8061
    9.497070         730    9.497070           1    9.497070    716.1977    9.497070      0.5108
    9.509277         725    9.509277           0    9.509277    714.6144    9.509277      0.3857
    9.521484         672    9.521484           0    9.521484    713.0345    9.521484     -1.5829
    9.533692         734    9.533692           0    9.533692    711.4581    9.533692      0.8320
    9.545899         701    9.545899           0    9.545899    709.8852    9.545899     -0.3356
    9.558106         687    9.558106           0    9.558106    708.3158    9.558106     -0.8132
    9.570313         690    9.570313           0    9.570313    706.7498    9.570313     -0.6377
    9.582520         763    9.582520           0    9.582520    705.1873    9.582520      2.0930
    9.594727         741    9.594727           0    9.594727    703.6318    9.594727      1.3728
    9.606934         657    9.606934           0    9.606934    702.0932    9.606934     -1.7593
    9.619141         668    9.619141           0    9.619141    700.5410    9.619141     -1.2590
    9.631348         680    9.631348           0    9.631348    698.9922    9.631348     -0.7283
    9.643555         721    9.643555           1    9.643555    697.4469    9.643555      0.8772
    9.655762         673    9.655762           0    9.655762    695.9049    9.655762     -0.8829
    9.667969         704    9.667969           0    9.667969    694.3664    9.667969      0.3631
    9.680176         692    9.680176           0    9.680176    692.8313    9.680176     -0.0316
    9.692383         689    9.692383           0    9.692383    691.3031    9.692383     -0.0877
    9.704590         678    9.704590           0    9.704590    689.7917    9.704590     -0.4529
    9.716797         735    9.716797           0    9.716797    688.2667    9.716797      1.7238
    9.729004         687    9.729004           0    9.729004    686.7451    9.729004      0.0097
    9.741211         677    9.741211           1    9.741211    685.2268    9.741211     -0.3162
    9.753418         682    9.753418           0    9.753418    683.7119    9.753418     -0.0656
    9.765625         717    9.765625           0    9.765625    682.2003    9.765625      1.2996
    9.777832         676    9.777832           0    9.777832    680.6921    9.777832     -0.1805
    9.790039         655    9.790039           0    9.790039    679.1872    9.790039     -0.9451
    9.802246         651    9.802246           0    9.802246    677.6857    9.802246     -1.0459
    9.814453         676    9.814453           0    9.814453    676.1874    9.814453     -0.0072
    9.826660         628    9.826660           0    9.826660    674.6925    9.826660     -1.8632
    9.838867         680    9.838867           0    9.838867    673.2009    9.838867      0.2607
    9.851074         702    9.851074           0    9.851074    671.7126    9.851074      1.1431
    9.863281         678    9.863281           0    9.863281    670.2311    9.863281      0.2984
    9.875488         658    9.875488           0    9.875488    668.7663    9.875488     -0.4197
    9.887695         645    9.887695           0    9.887695    667.2878    9.887695     -0.8776
    9.899902         671    9.899902           0    9.899902    665.8125    9.899902      0.2003
    9.912109         639    9.912109           1    9.912109    664.3405    9.912109     -1.0025
    9.924317         611    9.924317           0    9.924317    662.8718    9.924317     -2.0985
    9.936524         654    9.936524           0    9.936524    661.4063    9.936524     -0.2896
    9.948731         620    9.948731           0    9.948731    659.9441    9.948731     -1.6042
    9.960938         647    9.960938           0    9.960938    658.4850    9.960938     -0.4515
    9.973145         668    9.973145           0    9.973145    657.0292    9.973145      0.4245
    9.985352         616    9.985352           0    9.985352    655.5767    9.985352     -1.5946
    9.997559         639    9.997559           0    9.997559    654.1273    9.997559     -0.5984
   10.009766         675   10.009766           0   10.009766    652.6812   10.009766      0.8591
   10.021973         636   10.021973           0   10.021973    651.2382   10.021973     -0.6042
   10.034180         675   10.034180           0   10.034180    649.7984   10.034180      0.9700
   10.046387         658   10.046387           0   10.046387    648.3619   10.046387      0.3757
   10.058594         639   10.058594           0   10.058594    646.9284   10.058594     -0.3136
   10.070801         634   10.070801           0   10.070801    645.4982   10.070801     -0.4567
   10.083008         658   10.083008           0   10.083008    644.0711   10.083008      0.5430
   10.095215         640   10.095215           0   10.095215    642.6472   10.095215     -0.1046
   10.107422         613   10.107422           0   10.107422    641.2264   10.107422     -1.1401
   10.119629         644   10.119629           0   10.119629    639.8088   10.119629      0.1652
   10.131836         606   10.131836           0   10.131836    638.3943   10.131836     -1.3159
   10.144043         669   10.144043           0   10.144043    636.9829   10.144043      1.2379
   10.156250         631   10.156250           0   10.156250    635.5747   10.156250     -0.1821
   10.168457         646   10.168457           0   10.168457    634.1695   10.168457      0.4655
   10.180664         609   10.180664           0   10.180664    632.7675   10.180664     -0.9631
   10.192871         617   10.192871           0   10.192871    631.3686   10.192871     -0.5785
   10.205078         631   10.205078           0   10.205078    629.9727   10.205078      0.0409
   10.217285         609   10.217285           0   10.217285    628.5800   10.217285     -0.7934
   10.229492         639   10.229492           0   10.229492    627.1903   10.229492      0.4672
   10.241699         643   10.241699           0   10.241699    625.8037   10.241699      0.6782
   10.253906         647   10.253906           0   10.253906    624.4202   10.253906      0.8877
   10.266113         578   10.266113           0   10.266113    623.0397   10.266113     -1.8734
   10.278320         629   10.278320           0   10.278320    621.6623   10.278320      0.2926
   10.290527         587   10.290527           0   10.290527    620.2879   10.290527     -1.3739
   10.302734         633   10.302734           0   10.302734    618.9165   10.302734      0.5598
   10.314942         633   10.314942           0   10.314942    617.5482   10.314942      0.6142
   10.327149         594   10.327149           0   10.327149    616.1829   10.327149     -0.9102
   10.339356         673   10.339356           0   10.339356    614.8207   10.339356      2.2426
   10.351563         580   10.351563           0   10.351563    613.4614   10.351563     -1.3894
   10.363770         611   10.363770           0   10.363770    612.1052   10.363770     -0.0447
   10.375977         655   10.375977           0   10.375977    610.7519   10.375977      1.7289
   10.388184         632   10.388184           0   10.388184    609.4017   10.388184      0.8989
   10.400391         585   10.400391           0   10.400391    608.0544   10.400391     -0.9532
   10.412598         592   10.412598           0   10.412598    606.7136   10.412598     -0.6047
   10.424805         588   10.424805           0   10.424805    605.3892   10.424805     -0.7171
   10.437012         629   10.437012           0   10.437012    604.0508   10.437012      0.9948
   10.449219         618   10.449219           0   10.449219    602.7154   10.449219      0.6148
   10.461426         605   10.461426           1   10.461426    601.3829   10.461426      0.1471
   10.473633         595   10.473633           0   10.473633    600.0534   10.473633     -0.2072
   10.485840         617   10.485840           0   10.485840    598.7268   10.485840      0.7357
   10.498047         579   10.498047           0   10.498047    597.4066   10.498047     -0.7650
   10.510254         598   10.510254           0   10.510254    596.1028   10.510254      0.0776
   10.522461         574   10.522461           0   10.522461    594.7849   10.522461     -0.8675
   10.534668         593   10.534668           0   10.534668    593.4700   10.534668     -0.0193
   10.546875         573   10.546875           1   10.546875    592.1579   10.546875     -0.8003
   10.559082         635   10.559082           0   10.559082    590.8488   10.559082      1.7521
   10.571289         632   10.571289           0   10.571289    589.5425   10.571289      1.6889
   10.583496         533   10.583496           0   10.583496    588.2391   10.583496     -2.3927
   10.595703         621   10.595703           0   10.595703    586.9387   10.595703      1.3668
   10.607910         600   10.607910           0   10.607910    585.6410   10.607910      0.5862
   10.620117         604   10.620117           0   10.620117    584.3463   10.620117      0.7997
   10.632324         571   10.632324           0   10.632324    583.0544   10.632324     -0.5045
   10.644531         587   10.644531           0   10.644531    581.7654   10.644531      0.2161
   10.656738         599   10.656738           0   10.656738    580.4792   10.656738      0.7567
   10.668945         597   10.668945           0   10.668945    579.1959   10.668945      0.7287
   10.681152         559   10.681152           0   10.681152    577.9154   10.681152     -0.8000
   10.693359         565   10.693359           0   10.693359    576.6377   10.693359     -0.4896
   10.705567         605   10.705567           0   10.705567    575.3629   10.705567      1.2049
   10.717774         544   10.717774           0   10.717774    574.0909   10.717774     -1.2901
   10.729981         545   10.729981           0   10.729981    572.8217   10.729981     -1.1917
   10.742188         586   10.742188           0   10.742188    571.5553   10.742188      0.5967
   10.754395         583   10.754395           0   10.754395    570.2916   10.754395      0.5263
   10.766602         550   10.766602           0   10.766602    569.0308   10.766602     -0.8115
   10.778809         539   10.778809           0   10.778809    567.7728   10.778809     -1.2393
   10.791016         550   10.791016           0   10.791016    566.5176   10.791016     -0.7043
   10.803223         569   10.803223           0   10.803223    565.2651   10.803223      0.1566
   10.815430         571   10.815430           0   10.815430    564.0154   10.815430      0.2923
   10.827637         598   10.827637           0   10.827637    562.7685   10.827637      1.4407
   10.839844         582   10.839844           0   10.839844    561.5243   10.839844      0.8487
   10.852051         588   10.852051           0   10.852051    560.2829   10.852051      1.1430
   10.864258         585   10.864258           0   10.864258    559.0442   10.864258      1.0731
   10.876465         543   10.876465           0   10.876465    557.8082   10.876465     -0.6355
   10.888672         556   10.888672           0   10.888672    556.5750   10.888672     -0.0244
   10.900879         549   10.900879           0   10.900879    555.3446   10.900879     -0.2708
   10.913086         542   10.913086           0   10.913086    554.1203   10.913086     -0.5206
   10.925293         528   10.925293           0   10.925293    552.9122   10.925293     -1.0842
   10.937500         538   10.937500           0   10.937500    551.6934   10.937500     -0.5904
   10.949707         571   10.949707           0   10.949707    550.4906   10.949707      0.8583
   10.961914         541   10.961914           1   10.961914    549.2736   10.961914     -0.3557
   10.974121         570   10.974121           0   10.974121    548.0593   10.974121      0.9190
   10.986328         558   10.986328           1   10.986328    546.8476   10.986328      0.4721
   10.998535         510   10.998535           0   10.998535    545.6386   10.998535     -1.5781
   11.010742         586   11.010742           0   11.010742    544.4323   11.010742      1.7171
   11.022949         538   11.022949           0   11.022949    543.2287   11.022949     -0.2254
   11.035156         564   11.035156           0   11.035156    542.0313   11.035156      0.9251
   11.047363         545   11.047363           0   11.047363    540.8499   11.047363      0.1778
   11.059570         549   11.059570           0   11.059570    539.6541   11.059570      0.3989
   11.071777         540   11.071777           0   11.071777    538.4611   11.071777      0.0662
   11.083985         537   11.083985           1   11.083985    537.2706   11.083985     -0.0117
   11.096192         537   11.096192           0   11.096192    536.0828   11.096192      0.0396
   11.108399         553   11.108399           0   11.108399    534.8976   11.108399      0.7698
   11.120606         523   11.120606           0   11.120606    533.7151   11.120606     -0.4685
   11.132813         555   11.132813           0   11.132813    532.5351   11.132813      0.9536
   11.145020         519   11.145020           0   11.145020    531.3578   11.145020     -0.5424
   11.157227         560   11.157227           0   11.157227    530.1831   11.157227      1.2600
   11.169434         549   11.169434           0   11.169434    529.0109   11.169434      0.8531
   11.181641         615   11.181641           0   11.181641    527.8414   11.181641      3.5146
   11.193848         543   11.193848           0   11.193848    526.6744   11.193848      0.7006
   11.206055         521   11.206055           0   11.206055    525.5100   11.206055     -0.1976
   11.218262         507   11.218262           0   11.218262    524.3482   11.218262     -0.7705
   11.230469         541   11.230469           0   11.230469    523.1890   11.230469      0.7658
   11.242676         538   11.242676           0   11.242676    522.0323   11.242676      0.6884
   11.254883         494   11.254883           0   11.254883    520.8782   11.254883     -1.2093
   11.267090         506   11.267090           0   11.267090    519.7266   11.267090     -0.6102
   11.279297         532   11.279297           0   11.279297    518.5812   11.279297      0.5818
   11.291504         501   11.291504           0   11.291504    517.4516   11.291504     -0.7350
   11.303711         522   11.303711           0   11.303711    516.3076   11.303711      0.2491
   11.315918         559   11.315918           0   11.315918    515.1662   11.315918      1.8540
   11.328125         451   11.328125           1   11.328125    514.0272   11.328125     -2.9678
   11.340332         538   11.340332           0   11.340332    512.8908   11.340332      1.0825
   11.352539         485   11.352539           0   11.352539    511.7569   11.352539     -1.2150
   11.364746         474   11.364746           0   11.364746    510.6255   11.364746     -1.6823
   11.376953         540   11.376953           0   11.376953    509.4966   11.376953      1.3127
   11.389160         502   11.389160           0   11.389160    508.3702   11.389160     -0.2843
   11.401367         513   11.401367           0   11.401367    507.2498   11.401367      0.2539
   11.413574         518   11.413574           0   11.413574    506.1453   11.413574      0.5209
   11.425781         513   11.425781           0   11.425781    505.0263   11.425781      0.3520
   11.437988         544   11.437988           0   11.437988    503.9098   11.437988      1.7189
   11.450195         488   11.450195           1   11.450195    502.7958   11.450195     -0.6698
   11.462402         482   11.462402           0   11.462402    501.6842   11.462402     -0.8966
   11.474610         503   11.474610           0   11.474610    500.5751   11.474610      0.1081
   11.486817         481   11.486817           0   11.486817    499.4684   11.486817     -0.8421
   11.499024         511   11.499024           0   11.499024    498.3641   11.499024      0.5590
   11.511231         472   11.511231           0   11.511231    497.2624   11.511231     -1.1628
   11.523438         491   11.523438           0   11.523438    496.1630   11.523438     -0.2330
   11.535645         534   11.535645           0   11.535645    495.0661   11.535645      1.6848
   11.547852         487   11.547852           0   11.547852    493.9716   11.547852     -0.3159
   11.560059         459   11.560059           0   11.560059    492.8795   11.560059     -1.5814
   11.572266         494   11.572266           0   11.572266    491.7898   11.572266      0.0994
   11.584473         506   11.584473           0   11.584473    490.7026   11.584473      0.6801
   11.596680         497   11.596680           0   11.596680    489.6177   11.596680      0.3311
   11.608887         494   11.608887           0   11.608887    488.5353   11.608887      0.2459
   11.621094         480   11.621094           0   11.621094    487.4552   11.621094     -0.3403
   11.633301         495   11.633301           0   11.633301    486.3775   11.633301      0.3876
   11.645508         484   11.645508           0   11.645508    485.3022   11.645508     -0.0592
   11.657715         480   11.657715           0   11.657715    484.2293   11.657715     -0.1930
   11.669922         515   11.669922           0   11.669922    483.1588   11.669922      1.4031
   11.682129         496   11.682129           0   11.682129    482.0906   11.682129      0.6246
   11.694336         468   11.694336           0   11.694336    481.0248   11.694336     -0.6021
   11.706543         490   11.706543           0   11.706543    479.9613   11.706543      0.4535
   11.718750         484   11.718750           0   11.718750    478.9002   11.718750      0.2318
   11.730957         515   11.730957           0   11.730957    477.8415   11.730957      1.6374
   11.743164         488   11.743164           0   11.743164    476.7850   11.743164      0.5077
   11.755371         478   11.755371           0   11.755371    475.7310   11.755371      0.1038
   11.767578         457   11.767578           0   11.767578    474.6792   11.767578     -0.8270
   11.779785         474   11.779785           0   11.779785    473.6298   11.779785      0.0170
   11.791992         492   11.791992           0   11.791992    472.5827   11.791992      0.8754
   11.804199         506   11.804199           0   11.804199    471.5379   11.804199      1.5320
   11.816406         494   11.816406           0   11.816406    470.4954   11.816406      1.0575
   11.828613         482   11.828613           0   11.828613    469.4552   11.828613      0.5714
   11.840820         481   11.840820           0   11.840820    468.4173   11.840820      0.5737
   11.853027         441   11.853027           0   11.853027    467.3853   11.853027     -1.2564
   11.865235         450   11.865235           0   11.865235    466.3689   11.865235     -0.7716
   11.877442         503   11.877442           0   11.877442    465.3379   11.877442      1.6793
   11.889649         419   11.889649           0   11.889649    464.3091   11.889649     -2.2135
   11.901856         461   11.901856           1   11.901856    463.2826   11.901856     -0.1063
   11.914063         459   11.914063           0   11.914063    462.2584   11.914063     -0.1521
   11.926270         456   11.926270           0   11.926270    461.2364   11.926270     -0.2452
   11.938477         451   11.938477           0   11.938477    460.2167   11.938477     -0.4340
   11.950684         430   11.950684           0   11.950684    459.1992   11.950684     -1.4081
   11.962891         480   11.962891           0   11.962891    458.1840   11.962891      0.9958
   11.975098         451   11.975098           0   11.975098    457.1711   11.975098     -0.2906
   11.987305         440   11.987305           0   11.987305    456.1604   11.987305     -0.7704
   11.999512         459   11.999512           0   11.999512    455.1519   11.999512      0.1796
   12.011719         474   12.011719           0   12.011719    454.1456   12.011719      0.9119
   12.023926         426   12.023926           0   12.023926    453.1416   12.023926     -1.3150
   12.036133         512   12.036133           0   12.036133    452.1433   12.036133      2.6453
   12.048340         431   12.048340           0   12.048340    451.1642   12.048340     -0.9713
   12.060547         466   12.060547           0   12.060547    450.1837   12.060547      0.7327
   12.072754         446   12.072754           0   12.072754    449.1884   12.072754     -0.1510
   12.084961         441   12.084961           1   12.084961    448.1954   12.084961     -0.3426
   12.097168         431   12.097168           1   12.097168    447.2045   12.097168     -0.7805
   12.109375         432   12.109375           0   12.109375    446.2158   12.109375     -0.6840
   12.121582         404   12.121582           0   12.121582    445.2293   12.121582     -2.0512
   12.133789         419   12.133789           0   12.133789    444.2450   12.133789     -1.2333
   12.145996         435   12.145996           0   12.145996    443.2628   12.145996     -0.3962
   12.158203         416   12.158203           0   12.158203    442.2829   12.158203     -1.2886
   12.170410         435   12.170410           0   12.170410    441.3051   12.170410     -0.3023
   12.182617         450   12.182617           0   12.182617    440.3294   12.182617      0.4559
   12.194824         443   12.194824           0   12.194824    439.3559   12.194824      0.1731
   12.207031         442   12.207031           0   12.207031    438.3846   12.207031      0.1720
   12.219238         393   12.219238           0   12.219238    437.4154   12.219238     -2.2405
   12.231445         440   12.231445           0   12.231445    436.4484   12.231445      0.1693
   12.243652         421   12.243652           0   12.243652    435.4834   12.243652     -0.7059
   12.255860         449   12.255860           0   12.255860    434.5242   12.255860      0.6832
   12.268067         475   12.268067           0   12.268067    433.5805   12.268067      1.9005
   12.280274         420   12.280274           0   12.280274    432.6219   12.280274     -0.6159
   12.292481         412   12.292481           0   12.292481    431.6655   12.292481     -0.9688
   12.304688         438   12.304688           1   12.304688    430.7147   12.304688      0.3481
   12.316895         470   12.316895           0   12.316895    429.7794   12.316895      1.8552
   12.329102         445   12.329102           0   12.329102    428.8293   12.329102      0.7666
   12.341309         435   12.341309           0   12.341309    427.8812   12.341309      0.3413
   12.353516         431   12.353516           1   12.353516    426.9352   12.353516      0.1958
   12.365723         440   12.365723           0   12.365723    425.9914   12.365723      0.6678
   12.377930         344   12.377930           0   12.377930    425.0496   12.377930     -4.3699
   12.390137         437   12.390137           0   12.390137    424.1099   12.390137      0.6166
   12.402344         424   12.402344           0   12.402344    423.1722   12.402344      0.0402
   12.414551         436   12.414551           0   12.414551    422.2367   12.414551      0.6591
   12.426758         426   12.426758           0   12.426758    421.3032   12.426758      0.2276
   12.438965         432   12.438965           0   12.438965    420.3718   12.438965      0.5595
   12.451172         384   12.451172           0   12.451172    419.4424   12.451172     -1.8087
   12.463379         392   12.463379           0   12.463379    418.5151   12.463379     -1.3392
   12.475586         437   12.475586           0   12.475586    417.5898   12.475586      0.9285
   12.487793         396   12.487793           0   12.487793    416.6666   12.487793     -1.0385
   12.500000         430   12.500000           0   12.500000    415.7454   12.500000      0.6874
   12.512207         413   12.512207           0   12.512207    414.8263   12.512207     -0.0899
   12.524414         413   12.524414           0   12.524414    413.9092   12.524414     -0.0447
   12.536621         404   12.536621           0   12.536621    412.9941   12.536621     -0.4475
   12.548828         438   12.548828           0   12.548828    412.0811   12.548828      1.2385
   12.561035         422   12.561035           0   12.561035    411.1700   12.561035      0.5272
   12.573242         449   12.573242           0   12.573242    410.2610   12.573242      1.8282
   12.585449         437   12.585449           0   12.585449    409.3540   12.585449      1.3225
   12.597656         411   12.597656           0   12.597656    408.4490   12.597656      0.1258
   12.609863         391   12.609863           0   12.609863    407.5460   12.609863     -0.8368
   12.622070         396   12.622070           0   12.622070    406.6450   12.622070     -0.5349
   12.634277         379   12.634277           0   12.634277    405.7460   12.634277     -1.3738
   12.646485         416   12.646485           0   12.646485    404.8489   12.646485      0.5467
   12.658692         375   12.658692           0   12.658692    403.9539   12.658692     -1.4952
   12.670899         401   12.670899           0   12.670899    403.0608   12.670899     -0.1029
   12.683106         399   12.683106           0   12.683106    402.1733   12.683106     -0.1589
   12.695313         400   12.695313           0   12.695313    401.3011   12.695313     -0.0651
   12.707520         378   12.707520           0   12.707520    400.4139   12.707520     -1.1528
   12.719727         394   12.719727           0   12.719727    399.5286   12.719727     -0.2785
   12.731934         380   12.731934           1   12.731934    398.6454   12.731934     -0.9565
   12.744141         400   12.744141           0   12.744141    397.7640   12.744141      0.1118
   12.756348         412   12.756348           0   12.756348    396.8847   12.756348      0.7447
   12.768555         393   12.768555           0   12.768555    396.0072   12.768555     -0.1517
   12.780762         375   12.780762           0   12.780762    395.1317   12.780762     -1.0396
   12.792969         408   12.792969           0   12.792969    394.2581   12.792969      0.6803
   12.805176         415   12.805176           0   12.805176    393.3865   12.805176      1.0610
   12.817383         409   12.817383           0   12.817383    392.5168   12.817383      0.8150
   12.829590         384   12.829590           0   12.829590    391.6490   12.829590     -0.3903
   12.841797         370   12.841797           0   12.841797    390.7832   12.841797     -1.0805
   12.854004         414   12.854004           0   12.854004    389.9228   12.854004      1.1833
   12.866211         384   12.866211           0   12.866211    389.0777   12.866211     -0.2591
   12.878418         390   12.878418           0   12.878418    388.2175   12.878418      0.0903
   12.890625         390   12.890625           0   12.890625    387.3592   12.890625      0.1337
   12.902832         414   12.902832           1   12.902832    386.5028   12.902832      1.3514
   12.915039         375   12.915039           0   12.915039    385.6483   12.915039     -0.5499
   12.927246         366   12.927246           0   12.927246    384.7957   12.927246     -0.9825
   12.939453         398   12.939453           0   12.939453    383.9450   12.939453      0.7045
   12.951660         406   12.951660           0   12.951660    383.0962   12.951660      1.1367
   12.963867         372   12.963867           0   12.963867    382.2492   12.963867     -0.5314
   12.976074         397   12.976074           0   12.976074    381.4042   12.976074      0.7827
   12.988281         403   12.988281           0   12.988281    380.5609   12.988281      1.1178
   13.000488         399   13.000488           0   13.000488    379.7196   13.000488      0.9652
   13.012695         358   13.012695           0   13.012695    378.8801   13.012695     -1.1035
   13.024902         420   13.024902           0   13.024902    378.0425   13.024902      2.0473
   13.037110         379   13.037110           0   13.037110    377.2067   13.037110      0.0921
   13.049317         375   13.049317           0   13.049317    376.3728   13.049317     -0.0709
   13.061524         387   13.061524           0   13.061524    375.5407   13.061524      0.5825
   13.073731         389   13.073731           0   13.073731    374.7104   13.073731      0.7245
   13.085938         345   13.085938           0   13.085938    373.8820   13.085938     -1.5550
   13.098145         392   13.098145           0   13.098145    373.0554   13.098145      0.9568
   13.110352         384   13.110352           0   13.110352    372.2307   13.110352      0.6006
   13.122559         348   13.122559           0   13.122559    371.4077   13.122559     -1.2548
   13.134766         378   13.134766           0   13.134766    370.5866   13.134766      0.3813
   13.146973         400   13.146973           0   13.146973    369.7673   13.146973      1.5116
   13.159180         381   13.159180           0   13.159180    368.9498   13.159180      0.6173
   13.171387         382   13.171387           0   13.171387    368.1341   13.171387      0.7094
   13.183594         365   13.183594           0   13.183594    367.3203   13.183594     -0.1214
   13.195801         329   13.195801           0   13.195801    366.5082   13.195801     -2.0679
   13.208008         373   13.208008           0   13.208008    365.6979   13.208008      0.3781
   13.220215         378   13.220215           0   13.220215    364.8894   13.220215      0.6743
   13.232422         354   13.232422           0   13.232422    364.0827   13.232422     -0.5359
   13.244629         352   13.244629           0   13.244629    363.2778   13.244629     -0.6011
   13.256836         344   13.256836           0   13.256836    362.4747   13.256836     -0.9961
   13.269043         336   13.269043           0   13.269043    361.6733   13.269043     -1.4006
   13.281250         358   13.281250           0   13.281250    360.8737   13.281250     -0.1519
   13.293457         336   13.293457           0   13.293457    360.0759   13.293457     -1.3134
   13.305664         359   13.305664           0   13.305664    359.2798   13.305664     -0.0148
   13.317871         348   13.317871           0   13.317871    358.4855   13.317871     -0.5621
   13.330078         381   13.330078           0   13.330078    357.6930   13.330078      1.1941
   13.342285         335   13.342285           0   13.342285    356.9022   13.342285     -1.1966
   13.354492         351   13.354492           0   13.354492    356.1131   13.354492     -0.2729
   13.366699         359   13.366699           0   13.366699    355.3258   13.366699      0.1939
   13.378906         374   13.378906           0   13.378906    354.5403   13.378906      1.0062
   13.391113         334   13.391113           0   13.391113    353.7564   13.391113     -1.0810
   13.403320         380   13.403320           0   13.403320    352.9743   13.403320      1.3864
   13.415528         354   13.415528           0   13.415528    352.1940   13.415528      0.0960
   13.427735         358   13.427735           0   13.427735    351.4154   13.427735      0.3480
   13.439942         350   13.439942           0   13.439942    350.6384   13.439942     -0.0341
   13.452149         326   13.452149           0   13.452149    349.8632   13.452149     -1.3217
   13.464356         345   13.464356           0   13.464356    349.0898   13.464356     -0.2202
   13.476563         353   13.476563           0   13.476563    348.3180   13.476563      0.2492
   13.488770         335   13.488770           0   13.488770    347.5479   13.488770     -0.6856
   13.500977         359   13.500977           0   13.500977    346.7796   13.500977      0.6450
   13.513184         327   13.513184           0   13.513184    346.0129   13.513184     -1.0514
   13.525391         356   13.525391           0   13.525391    345.2479   13.525391      0.5699
   13.537598         316   13.537598           0   13.537598    344.4846   13.537598     -1.6024
   13.549805         339   13.549805           0   13.549805    343.7230   13.549805     -0.2565
   13.562012         350   13.562012           0   13.562012    342.9631   13.562012      0.3761
   13.574219         318   13.574219           0   13.574219    342.2049   13.574219     -1.3573
   13.586426         340   13.586426           0   13.586426    341.4484   13.586426     -0.0785
   13.598633         362   13.598633           0   13.598633    340.6935   13.598633      1.1198
   13.610840         360   13.610840           0   13.610840    339.9403   13.610840      1.0572
   13.623047         342   13.623047           0   13.623047    339.1887   13.623047      0.1520
   13.635254         356   13.635254           0   13.635254    338.4388   13.635254      0.9307
   13.647461         311   13.647461           0   13.647461    337.6906   13.647461     -1.5135
   13.659668         338   13.659668           0   13.659668    336.9440   13.659668      0.0574
   13.671875         347   13.671875           0   13.671875    336.1991   13.671875      0.5798
   13.684082         329   13.684082           0   13.684082    335.4558   13.684082     -0.3559
   13.696289         303   13.696289           0   13.696289    334.7142   13.696289     -1.8219
   13.708496         368   13.708496           0   13.708496    333.9742   13.708496      1.7737
   13.720703         342   13.720703           0   13.720703    333.2394   13.720703      0.4737
   13.732910         360   13.732910           0   13.732910    332.5196   13.732910      1.4483
   13.745117         357   13.745117           0   13.745117    331.7845   13.745117      1.3345
   13.757324         326   13.757324           0   13.757324    331.0510   13.757324     -0.2797
   13.769531         361   13.769531           1   13.769531    330.3191   13.769531      1.6148
   13.781738         308   13.781738           0   13.781738    329.5888   13.781738     -1.2301
   13.793945         341   13.793945           0   13.793945    328.8601   13.793945      0.6574
   13.806153         323   13.806153           0   13.806153    328.1331   13.806153     -0.2856
   13.818360         318   13.818360           0   13.818360    327.4077   13.818360     -0.5276
   13.830567         318   13.830567           0   13.830567    326.6838   13.830567     -0.4870
   13.842774         314   13.842774           0   13.842774    325.9616   13.842774     -0.6750
   13.854981         327   13.854981           0   13.854981    325.2409   13.854981      0.0973
   13.867188         291   13.867188           0   13.867188    324.5219   13.867188     -1.9651
   13.879395         324   13.879395           0   13.879395    323.8044   13.879395      0.0109
   13.891602         315   13.891602           0   13.891602    323.0886   13.891602     -0.4557
   13.903809         373   13.903809           0   13.903809    322.3743   13.903809      2.6213
   13.916016         324   13.916016           0   13.916016    321.6616   13.916016      0.1299
   13.928223         317   13.928223           0   13.928223    320.9504   13.928223     -0.2219
   13.940430         315   13.940430           0   13.940430    320.2409   13.940430     -0.2953
   13.952637         309   13.952637           0   13.952637    319.5329   13.952637     -0.5992
   13.964844         321   13.964844           0   13.964844    318.8264   13.964844      0.1213
   13.977051         294   13.977051           0   13.977051    318.1216   13.977051     -1.4068
   13.989258         310   13.989258           0   13.989258    317.4183   13.989258     -0.4213
   14.001465         319   14.001465           0   14.001465    316.7165   14.001465      0.1279
   14.013672         272   14.013672           0   14.013672    316.0163   14.013672     -2.6689
   14.025879         302   14.025879           0   14.025879    315.3177   14.025879     -0.7663
   14.038086         304   14.038086           0   14.038086    314.6205   14.038086     -0.6091
   14.050293         317   14.050293           0   14.050293    313.9250   14.050293      0.1727
   14.062500         347   14.062500           0   14.062500    313.2309   14.062500      1.8128
   14.074707         313   14.074707           0   14.074707    312.5385   14.074707      0.0261
   14.086914         313   14.086914           0   14.086914    311.8475   14.086914      0.0651
   14.099121         306   14.099121           0   14.099121    311.1581   14.099121     -0.2949
   14.111328         322   14.111328           0   14.111328    310.4701   14.111328      0.6425
   14.123535         269   14.123535           0   14.123535    309.7837   14.123535     -2.4866
   14.135742         281   14.135742           0   14.135742    309.0989   14.135742     -1.6762
   14.147949         323   14.147949           0   14.147949    308.4155   14.147949      0.8115
   14.160156         325   14.160156           0   14.160156    307.7337   14.160156      0.9578
   14.172363         340   14.172363           0   14.172363    307.0569   14.172363      1.7866
   14.184570         290   14.184570           0   14.184570    306.3950   14.184570     -0.9627
   14.196778         321   14.196778           0   14.196778    305.7176   14.196778      0.8530
   14.208985         272   14.208985           0   14.208985    305.0417   14.208985     -2.0034
   14.221192         300   14.221192           1   14.221192    304.3673   14.221192     -0.2521
   14.233399         301   14.233399           0   14.233399    303.6944   14.233399     -0.1553
   14.245606         321   14.245606           0   14.245606    303.0230   14.245606      1.0034
   14.257813         303   14.257813           0   14.257813    302.3531   14.257813      0.0372
   14.270020         309   14.270020           0   14.270020    301.6846   14.270020      0.4162
   14.282227         272   14.282227           0   14.282227    301.0176   14.282227     -1.7595
   14.294434         280   14.294434           0   14.294434    300.3522   14.294434     -1.2163
   14.306641         327   14.306641           0   14.306641    299.6881   14.306641      1.5103
   14.318848         298   14.318848           0   14.318848    299.0256   14.318848     -0.0594
   14.331055         282   14.331055           0   14.331055    298.3645   14.331055     -0.9745
   14.343262         268   14.343262           0   14.343262    297.7049   14.343262     -1.8145
   14.355469         310   14.355469           0   14.355469    297.0467   14.355469      0.7357
   14.367676         295   14.367676           0   14.367676    296.3900   14.367676     -0.0809
   14.379883         290   14.379883           0   14.379883    295.7347   14.379883     -0.3368
   14.392090         312   14.392090           0   14.392090    295.0809   14.392090      0.9579
   14.404297         293   14.404297           0   14.404297    294.4285   14.404297     -0.0835
   14.416504         266   14.416504           0   14.416504    293.7776   14.416504     -1.7032
   14.428711         289   14.428711           0   14.428711    293.1281   14.428711     -0.2428
   14.440918         276   14.440918           0   14.440918    292.4801   14.440918     -0.9920
   14.453125         283   14.453125           0   14.453125    291.8334   14.453125     -0.5251
   14.465332         296   14.465332           0   14.465332    291.1882   14.465332      0.2797
   14.477539         308   14.477539           0   14.477539    290.5445   14.477539      0.9946
   14.489746         299   14.489746           0   14.489746    289.9021   14.489746      0.5261
   14.501953         297   14.501953           0   14.501953    289.2612   14.501953      0.4490
   14.514160         290   14.514160           0   14.514160    288.6217   14.514160      0.0809
   14.526367         285   14.526367           0   14.526367    287.9836   14.526367     -0.1767
   14.538574         303   14.538574           0   14.538574    287.3469   14.538574      0.8992
   14.550781         268   14.550781           0   14.550781    286.7117   14.550781     -1.1430
   14.562988         298   14.562988           0   14.562988    286.0814   14.562988      0.6904
   14.575195         283   14.575195           0   14.575195    285.4658   14.575195     -0.1466
   14.587403         293   14.587403           0   14.587403    284.8347   14.587403      0.4770
   14.599610         289   14.599610           0   14.599610    284.2050   14.599610      0.2821
   14.611817         305   14.611817           1   14.611817    283.5767   14.611817      1.2267
   14.624024         265   14.624024           0   14.624024    282.9533   14.624024     -1.1029
   14.636231         280   14.636231           0   14.636231    282.3447   14.636231     -0.1401
   14.648438         313   14.648438           0   14.648438    281.7205   14.648438      1.7680
   14.660645         281   14.660645           0   14.660645    281.0976   14.660645     -0.0058
   14.672852         280   14.672852           1   14.672852    280.4762   14.672852     -0.0285
   14.685059         294   14.685059           0   14.685059    279.8561   14.685059      0.8249
   14.697266         327   14.697266           0   14.697266    279.2374   14.697266      2.6413
   14.709473         269   14.709473           0   14.709473    278.6200   14.709473     -0.5865
   14.721680         277   14.721680           0   14.721680    278.0041   14.721680     -0.0603
   14.733887         278   14.733887           0   14.733887    277.3894   14.733887      0.0366
   14.746094         289   14.746094           0   14.746094    276.7762   14.746094      0.7190
   14.758301         284   14.758301           0   14.758301    276.1643   14.758301      0.4650
   14.770508         310   14.770508           0   14.770508    275.5537   14.770508      1.9564
   14.782715         271   14.782715           0   14.782715    274.9445   14.782715     -0.2396
   14.794922         287   14.794922           0   14.794922    274.3367   14.794922      0.7475
   14.807129         259   14.807129           0   14.807129    273.7302   14.807129     -0.9153
   14.819336         270   14.819336           0   14.819336    273.1250   14.819336     -0.1902
   14.831543         274   14.831543           0   14.831543    272.5212   14.831543      0.0893
   14.843750         268   14.843750           0   14.843750    271.9187   14.843750     -0.2394
   14.855957         285   14.855957           0   14.855957    271.3175   14.855957      0.8105
   14.868164         292   14.868164           0   14.868164    270.7177   14.868164      1.2455
   14.880371         286   14.880371           0   14.880371    270.1192   14.880371      0.9391
   14.892578         265   14.892578           0   14.892578    269.5220   14.892578     -0.2778
   14.904785         251   14.904785           0   14.904785    268.9261   14.904785     -1.1315
   14.916992         264   14.916992           0   14.916992    268.3316   14.916992     -0.2666
   14.929199         256   14.929199           0   14.929199    267.7384   14.929199     -0.7336
   14.941406         287   14.941406           0   14.941406    267.1464   14.941406      1.1719
   14.953613         249   14.953613           0   14.953613    266.5558   14.953613     -1.1126
   14.965820         253   14.965820           0   14.965820    265.9665   14.965820     -0.8152
   14.978028         249   14.978028           0   14.978028    265.3785   14.978028     -1.0379
   14.990235         234   14.990235           0   14.990235    264.7918   14.990235     -2.0129
   15.002442         250   15.002442           0   15.002442    264.2064   15.002442     -0.8985
   15.014649         301   15.014649           0   15.014649    263.6223   15.014649      2.1544
   15.026856         276   15.026856           0   15.026856    263.0395   15.026856      0.7801
   15.039063         268   15.039063           0   15.039063    262.4580   15.039063      0.3385
   15.051270         256   15.051270           0   15.051270    261.8777   15.051270     -0.3674
   15.063477         299   15.063477           0   15.063477    261.2987   15.063477      2.1803
   15.075684         241   15.075684           0   15.075684    260.7211   15.075684     -1.2703
   15.087891         252   15.087891           0   15.087891    260.1447   15.087891     -0.5131
   15.100098         294   15.100098           0   15.100098    259.5695   15.100098      2.0080
   15.112305         244   15.112305           0   15.112305    258.9957   15.112305     -0.9600
   15.124512         241   15.124512           0   15.124512    258.4231   15.124512     -1.1223
   15.136719         264   15.136719           0   15.136719    257.8517   15.136719      0.3784
   15.148926         286   15.148926           0   15.148926    257.2817   15.148926      1.6981
   15.161133         253   15.161133           0   15.161133    256.7129   15.161133     -0.2334
   15.173340         275   15.173340           0   15.173340    256.1453   15.173340      1.1370
   15.185547         248   15.185547           0   15.185547    255.5790   15.185547     -0.4813
   15.197754         265   15.197754           0   15.197754    255.0140   15.197754      0.6134
   15.209961         269   15.209961           0   15.209961    254.4502   15.209961      0.8871
   15.222168         265   15.222168           0   15.222168    253.8877   15.222168      0.6826
   15.234375         255   15.234375           0   15.234375    253.3264   15.234375      0.1048
   15.246582         232   15.246582           0   15.246582    252.7663   15.246582     -1.3634
   15.258789         252   15.258789           0   15.258789    252.2075   15.258789     -0.0131
   15.270996         248   15.270996           0   15.270996    251.6499   15.270996     -0.2318
   15.283203         265   15.283203           0   15.283203    251.0936   15.283203      0.8543
   15.295410         246   15.295410           0   15.295410    250.5384   15.295410     -0.2894
   15.307617         255   15.307617           0   15.307617    249.9845   15.307617      0.3141
   15.319824         242   15.319824           0   15.319824    249.4319   15.319824     -0.4777
   15.332031         233   15.332031           0   15.332031    248.8804   15.332031     -1.0404
   15.344238         257   15.344238           0   15.344238    248.3302   15.344238      0.5408
   15.356445         264   15.356445           0   15.356445    247.7812   15.356445      0.9982
   15.368653         228   15.368653           0   15.368653    247.2334   15.368653     -1.2738
   15.380860         219   15.380860           0   15.380860    246.6868   15.380860     -1.8709
   15.393067         227   15.393067           0   15.393067    246.1414   15.393067     -1.2705
   15.405274         232   15.405274           0   15.405274    245.5972   15.405274     -0.8927
   15.417481         232   15.417481           0   15.417481    245.0543   15.417481     -0.8571
   15.429688         248   15.429688           0   15.429688    244.5125   15.429688      0.2215
   15.441895         241   15.441895           0   15.441895    243.9719   15.441895     -0.1914
   15.454102         263   15.454102           0   15.454102    243.4326   15.454102      1.2066
   15.466309         245   15.466309           0   15.466309    242.8944   15.466309      0.1345
   15.478516         234   15.478516           0   15.478516    242.3574   15.478516     -0.5463
   15.490723         241   15.490723           0   15.490723    241.8216   15.490723     -0.0529
   15.502930         225   15.502930           0   15.502930    241.2869   15.502930     -1.0858
   15.515137         257   15.515137           0   15.515137    240.7535   15.515137      1.0134
   15.527344         250   15.527344           0   15.527344    240.2212   15.527344      0.6185
   15.539551         239   15.539551           0   15.539551    239.6902   15.539551     -0.0446
   15.551758         267   15.551758           0   15.551758    239.1603   15.551758      1.7038
   15.563965         241   15.563965           0   15.563965    238.6315   15.563965      0.1526
   15.576172         221   15.576172           0   15.576172    238.1039   15.576172     -1.1505
   15.588379         259   15.588379           0   15.588379    237.5775   15.588379      1.3311
   15.600586         234   15.600586           0   15.600586    237.0523   15.600586     -0.1995
   15.612793         227   15.612793           0   15.612793    236.5282   15.612793     -0.6324
   15.625000         229   15.625000           0   15.625000    236.0089   15.625000     -0.4632
   15.637207         242   15.637207           0   15.637207    235.5040   15.637207      0.4176
   15.649414         265   15.649414           0   15.649414    234.9834   15.649414      1.8439
   15.661621         223   15.661621           0   15.661621    234.4639   15.661621     -0.7677
   15.673828         237   15.673828           1   15.673828    233.9455   15.673828      0.1984
   15.686035         239   15.686035           0   15.686035    233.4283   15.686035      0.3604
   15.698242         263   15.698242           0   15.698242    232.9122   15.698242      1.8553
   15.710449         228   15.710449           0   15.710449    232.3973   15.710449     -0.2912
   15.722656         238   15.722656           0   15.722656    231.8835   15.722656      0.3965
   15.734863         233   15.734863           0   15.734863    231.3744   15.734863      0.1065
   15.747070         224   15.747070           0   15.747070    230.8798   15.747070     -0.4597
   15.759278         216   15.759278           0   15.759278    230.3694   15.759278     -0.9777
   15.771485         214   15.771485           0   15.771485    229.8601   15.771485     -1.0842
   15.783692         227   15.783692           1   15.783692    229.3519   15.783692     -0.1561
   15.795899         230   15.795899           0   15.795899    228.8449   15.795899      0.0762
   15.808106         225   15.808106           0   15.808106    228.3389   15.808106     -0.2226
   15.820313         246   15.820313           0   15.820313    227.8341   15.820313      1.1582
   15.832520         214   15.832520           0   15.832520    227.3304   15.832520     -0.9112
   15.844727         244   15.844727           0   15.844727    226.8278   15.844727      1.0993
   15.856934         248   15.856934           0   15.856934    226.3263   15.856934      1.3763
   15.869141         230   15.869141           0   15.869141    225.8260   15.869141      0.2752
   15.881348         235   15.881348           0   15.881348    225.3303   15.881348      0.6308
   15.893555         238   15.893555           0   15.893555    224.8490   15.893555      0.8524
   15.905762         226   15.905762           0   15.905762    224.3519   15.905762      0.1096
   15.917969         226   15.917969           0   15.917969    223.8559   15.917969      0.1426
   15.930176         217   15.930176           1   15.930176    223.3610   15.930176     -0.4318
   15.942383         230   15.942383           0   15.942383    222.8672   15.942383      0.4703
   15.954590         181   15.954590           0   15.954590    222.3745   15.954590     -3.0753
   15.966797         233   15.966797           0   15.966797    221.8829   15.966797      0.7283
   15.979004         216   15.979004           0   15.979004    221.3923   15.979004     -0.3669
   15.991211         199   15.991211           0   15.991211    220.9029   15.991211     -1.5527
   16.003418         219   16.003418           0   16.003418    220.4145   16.003418     -0.0956
   16.015625         205   16.015625           0   16.015625    219.9272   16.015625     -1.0426
   16.027832         219   16.027832           0   16.027832    219.4410   16.027832     -0.0298
   16.040039         250   16.040039           0   16.040039    218.9558   16.040039      1.9634
   16.052246         207   16.052246           0   16.052246    218.4718   16.052246     -0.7973
   16.064453         226   16.064453           0   16.064453    217.9888   16.064453      0.5329
   16.076660         231   16.076660           0   16.076660    217.5068   16.076660      0.8878
   16.088867         219   16.088867           0   16.088867    217.0260   16.088867      0.1334
   16.101074         237   16.101074           0   16.101074    216.5462   16.101074      1.3286
   16.113281         227   16.113281           0   16.113281    216.0674   16.113281      0.7256
   16.125488         205   16.125488           0   16.125488    215.5897   16.125488     -0.7396
   16.137696         218   16.137696           0   16.137696    215.1131   16.137696      0.1955
   16.149903         226   16.149903           0   16.149903    214.6375   16.149903      0.7558
   16.162110         207   16.162110           0   16.162110    214.1630   16.162110     -0.4979
   16.174317         218   16.174317           0   16.174317    213.6895   16.174317      0.2919
   16.186524         203   16.186524           0   16.186524    213.2171   16.186524     -0.7171
   16.198731         189   16.198731           0   16.198731    212.7457   16.198731     -1.7272
   16.210938         199   16.210938           0   16.210938    212.2754   16.210938     -0.9411
   16.223145         212   16.223145           0   16.223145    211.8061   16.223145      0.0133
   16.235352         230   16.235352           0   16.235352    211.3414   16.235352      1.2303
   16.247559         213   16.247559           0   16.247559    210.8911   16.247559      0.1445
   16.259766         215   16.259766           0   16.259766    210.4248   16.259766      0.3120
   16.271973         203   16.271973           0   16.271973    209.9596   16.271973     -0.4885
   16.284180         222   16.284180           1   16.284180    209.4954   16.284180      0.8393
   16.296387         217   16.296387           0   16.296387    209.0323   16.296387      0.5409
   16.308594         196   16.308594           0   16.308594    208.5702   16.308594     -0.8979
   16.320801         163   16.320801           0   16.320801    208.1090   16.320801     -3.5332
   16.333008         217   16.333008           0   16.333008    207.6490   16.333008      0.6348
   16.345215         186   16.345215           0   16.345215    207.1899   16.345215     -1.5537
   16.357422         223   16.357422           0   16.357422    206.7318   16.357422      1.0894
   16.369629         199   16.369629           0   16.369629    206.2748   16.369629     -0.5157
   16.381836         208   16.381836           0   16.381836    205.8187   16.381836      0.1512
   16.394043         198   16.394043           0   16.394043    205.3637   16.394043     -0.5233
   16.406250         190   16.406250           0   16.406250    204.9097   16.406250     -1.0817
   16.418457         195   16.418457           0   16.418457    204.4567   16.418457     -0.6772
   16.430664         189   16.430664           0   16.430664    204.0047   16.430664     -1.0914
   16.442871         233   16.442871           0   16.442871    203.5536   16.442871      1.9291
   16.455078         204   16.455078           0   16.455078    203.1036   16.455078      0.0628
   16.467285         205   16.467285           0   16.467285    202.6546   16.467285      0.1638
   16.479492         199   16.479492           0   16.479492    202.2066   16.479492     -0.2273
   16.491699         199   16.491699           0   16.491699    201.7595   16.491699     -0.1956
   16.503906         194   16.503906           0   16.503906    201.3135   16.503906     -0.5251
   16.516113         203   16.516113           0   16.516113    200.8684   16.516113      0.1496
   16.528321         188   16.528321           0   16.528321    200.4243   16.528321     -0.9061
   16.540528         176   16.540528           0   16.540528    199.9812   16.540528     -1.8077
   16.552735         215   16.552735           0   16.552735    199.5391   16.552735      1.0544
   16.564942         191   16.564942           0   16.564942    199.0980   16.564942     -0.5859
   16.577149         183   16.577149           0   16.577149    198.6578   16.577149     -1.1575
   16.589356         185   16.589356           0   16.589356    198.2186   16.589356     -0.9718
   16.601563         228   16.601563           0   16.601563    197.7804   16.601563      2.0013
   16.613770         190   16.613770           0   16.613770    197.3431   16.613770     -0.5327
   16.625977         209   16.625977           0   16.625977    196.9068   16.625977      0.8365
   16.638184         199   16.638184           0   16.638184    196.4715   16.638184      0.1792
   16.650391         208   16.650391           0   16.650391    196.0371   16.650391      0.8295
   16.662598         200   16.662598           0   16.662598    195.6037   16.662598      0.3109
   16.674805         210   16.674805           0   16.674805    195.1713   16.674805      1.0233
   16.687012         178   16.687012           0   16.687012    194.7398   16.687012     -1.2547
   16.699219         196   16.699219           0   16.699219    194.3093   16.699219      0.1208
   16.711426         233   16.711426           0   16.711426    193.8797   16.711426      2.5629
   16.723633         193   16.723633           0   16.723633    193.4510   16.723633     -0.0325
   16.735840         179   16.735840           0   16.735840    193.0234   16.735840     -1.0482
   16.748047         184   16.748047           0   16.748047    192.5966   16.748047     -0.6338
   16.760254         170   16.760254           0   16.760254    192.1708   16.760254     -1.7004
   16.772461         212   16.772461           0   16.772461    191.7460   16.772461      1.3911
   16.784668         191   16.784668           0   16.784668    191.3256   16.784668     -0.0236
   16.796875         201   16.796875           0   16.796875    190.9196   16.796875      0.7110
   16.809082         182   16.809082           0   16.809082    190.4975   16.809082     -0.6299
   16.821289         182   16.821289           0   16.821289    190.0763   16.821289     -0.5987
   16.833496         207   16.833496           1   16.833496    189.6561   16.833496      1.2055
   16.845703         202   16.845703           0   16.845703    189.2368   16.845703      0.8980
   16.857910         190   16.857910           0   16.857910    188.8184   16.857910      0.0857
   16.870117         205   16.870117           0   16.870117    188.4010   16.870117      1.1593
   16.882324         173   16.882324           0   16.882324    187.9845   16.882324     -1.1392
   16.894531         198   16.894531           0   16.894531    187.5689   16.894531      0.7413
   16.906738         196   16.906738           0   16.906738    187.1542   16.906738      0.6318
   16.918946         174   16.918946           0   16.918946    186.7404   16.918946     -0.9658
   16.931153         164   16.931153           0   16.931153    186.3276   16.931153     -1.7435
   16.943360         204   16.943360           0   16.943360    185.9156   16.943360      1.2662
   16.955567         203   16.955567           0   16.955567    185.5046   16.955567      1.2279
   16.967774         178   16.967774           0   16.967774    185.0945   16.967774     -0.5318
   16.979981         191   16.979981           0   16.979981    184.6853   16.979981      0.4569
   16.992188         180   16.992188           0   16.992188    184.2770   16.992188     -0.3188
   17.004395         198   17.004395           0   17.004395    183.8696   17.004395      1.0042
   17.016602         188   17.016602           0   17.016602    183.4631   17.016602      0.3309
   17.028809         161   17.028809           0   17.028809    183.0575   17.028809     -1.7384
   17.041016         169   17.041016           0   17.041016    182.6528   17.041016     -1.0502
   17.053223         190   17.053223           0   17.053223    182.2490   17.053223      0.5623
   17.065430         179   17.065430           0   17.065430    181.8460   17.065430     -0.2127
   17.077637         177   17.077637           0   17.077637    181.4440   17.077637     -0.3340
   17.089844         173   17.089844           0   17.089844    181.0429   17.089844     -0.6115
   17.102051         184   17.102051           0   17.102051    180.6426   17.102051      0.2475
   17.114258         186   17.114258           0   17.114258    180.2433   17.114258      0.4221
   17.126465         156   17.126465           0   17.126465    179.8448   17.126465     -1.9091
   17.138672         168   17.138672           0   17.138672    179.4472   17.138672     -0.8832
   17.150879         186   17.150879           0   17.150879    179.0504   17.150879      0.5096
   17.163086         179   17.163086           0   17.163086    178.6546   17.163086      0.0258
   17.175293         174   17.175293           0   17.175293    178.2632   17.175293     -0.3232
   17.187500         194   17.187500           0   17.187500    177.8860   17.187500      1.1569
   17.199707         185   17.199707           0   17.199707    177.4927   17.199707      0.5519
   17.211914         166   17.211914           0   17.211914    177.1003   17.211914     -0.8616
   17.224121         191   17.224121           1   17.224121    176.7088   17.224121      1.0341
   17.236328         152   17.236328           0   17.236328    176.3181   17.236328     -1.9725
   17.248535         174   17.248535           0   17.248535    175.9283   17.248535     -0.1462
   17.260742         167   17.260742           0   17.260742    175.5394   17.260742     -0.6608
   17.272949         194   17.272949           0   17.272949    175.1513   17.272949      1.3533
   17.285156         185   17.285156           0   17.285156    174.7676   17.285156      0.7523
   17.297363         209   17.297363           0   17.297363    174.3982   17.297363      2.3935
   17.309571         162   17.309571           0   17.309571    174.0126   17.309571     -0.9438
   17.321778         155   17.321778           0   17.321778    173.6279   17.321778     -1.4962
   17.333985         168   17.333985           1   17.333985    173.2440   17.333985     -0.4046
   17.346192         161   17.346192           0   17.346192    172.8610   17.346192     -0.9348
   17.358399         168   17.358399           0   17.358399    172.4789   17.358399     -0.3456
   17.370606         177   17.370606           0   17.370606    172.0975   17.370606      0.3685
   17.382813         173   17.382813           0   17.382813    171.7171   17.382813      0.0975
   17.395020         160   17.395020           0   17.395020    171.3374   17.395020     -0.8963
   17.407227         194   17.407227           0   17.407227    170.9622   17.407227      1.6540
   17.419434         172   17.419434           0   17.419434    170.6012   17.419434      0.1067
   17.431641         161   17.431641           0   17.431641    170.2240   17.431641     -0.7270
   17.443848         152   17.443848           0   17.443848    169.8477   17.443848     -1.4476
   17.456055         180   17.456055           1   17.456055    169.4722   17.456055      0.7847
   17.468262         170   17.468262           0   17.468262    169.0975   17.468262      0.0692
   17.480469         158   17.480469           0   17.480469    168.7236   17.480469     -0.8531
   17.492676         166   17.492676           0   17.492676    168.3506   17.492676     -0.1824
   17.504883         181   17.504883           0   17.504883    167.9784   17.504883      0.9679
   17.517090         168   17.517090           0   17.517090    167.6071   17.517090      0.0303
   17.529297         166   17.529297           0   17.529297    167.2401   17.529297     -0.0962
   17.541504         178   17.541504           0   17.541504    166.8873   17.541504      0.8329
   17.553711         173   17.553711           0   17.553711    166.5183   17.553711      0.4928
   17.565918         152   17.565918           0   17.565918    166.1502   17.565918     -1.1477
   17.578125         162   17.578125           1   17.578125    165.7828   17.578125     -0.2972
   17.590332         161   17.590332           0   17.590332    165.4163   17.590332     -0.3481
   17.602539         172   17.602539           0   17.602539    165.0506   17.602539      0.5299
   17.614746         204   17.614746           0   17.614746    164.6857   17.614746      2.7525
   17.626953         172   17.626953           0   17.626953    164.3216   17.626953      0.5855
   17.639160         169   17.639160           0   17.639160    163.9584   17.639160      0.3878
   17.651367         169   17.651367           0   17.651367    163.5959   17.651367      0.4157
   17.663574         178   17.663574           0   17.663574    163.2342   17.663574      1.1067
   17.675781         162   17.675781           0   17.675781    162.8733   17.675781     -0.0686
   17.687988         166   17.687988           0   17.687988    162.5132   17.687988      0.2706
   17.700196         157   17.700196           0   17.700196    162.1539   17.700196     -0.4113
   17.712403         150   17.712403           0   17.712403    161.7955   17.712403     -0.9631
   17.724610         170   17.724610           0   17.724610    161.4378   17.724610      0.6567
   17.736817         154   17.736817           0   17.736817    161.0808   17.736817     -0.5706
   17.749024         163   17.749024           0   17.749024    160.7247   17.749024      0.1782
   17.761231         152   17.761231           0   17.761231    160.3694   17.761231     -0.6788
   17.773438         147   17.773438           0   17.773438    160.0148   17.773438     -1.0734
   17.785645         191   17.785645           0   17.785645    159.6611   17.785645      2.2676
   17.797852         168   17.797852           0   17.797852    159.3081   17.797852      0.6706
   17.810059         161   17.810059           0   17.810059    158.9559   17.810059      0.1611
   17.822266         142   17.822266           0   17.822266    158.6045   17.822266     -1.3934
   17.834473         143   17.834473           0   17.834473    158.2538   17.834473     -1.2756
   17.846680         155   17.846680           0   17.846680    157.9040   17.846680     -0.2333
   17.858887         147   17.858887           0   17.858887    157.5549   17.858887     -0.8706
   17.871094         148   17.871094           0   17.871094    157.2065   17.871094     -0.7568
   17.883301         140   17.883301           0   17.883301    156.8590   17.883301     -1.4248
   17.895508         147   17.895508           0   17.895508    156.5122   17.895508     -0.7846
   17.907715         155   17.907715           0   17.907715    156.1662   17.907715     -0.0937
   17.919922         174   17.919922           0   17.919922    155.8209   17.919922      1.3782
   17.932129         153   17.932129           0   17.932129    155.4764   17.932129     -0.2002
   17.944336         164   17.944336           0   17.944336    155.1327   17.944336      0.6924
   17.956543         147   17.956543           0   17.956543    154.7897   17.956543     -0.6425
   17.968750         170   17.968750           0   17.968750    154.4511   17.968750      1.1925
   17.980957         159   17.980957           0   17.980957    154.1265   17.980957      0.3865
   17.993164         156   17.993164           0   17.993164    153.7858   17.993164      0.1773
   18.005371         148   18.005371           0   18.005371    153.4458   18.005371     -0.4476
   18.017578         150   18.017578           1   18.017578    153.1066   18.017578     -0.2537
   18.029785         162   18.029785           0   18.029785    152.7681   18.029785      0.7253
   18.041992         160   18.041992           0   18.041992    152.4303   18.041992      0.5984
   18.054199         155   18.054199           0   18.054199    152.0933   18.054199      0.2335
   18.066406         148   18.066406           0   18.066406    151.7571   18.066406     -0.3088
   18.078613         139   18.078613           0   18.078613    151.4216   18.078613     -1.0536
   18.090821         147   18.090821           0   18.090821    151.0868   18.090821     -0.3371
   18.103028         176   18.103028           0   18.103028    150.7528   18.103028      1.9031
   18.115235         153   18.115235           0   18.115235    150.4231   18.115235      0.2083
   18.127442         149   18.127442           0   18.127442    150.1074   18.127442     -0.0907
   18.139649         145   18.139649           0   18.139649    149.7756   18.139649     -0.3966
   18.151856         150   18.151856           0   18.151856    149.4445   18.151856      0.0454
   18.164063         145   18.164063           1   18.164063    149.1176   18.164063     -0.3419
   18.176270         145   18.176270           0   18.176270    148.8084   18.176270     -0.3163
   18.188477         146   18.188477           0   18.188477    148.4964   18.188477     -0.2066
   18.200684         148   18.200684           0   18.200684    148.1681   18.200684     -0.0138
   18.212891         156   18.212891           1   18.212891    147.8405   18.212891      0.6533
   18.225098         144   18.225098           1   18.225098    147.5137   18.225098     -0.2928
   18.237305         138   18.237305           0   18.237305    147.1875   18.237305     -0.7821
   18.249512         133   18.249512           0   18.249512    146.8621   18.249512     -1.2020
   18.261719         133   18.261719           0   18.261719    146.5374   18.261719     -1.1738
   18.273926         135   18.273926           0   18.273926    146.2135   18.273926     -0.9651
   18.286133         150   18.286133           0   18.286133    145.8902   18.286133      0.3356
   18.298340         153   18.298340           0   18.298340    145.5677   18.298340      0.6009
   18.310547         129   18.310547           0   18.310547    145.2459   18.310547     -1.4304
   18.322754         133   18.322754           0   18.322754    144.9248   18.322754     -1.0340
   18.334961         121   18.334961           0   18.334961    144.6044   18.334961     -2.1459
   18.347168         154   18.347168           0   18.347168    144.2847   18.347168      0.7829
   18.359375         120   18.359375           0   18.359375    143.9657   18.359375     -2.1878
   18.371582         131   18.371582           0   18.371582    143.6474   18.371582     -1.1050
   18.383789         128   18.383789           0   18.383789    143.3298   18.383789     -1.3550
   18.395996         137   18.395996           0   18.395996    143.0129   18.395996     -0.5137
   18.408203         151   18.408203           0   18.408203    142.6968   18.408203      0.6757
   18.420410         140   18.420410           0   18.420410    142.3813   18.420410     -0.2013
   18.432617         177   18.432617           0   18.432617    142.0665   18.432617      2.6258
   18.444824         144   18.444824           0   18.444824    141.7524   18.444824      0.1873
   18.457031         153   18.457031           0   18.457031    141.4462   18.457031      0.9341
   18.469238         132   18.469238           0   18.469238    141.1673   18.469238     -0.7979
   18.481446         143   18.481446           0   18.481446    140.8552   18.481446      0.1794
   18.493653         146   18.493653           0   18.493653    140.5438   18.493653      0.4516
   18.505860         159   18.505860           2   18.505860    140.2331   18.505860      1.4883
   18.518067         128   18.518067           0   18.518067    139.9231   18.518067     -1.0539
   18.530274         117   18.530274           0   18.530274    139.6137   18.530274     -2.0906
   18.542481         140   18.542481           0   18.542481    139.3051   18.542481      0.0587
   18.554688         140   18.554688           0   18.554688    138.9971   18.554688      0.0848
   18.566895         137   18.566895           0   18.566895    138.6898   18.566895     -0.1444
   18.579102         138   18.579102           0   18.579102    138.3832   18.579102     -0.0326
   18.591309         142   18.591309           0   18.591309    138.0772   18.591309      0.3292
   18.603516         132   18.603516           0   18.603516    137.7720   18.603516     -0.5024
   18.615723         126   18.615723           0   18.615723    137.4674   18.615723     -1.0216
   18.627930         124   18.627930           0   18.627930    137.1635   18.627930     -1.1821
   18.640137         131   18.640137           0   18.640137    136.8602   18.640137     -0.5120
   18.652344         148   18.652344           0   18.652344    136.5576   18.652344      0.9406
   18.664551         142   18.664551           0   18.664551    136.2557   18.664551      0.4820
   18.676758         129   18.676758           0   18.676758    135.9545   18.676758     -0.6123
   18.688965         147   18.688965           0   18.688965    135.6539   18.688965      0.9358
   18.701172         139   18.701172           0   18.701172    135.3540   18.701172      0.3092
   18.713379         112   18.713379           0   18.713379    135.0548   18.713379     -2.1785
   18.725586         133   18.725586           0   18.725586    134.7562   18.725586     -0.1523
   18.737793         157   18.737793           0   18.737793    134.4583   18.737793      1.7990
   18.750000         162   18.750000           0   18.750000    134.1610   18.750000      2.1872
   18.762207         144   18.762207           0   18.762207    133.8644   18.762207      0.8446
   18.774414         139   18.774414           0   18.774414    133.5685   18.774414      0.4607
   18.786621         122   18.786621           0   18.786621    133.2732   18.786621     -1.0206
   18.798828         100   18.798828           0   18.798828    132.9785   18.798828     -3.2979
   18.811035         130   18.811035           0   18.811035    132.6845   18.811035     -0.2354
   18.823242         142   18.823242           0   18.823242    132.3912   18.823242      0.8064
   18.835449         136   18.835449           0   18.835449    132.0985   18.835449      0.3346
   18.847656         130   18.847656           0   18.847656    131.8100   18.847656     -0.1587
   18.859864         138   18.859864           0   18.859864    131.5355   18.859864      0.5503
   18.872071         138   18.872071           0   18.872071    131.2447   18.872071      0.5750
   18.884278         137   18.884278           0   18.884278    130.9546   18.884278      0.5165
   18.896485         145   18.896485           1   18.896485    130.6651   18.896485      1.1905
   18.908692         133   18.908692           0   18.908692    130.3762   18.908692      0.2275
   18.920899         147   18.920899           0   18.920899    130.0880   18.920899      1.3949
   18.933106         130   18.933106           0   18.933106    129.8004   18.933106      0.0175
   18.945313         144   18.945313           0   18.945313    129.5134   18.945313      1.2072
   18.957520         140   18.957520           0   18.957520    129.2271   18.957520      0.9105
   18.969727         159   18.969727           0   18.969727    128.9414   18.969727      2.3838
   18.981934         138   18.981934           0   18.981934    128.6563   18.981934      0.7954
   18.994141         137   18.994141           0   18.994141    128.3719   18.994141      0.7372
   19.006348         143   19.006348           0   19.006348    128.0881   19.006348      1.2470
   19.018555         108   19.018555           0   19.018555    127.8049   19.018555     -1.9057
   19.030762         119   19.030762           0   19.030762    127.5223   19.030762     -0.7812
   19.042969         122   19.042969           0   19.042969    127.2404   19.042969     -0.4744
   19.055176         131   19.055176           0   19.055176    126.9626   19.055176      0.3527
   19.067383         127   19.067383           0   19.067383    126.6989   19.067383      0.0267
   19.079590         126   19.079590           0   19.079590    126.4188   19.079590     -0.0373
   19.091797         115   19.091797           0   19.091797    126.1393   19.091797     -1.0387
   19.104004         132   19.104004           1   19.104004    125.8604   19.104004      0.5344
   19.116211         137   19.116211           0   19.116211    125.5822   19.116211      0.9755
   19.128418         138   19.128418           0   19.128418    125.3045   19.128418      1.0807
   19.140625         125   19.140625           0   19.140625    125.0275   19.140625     -0.0025
   19.152832         134   19.152832           0   19.152832    124.7511   19.152832      0.7990
   19.165039         116   19.165039           0   19.165039    124.4753   19.165039     -0.7869
   19.177246         112   19.177246           0   19.177246    124.2001   19.177246     -1.1528
   19.189453         119   19.189453           0   19.189453    123.9255   19.189453     -0.4515
   19.201660         127   19.201660           0   19.201660    123.6551   19.201660      0.2968
   19.213867         114   19.213867           0   19.213867    123.3986   19.213867     -0.8803
   19.226074         130   19.226074           0   19.226074    123.1258   19.226074      0.6029
   19.238281         136   19.238281           0   19.238281    122.8572   19.238281      1.1270
   19.250489         121   19.250489           1   19.250489    122.6025   19.250489     -0.1457
   19.262696         134   19.262696           0   19.262696    122.3314   19.262696      1.0080
   19.274903         130   19.274903           0   19.274903    122.0610   19.274903      0.6963
   19.287110         110   19.287110           1   19.287110    121.7911   19.287110     -1.1242
   19.299317         109   19.299317           0   19.299317    121.5219   19.299317     -1.1994
   19.311524         115   19.311524           0   19.311524    121.2532   19.311524     -0.5831
   19.323731         127   19.323731           0   19.323731    120.9852   19.323731      0.5337
   19.335938         116   19.335938           0   19.335938    120.7177   19.335938     -0.4380
   19.348145         124   19.348145           0   19.348145    120.4508   19.348145      0.3187
   19.360352         121   19.360352           0   19.360352    120.1845   19.360352      0.0741
   19.372559         132   19.372559           0   19.372559    119.9188   19.372559      1.0515
   19.384766         123   19.384766           0   19.384766    119.6537   19.384766      0.3017
   19.396973         121   19.396973           0   19.396973    119.3891   19.396973      0.1464
   19.409180         113   19.409180           0   19.409180    119.1252   19.409180     -0.5762
   19.421387         135   19.421387           0   19.421387    118.8618   19.421387      1.3890
   19.433594         134   19.433594           0   19.433594    118.5991   19.433594      1.3304
   19.445801         102   19.445801           0   19.445801    118.3368   19.445801     -1.6176
   19.458008         121   19.458008           0   19.458008    118.0752   19.458008      0.2659
   19.470215         117   19.470215           0   19.470215    117.8142   19.470215     -0.0753
   19.482422         114   19.482422           0   19.482422    117.5537   19.482422     -0.3328
   19.494629         117   19.494629           0   19.494629    117.2938   19.494629     -0.0272
   19.506836         124   19.506836           0   19.506836    117.0381   19.506836      0.6252
   19.519043         117   19.519043           0   19.519043    116.7963   19.519043      0.0188
   19.531250         130   19.531250           0   19.531250    116.5380   19.531250      1.1807
   19.543457         113   19.543457           0   19.543457    116.2804   19.543457     -0.3086
   19.555664         123   19.555664           1   19.555664    116.0233   19.555664      0.6291
   19.567871         112   19.567871           0   19.567871    115.7668   19.567871     -0.3559
   19.580078         121   19.580078           0   19.580078    115.5144   19.580078      0.4987
   19.592285         128   19.592285           0   19.592285    115.2760   19.592285      1.1247
   19.604492         152   19.604492           0   19.604492    115.0211   19.604492      2.9994
   19.616699         114   19.616699           0   19.616699    114.7668   19.616699     -0.0718
   19.628906         116   19.628906           1   19.628906    114.5131   19.628906      0.1381
   19.641114         111   19.641114           0   19.641114    114.2599   19.641114     -0.3094
   19.653321         130   19.653321           0   19.653321    114.0073   19.653321      1.4026
   19.665528         113   19.665528           0   19.665528    113.7553   19.665528     -0.0711
   19.677735         112   19.677735           0   19.677735    113.5038   19.677735     -0.1421
   19.689942         126   19.689942           0   19.689942    113.2529   19.689942      1.1356
   19.702149         144   19.702149           0   19.702149    113.0025   19.702149      2.5831
   19.714356         122   19.714356           0   19.714356    112.7562   19.714356      0.8369
   19.726563         108   19.726563           0   19.726563    112.5239   19.726563     -0.4353
   19.738770         127   19.738770           0   19.738770    112.2751   19.738770      1.3066
   19.750977         107   19.750977           0   19.750977    112.0269   19.750977     -0.4860
   19.763184         100   19.763184           1   19.763184    111.7792   19.763184     -1.1779
   19.775391         126   19.775391           0   19.775391    111.5321   19.775391      1.2889
   19.787598          95   19.787598           0   19.787598    111.2855   19.787598     -1.6709
   19.799805         124   19.799805           0   19.799805    111.0395   19.799805      1.1639
   19.812012         115   19.812012           0   19.812012    110.7940   19.812012      0.3922
   19.824219         125   19.824219           0   19.824219    110.5490   19.824219      1.2925
   19.836426         118   19.836426           0   19.836426    110.3046   19.836426      0.7084
   19.848633         123   19.848633           0   19.848633    110.0608   19.848633      1.1667
   19.860840         110   19.860840           0   19.860840    109.8174   19.860840      0.0174
   19.873047          96   19.873047           0   19.873047    109.5747   19.873047     -1.3855
   19.885254         120   19.885254           0   19.885254    109.3324   19.885254      0.9738
   19.897461         121   19.897461           0   19.897461    109.0907   19.897461      1.0827
   19.909668         103   19.909668           0   19.909668    108.8495   19.909668     -0.5764
   19.921875         113   19.921875           0   19.921875    108.6089   19.921875      0.4131
   19.934082         104   19.934082           0   19.934082    108.3688   19.934082     -0.4284
   19.946289         121   19.946289           0   19.946289    108.1292   19.946289      1.1701
   19.958496         109   19.958496           0   19.958496    107.8901   19.958496      0.1063
   19.970703         118   19.970703           0   19.970703    107.6516   19.970703      0.9526
   19.982910          91   19.982910           0   19.982910    107.4136   19.982910     -1.7206
   19.995117         121   19.995117           0   19.995117    107.1761   19.995117      1.2567
   20.007324          88   20.007324           0   20.007324    106.9392   20.007324     -2.0189
   20.019531         108   20.019531           0   20.019531    106.7028   20.019531      0.1248
   20.031739         116   20.031739           0   20.031739    106.4669   20.031739      0.8851
   20.043946         110   20.043946           0   20.043946    106.2315   20.043946      0.3593
   20.056153          97   20.056153           0   20.056153    105.9966   20.056153     -0.9135
   20.068360          98   20.068360           0   20.068360    105.7623   20.068360     -0.7841
   20.080567         100   20.080567           0   20.080567    105.5285   20.080567     -0.5528
   20.092774         101   20.092774           0   20.092774    105.2952   20.092774     -0.4274
   20.104981         106   20.104981           0   20.104981    105.0624   20.104981      0.0911
   20.117188          99   20.117188           0   20.117188    104.8301   20.117188     -0.5859
   20.129395         106   20.129395           0   20.129395    104.5983   20.129395      0.1361
   20.141602         104   20.141602           0   20.141602    104.3671   20.141602     -0.0360
   20.153809         103   20.153809           0   20.153809    104.1363   20.153809     -0.1120
   20.166016         101   20.166016           0   20.166016    103.9061   20.166016     -0.2892
   20.178223         104   20.178223           0   20.178223    103.6764   20.178223      0.0317
   20.190430         102   20.190430           0   20.190430    103.4472   20.190430     -0.1433
   20.202637         101   20.202637           0   20.202637    103.2185   20.202637     -0.2207
   20.214844          97   20.214844           0   20.214844    102.9903   20.214844     -0.6082
   20.227051          88   20.227051           0   20.227051    102.7626   20.227051     -1.5737
   20.239258         107   20.239258           0   20.239258    102.5354   20.239258      0.4316
   20.251465         121   20.251465           0   20.251465    102.3087   20.251465      1.6992
   20.263672         110   20.263672           0   20.263672    102.0825   20.263672      0.7549
   20.275879         100   20.275879           0   20.275879    101.8569   20.275879     -0.1857
   20.288086         101   20.288086           0   20.288086    101.6317   20.288086     -0.0629
   20.300293         112   20.300293           0   20.300293    101.4070   20.300293      1.0009
   20.312500         116   20.312500           0   20.312500    101.1828   20.312500      1.3757
   20.324707          86   20.324707           0   20.324707    100.9591   20.324707     -1.6131
   20.336914         103   20.336914           0   20.336914    100.7359   20.336914      0.2231
   20.349121         105   20.349121           0   20.349121    100.5132   20.349121      0.4379
   20.361328         121   20.361328           0   20.361328    100.2910   20.361328      1.8826
   20.373535          96   20.373535           0   20.373535    100.0692   20.373535     -0.4153
   20.385742          94   20.385742           0   20.385742     99.8480   20.385742     -0.6032
   20.397949          85   20.397949           0   20.397949     99.6273   20.397949     -1.5865
   20.410156         107   20.410156           0   20.410156     99.4070   20.410156      0.7340
   20.422364         114   20.422364           0   20.422364     99.1872   20.422364      1.3873
   20.434571         101   20.434571           0   20.434571     98.9679   20.434571      0.2022
   20.446778          95   20.446778           0   20.446778     98.7527   20.446778     -0.3850
   20.458985          89   20.458985           0   20.458985     98.5513   20.458985     -1.0124
   20.471192         111   20.471192           0   20.471192     98.3334   20.471192      1.2023
   20.483399         109   20.483399           0   20.483399     98.1160   20.483399      1.0425
   20.495606          92   20.495606           1   20.495606     97.8991   20.495606     -0.6150
   20.507813          83   20.507813           0   20.507813     97.6827   20.507813     -1.6116
   20.520020          80   20.520020           0   20.520020     97.4667   20.520020     -1.9528
   20.532227          90   20.532227           0   20.532227     97.2512   20.532227     -0.7643
   20.544434          87   20.544434           0   20.544434     97.0362   20.544434     -1.0760
   20.556641         101   20.556641           0   20.556641     96.8217   20.556641      0.4158
   20.568848          84   20.568848           0   20.568848     96.6077   20.568848     -1.3756
   20.581055         104   20.581055           0   20.581055     96.3941   20.581055      0.7458
   20.593262         114   20.593262           0   20.593262     96.1810   20.593262      1.6689
   20.605469         104   20.605469           0   20.605469     95.9683   20.605469      0.7876
   20.617676         100   20.617676           0   20.617676     95.7562   20.617676      0.4244
   20.629883         113   20.629883           0   20.629883     95.5445   20.629883      1.6421
   20.642090         106   20.642090           0   20.642090     95.3332   20.642090      1.0360
   20.654297          83   20.654297           0   20.654297     95.1225   20.654297     -1.3306
   20.666504          85   20.666504           0   20.666504     94.9122   20.666504     -1.0751
   20.678711          94   20.678711           0   20.678711     94.7023   20.678711     -0.0724
   20.690918          90   20.690918           0   20.690918     94.4930   20.690918     -0.4736
   20.703125          92   20.703125           0   20.703125     94.2841   20.703125     -0.2381
   20.715332          84   20.715332           0   20.715332     94.0756   20.715332     -1.0993
   20.727539         105   20.727539           0   20.727539     93.8676   20.727539      1.0864
   20.739746          91   20.739746           0   20.739746     93.6637   20.739746     -0.2792
   20.751953          87   20.751953           0   20.751953     93.4735   20.751953     -0.6940
   20.764160          87   20.764160           0   20.764160     93.2669   20.764160     -0.6719
   20.776367          94   20.776367           0   20.776367     93.0607   20.776367      0.0969
   20.788574         110   20.788574           1   20.788574     92.8549   20.788574      1.6347
   20.800781          85   20.800781           0   20.800781     92.6496   20.800781     -0.8297
   20.812989          92   20.812989           0   20.812989     92.4448   20.812989     -0.0464
   20.825196          84   20.825196           0   20.825196     92.2404   20.825196     -0.8991
   20.837403         101   20.837403           0   20.837403     92.0365   20.837403      0.8919
   20.849610         101   20.849610           0   20.849610     91.8330   20.849610      0.9121
   20.861817          85   20.861817           0   20.861817     91.6300   20.861817     -0.7191
   20.874024          93   20.874024           0   20.874024     91.4274   20.874024      0.1631
   20.886231          96   20.886231           0   20.886231     91.2253   20.886231      0.4873
   20.898438          75   20.898438           0   20.898438     91.0236   20.898438     -1.8502
   20.910645          84   20.910645           0   20.910645     90.8224   20.910645     -0.7444
   20.922852         101   20.922852           0   20.922852     90.6216   20.922852      1.0327
   20.935059          81   20.935059           0   20.935059     90.4212   20.935059     -1.0468
   20.947266          94   20.947266           0   20.947266     90.2213   20.947266      0.3897
   20.959473          87   20.959473           0   20.959473     90.0219   20.959473     -0.3240
   20.971680          99   20.971680           0   20.971680     89.8229   20.971680      0.9223
   20.983887          96   20.983887           0   20.983887     89.6243   20.983887      0.6507
   20.996094          72   20.996094           0   20.996094     89.4261   20.996094     -2.0537
   21.008301          87   21.008301           0   21.008301     89.2284   21.008301     -0.2389
   21.020508          98   21.020508           0   21.020508     89.0312   21.020508      0.9060
   21.032715          89   21.032715           0   21.032715     88.8343   21.032715      0.0176
   21.044922          95   21.044922           0   21.044922     88.6379   21.044922      0.6527
   21.057129          88   21.057129           0   21.057129     88.4420   21.057129     -0.0471
   21.069336          92   21.069336           0   21.069336     88.2464   21.069336      0.3913
   21.081543          92   21.081543           0   21.081543     88.0513   21.081543      0.4117
   21.093750          84   21.093750           0   21.093750     87.8567   21.093750     -0.4208
   21.105957          77   21.105957           0   21.105957     87.6624   21.105957     -1.2151
   21.118164          94   21.118164           0   21.118164     87.4686   21.118164      0.6737
   21.130371          80   21.130371           0   21.130371     87.2753   21.130371     -0.8134
   21.142578          97   21.142578           0   21.142578     87.0823   21.142578      1.0070
   21.154785          73   21.154785           0   21.154785     86.8898   21.154785     -1.6257
   21.166992          87   21.166992           0   21.166992     86.6977   21.166992      0.0324
   21.179199          97   21.179199           0   21.179199     86.5060   21.179199      1.0655
   21.191406          92   21.191406           0   21.191406     86.3148   21.191406      0.5927
   21.203614          85   21.203614           0   21.203614     86.1239   21.203614     -0.1219
   21.215821          97   21.215821           0   21.215821     85.9335   21.215821      1.1236
   21.228028          84   21.228028           0   21.228028     85.7436   21.228028     -0.1902
   21.240235          93   21.240235           0   21.240235     85.5540   21.240235      0.7721
   21.252442          83   21.252442           0   21.252442     85.3648   21.252442     -0.2596
   21.264649          88   21.264649           0   21.264649     85.1761   21.264649      0.3010
   21.276856          95   21.276856           0   21.276856     84.9878   21.276856      1.0272
   21.289063         104   21.289063           0   21.289063     84.7999   21.289063      1.8827
   21.301270          76   21.301270           0   21.301270     84.6124   21.301270     -0.9879
   21.313477          91   21.313477           0   21.313477     84.4254   21.313477      0.6892
   21.325684          95   21.325684           0   21.325684     84.2387   21.325684      1.1041
   21.337891          88   21.337891           0   21.337891     84.0525   21.337891      0.4208
   21.350098          79   21.350098           0   21.350098     83.8667   21.350098     -0.5475
   21.362305          71   21.362305           0   21.362305     83.6813   21.362305     -1.5050
   21.374512          81   21.374512           0   21.374512     83.4963   21.374512     -0.2774
   21.386719          75   21.386719           0   21.386719     83.3117   21.386719     -0.9597
   21.398926          94   21.398926           0   21.398926     83.1275   21.398926      1.1214
   21.411133          78   21.411133           0   21.411133     82.9437   21.411133     -0.5598
   21.423340          77   21.423340           0   21.423340     82.7603   21.423340     -0.6564
   21.435547          89   21.435547           0   21.435547     82.5809   21.435547      0.6804
   21.447754          75   21.447754           0   21.447754     82.4153   21.447754     -0.8562
   21.459961          68   21.459961           0   21.459961     82.2331   21.459961     -1.7260
   21.472168          89   21.472168           0   21.472168     82.0513   21.472168      0.7366
   21.484375          75   21.484375           1   21.484375     81.8699   21.484375     -0.7933
   21.496582          89   21.496582           0   21.496582     81.6889   21.496582      0.7750
   21.508789          82   21.508789           0   21.508789     81.5083   21.508789      0.0543
   21.520996          76   21.520996           0   21.520996     81.3281   21.520996     -0.6112
   21.533203         104   21.533203           0   21.533203     81.1483   21.533203      2.2408
   21.545410          82   21.545410           0   21.545410     80.9689   21.545410      0.1139
   21.557617          71   21.557617           0   21.557617     80.7899   21.557617     -1.1618
   21.569824          77   21.569824           0   21.569824     80.6112   21.569824     -0.4115
   21.582032          70   21.582032           0   21.582032     80.4330   21.582032     -1.2470
   21.594239          75   21.594239           0   21.594239     80.2552   21.594239     -0.6068
   21.606446          85   21.606446           0   21.606446     80.0778   21.606446      0.5339
   21.618653          79   21.618653           0   21.618653     79.9007   21.618653     -0.1013
   21.630860          81   21.630860           0   21.630860     79.7276   21.630860      0.1414
   21.643067          73   21.643067           0   21.643067     79.5683   21.643067     -0.7688
   21.655274          93   21.655274           0   21.655274     79.3924   21.655274      1.4110
   21.667481          75   21.667481           0   21.667481     79.2169   21.667481     -0.4869
   21.679688          70   21.679688           1   21.679688     79.0418   21.679688     -1.0807
   21.691895          70   21.691895           0   21.691895     78.8670   21.691895     -1.0598
   21.704102          74   21.704102           0   21.704102     78.6926   21.704102     -0.5455
   21.716309          77   21.716309           0   21.716309     78.5187   21.716309     -0.1731
   21.728516          99   21.728516           0   21.728516     78.3451   21.728516      2.0759
   21.740723         103   21.740723           0   21.740723     78.1719   21.740723      2.4464
   21.752930          86   21.752930           0   21.752930     77.9990   21.752930      0.8628
   21.765137          68   21.765137           0   21.765137     77.8266   21.765137     -1.1917
   21.777344          79   21.777344           0   21.777344     77.6545   21.777344      0.1514
   21.789551          68   21.789551           0   21.789551     77.4829   21.789551     -1.1500
   21.801758          92   21.801758           0   21.801758     77.3151   21.801758      1.5310
   21.813965          85   21.813965           0   21.813965     77.1611   21.813965      0.8502
   21.826172          67   21.826172           0   21.826172     76.9941   21.826172     -1.2210
   21.838379          70   21.838379           0   21.838379     76.8408   21.838379     -0.8176
   21.850586          75   21.850586           1   21.850586     76.6709   21.850586     -0.1929
   21.862793          84   21.862793           0   21.862793     76.5050   21.862793      0.8178
   21.875000          81   21.875000           1   21.875000     76.3528   21.875000      0.5164
   21.887207          78   21.887207           0   21.887207     76.1840   21.887207      0.2056
   21.899414          70   21.899414           0   21.899414     76.0155   21.899414     -0.7190
   21.911621          77   21.911621           1   21.911621     75.8475   21.911621      0.1313
   21.923828          71   21.923828           0   21.923828     75.6798   21.923828     -0.5554
   21.936035          90   21.936035           0   21.936035     75.5125   21.936035      1.5271
   21.948242          69   21.948242           0   21.948242     75.3455   21.948242     -0.7639
   21.960449          84   21.960449           0   21.960449     75.1790   21.960449      0.9625
   21.972657          76   21.972657           0   21.972657     75.0128   21.972657      0.1132
   21.984864          69   21.984864           0   21.984864     74.8469   21.984864     -0.7039
   21.997071          72   21.997071           0   21.997071     74.6815   21.997071     -0.3160
   22.009278          69   22.009278           0   22.009278     74.5163   22.009278     -0.6641
   22.021485          63   22.021485           0   22.021485     74.3516   22.021485     -1.4302
   22.033692          64   22.033692           0   22.033692     74.1872   22.033692     -1.2734
   22.045899          73   22.045899           0   22.045899     74.0232   22.045899     -0.1198
   22.058106          68   22.058106           0   22.058106     73.8596   22.058106     -0.7106
   22.070313          84   22.070313           0   22.070313     73.6963   22.070313      1.1242
   22.082520          65   22.082520           0   22.082520     73.5333   22.082520     -1.0584
   22.094727          72   22.094727           0   22.094727     73.3708   22.094727     -0.1615
   22.106934          70   22.106934           0   22.106934     73.2086   22.106934     -0.3835
   22.119141          66   22.119141           0   22.119141     73.0467   22.119141     -0.8674
   22.131348          70   22.131348           0   22.131348     72.8852   22.131348     -0.3448
   22.143555          63   22.143555           0   22.143555     72.7241   22.143555     -1.2251
   22.155762          74   22.155762           0   22.155762     72.5633   22.155762      0.1670
   22.167969          63   22.167969           0   22.167969     72.4029   22.167969     -1.1847
   22.180176          55   22.180176           0   22.180176     72.2428   22.180176     -2.3250
   22.192383          77   22.192383           0   22.192383     72.0831   22.192383      0.5603
   22.204590          78   22.204590           0   22.204590     71.9237   22.204590      0.6880
   22.216797          65   22.216797           0   22.216797     71.7683   22.216797     -0.8395
   22.229004          64   22.229004           0   22.229004     71.6265   22.229004     -0.9533
   22.241211          83   22.241211           0   22.241211     71.4682   22.241211      1.2658
   22.253418          65   22.253418           0   22.253418     71.3102   22.253418     -0.7827
   22.265625          72   22.265625           1   22.265625     71.1525   22.265625      0.0999
   22.277832          71   22.277832           0   22.277832     70.9952   22.277832      0.0006
   22.290039          70   22.290039           0   22.290039     70.8383   22.290039     -0.1002
   22.302246          74   22.302246           0   22.302246     70.6817   22.302246      0.3857
   22.314453          67   22.314453           0   22.314453     70.5254   22.314453     -0.4307
   22.326660          64   22.326660           0   22.326660     70.3730   22.326660     -0.7966
   22.338867          85   22.338867           0   22.338867     70.2344   22.338867      1.6016
   22.351074          66   22.351074           0   22.351074     70.0827   22.351074     -0.5025
   22.363282          66   22.363282           0   22.363282     69.9447   22.363282     -0.4856
   22.375489          75   22.375489           1   22.375489     69.7900   22.375489      0.6016
   22.387696          66   22.387696           0   22.387696     69.6357   22.387696     -0.4475
   22.399903          63   22.399903           1   22.399903     69.4818   22.399903     -0.8166
   22.412110          81   22.412110           0   22.412110     69.3282   22.412110      1.2969
   22.424317          76   22.424317           0   22.424317     69.1785   22.424317      0.7825
   22.436524          65   22.436524           0   22.436524     69.0425   22.436524     -0.5014
   22.448731          70   22.448731           0   22.448731     68.8898   22.448731      0.1327
   22.460938          66   22.460938           0   22.460938     68.7375   22.460938     -0.3370
   22.473145          53   22.473145           1   22.473145     68.5855   22.473145     -2.1408
   22.485352          65   22.485352           0   22.485352     68.4339   22.485352     -0.4259
   22.497559          66   22.497559           0   22.497559     68.2826   22.497559     -0.2810
   22.509766          74   22.509766           0   22.509766     68.1317   22.509766      0.6822
   22.521973          73   22.521973           0   22.521973     67.9810   22.521973      0.5874
   22.534180          70   22.534180           0   22.534180     67.8307   22.534180      0.2593
   22.546387          69   22.546387           0   22.546387     67.6808   22.546387      0.1588
   22.558594          57   22.558594           0   22.558594     67.5311   22.558594     -1.3949
   22.570801          84   22.570801           0   22.570801     67.3818   22.570801      1.8132
   22.583008          70   22.583008           0   22.583008     67.2329   22.583008      0.3307
   22.595215          73   22.595215           0   22.595215     67.0842   22.595215      0.6924
   22.607422          71   22.607422           0   22.607422     66.9359   22.607422      0.4823
   22.619629          76   22.619629           0   22.619629     66.7879   22.619629      1.0567
   22.631836          74   22.631836           0   22.631836     66.6403   22.631836      0.8555
   22.644043          53   22.644043           0   22.644043     66.4930   22.644043     -1.8534
   22.656250          80   22.656250           0   22.656250     66.3460   22.656250      1.5266
   22.668457          67   22.668457           0   22.668457     66.2028   22.668457      0.0974
   22.680664          65   22.680664           0   22.680664     66.0734   22.680664     -0.1331
   22.692871          60   22.692871           0   22.692871     65.9309   22.692871     -0.7657
   22.705078          67   22.705078           0   22.705078     65.8021   22.705078      0.1464
   22.717285          72   22.717285           1   22.717285     65.6566   22.717285      0.7476
   22.729492          62   22.729492           0   22.729492     65.5114   22.729492     -0.4460
   22.741699          77   22.741699           1   22.741699     65.3666   22.741699      1.3257
   22.753907          76   22.753907           0   22.753907     65.2221   22.753907      1.2363
   22.766114          54   22.766114           0   22.766114     65.0779   22.766114     -1.5075
   22.778321          74   22.778321           0   22.778321     64.9340   22.778321      1.0539
   22.790528          63   22.790528           0   22.790528     64.7905   22.790528     -0.2256
   22.802735          76   22.802735           0   22.802735     64.6472   22.802735      1.3023
   22.814942          66   22.814942           0   22.814942     64.5043   22.814942      0.1841
   22.827149          57   22.827149           0   22.827149     64.3617   22.827149     -0.9751
   22.839356          56   22.839356           0   22.839356     64.2194   22.839356     -1.0984
   22.851563          75   22.851563           0   22.851563     64.0774   22.851563      1.2612
   22.863770          69   22.863770           0   22.863770     63.9358   22.863770      0.6097
   22.875977          54   22.875977           0   22.875977     63.7944   22.875977     -1.3328
   22.888184          57   22.888184           0   22.888184     63.6534   22.888184     -0.8813
   22.900391          64   22.900391           0   22.900391     63.5126   22.900391      0.0609
   22.912598          50   22.912598           0   22.912598     63.3722   22.912598     -1.8911
   22.924805          71   22.924805           0   22.924805     63.2321   22.924805      0.9219
   22.937012          65   22.937012           0   22.937012     63.0923   22.937012      0.2366
   22.949219          64   22.949219           0   22.949219     62.9528   22.949219      0.1309
   22.961426          60   22.961426           0   22.961426     62.8137   22.961426     -0.3632
   22.973633          60   22.973633           0   22.973633     62.6748   22.973633     -0.3453
   22.985840          63   22.985840           0   22.985840     62.5362   22.985840      0.0584
   22.998047          58   22.998047           0   22.998047     62.3980   22.998047     -0.5775
   23.010254          54   23.010254           0   23.010254     62.2600   23.010254     -1.1240
   23.022461          75   23.022461           0   23.022461     62.1224   23.022461      1.4870
   23.034668          64   23.034668           0   23.034668     61.9850   23.034668      0.2519
   23.046875          74   23.046875           0   23.046875     61.8480   23.046875      1.4126
   23.059082          60   23.059082           0   23.059082     61.7113   23.059082     -0.2209
   23.071289          72   23.071289           0   23.071289     61.5748   23.071289      1.2286
   23.083496          59   23.083496           0   23.083496     61.4387   23.083496     -0.3175
   23.095703          67   23.095703           0   23.095703     61.3029   23.095703      0.6960
   23.107910          64   23.107910           0   23.107910     61.1673   23.107910      0.3541
   23.120117          57   23.120117           0   23.120117     61.0321   23.120117     -0.5341
   23.132324          57   23.132324           0   23.132324     60.8972   23.132324     -0.5162
   23.144532          47   23.144532           0   23.144532     60.7626   23.144532     -2.0075
   23.156739          59   23.156739           0   23.156739     60.6282   23.156739     -0.2120
   23.168946          69   23.168946           0   23.168946     60.4942   23.168946      1.0240
   23.181153          65   23.181153           0   23.181153     60.3604   23.181153      0.5755
   23.193360          61   23.193360           0   23.193360     60.2305   23.193360      0.0985
   23.205567          51   23.205567           0   23.205567     60.1143   23.205567     -1.2763
   23.217774          54   23.217774           0   23.217774     59.9814   23.217774     -0.8140
   23.229981          76   23.229981           0   23.229981     59.8488   23.229981      1.8527
   23.242188          73   23.242188           1   23.242188     59.7165   23.242188      1.5547
   23.254395          62   23.254395           0   23.254395     59.5845   23.254395      0.3068
   23.266602          69   23.266602           0   23.266602     59.4527   23.266602      1.1494
   23.278809          52   23.278809           0   23.278809     59.3213   23.278809     -1.0153
   23.291016          59   23.291016           0   23.291016     59.1902   23.291016     -0.0248
   23.303223          59   23.303223           0   23.303223     59.0593   23.303223     -0.0077
   23.315430          67   23.315430           0   23.315430     58.9287   23.315430      0.9861
   23.327637          65   23.327637           0   23.327637     58.7985   23.327637      0.7692
   23.339844          52   23.339844           0   23.339844     58.6685   23.339844     -0.9247
   23.352051          70   23.352051           0   23.352051     58.5388   23.352051      1.3699
   23.364258          61   23.364258           0   23.364258     58.4093   23.364258      0.3317
   23.376465          60   23.376465           0   23.376465     58.2802   23.376465      0.2220
   23.388672          59   23.388672           0   23.388672     58.1514   23.388672      0.1105
   23.400879          58   23.400879           0   23.400879     58.0228   23.400879     -0.0030
   23.413086          67   23.413086           0   23.413086     57.8945   23.413086      1.1124
   23.425293          44   23.425293           0   23.425293     57.7665   23.425293     -2.0754
   23.437500          50   23.437500           0   23.437500     57.6388   23.437500     -1.0803
   23.449707          62   23.449707           0   23.449707     57.5114   23.449707      0.5701
   23.461914          57   23.461914           0   23.461914     57.3842   23.461914     -0.0509
   23.474121          64   23.474121           0   23.474121     57.2609   23.474121      0.8424
   23.486328          61   23.486328           0   23.486328     57.1513   23.486328      0.4928
   23.498535          60   23.498535           0   23.498535     57.0249   23.498535      0.3841
   23.510742          56   23.510742           0   23.510742     56.8988   23.510742     -0.1201
   23.522949          64   23.522949           1   23.522949     56.7731   23.522949      0.9034
   23.535157          47   23.535157           0   23.535157     56.6475   23.535157     -1.4072
   23.547364          61   23.547364           0   23.547364     56.5223   23.547364      0.5733
   23.559571          54   23.559571           0   23.559571     56.3973   23.559571     -0.3262
   23.571778          51   23.571778           0   23.571778     56.2727   23.571778     -0.7383
   23.583985          60   23.583985           0   23.583985     56.1482   23.583985      0.4973
   23.596192          55   23.596192           0   23.596192     56.0241   23.596192     -0.1381
   23.608399          65   23.608399           0   23.608399     55.9003   23.608399      1.1287
   23.620606          54   23.620606           0   23.620606     55.7767   23.620606     -0.2418
   23.632813          63   23.632813           0   23.632813     55.6534   23.632813      0.9256
   23.645020          52   23.645020           0   23.645020     55.5303   23.645020     -0.4896
   23.657227          73   23.657227           0   23.657227     55.4076   23.657227      2.0590
   23.669434          76   23.669434           0   23.669434     55.2851   23.669434      2.3762
   23.681641          71   23.681641           0   23.681641     55.1628   23.681641      1.8795
   23.693848          49   23.693848           0   23.693848     55.0409   23.693848     -0.8630
   23.706055          57   23.706055           0   23.706055     54.9192   23.706055      0.2756
   23.718262          58   23.718262           0   23.718262     54.7978   23.718262      0.4205
   23.730469          67   23.730469           0   23.730469     54.6766   23.730469      1.5055
   23.742676          44   23.742676           0   23.742676     54.5557   23.742676     -1.5913
   23.754883          57   23.754883           0   23.754883     54.4351   23.754883      0.3397
   23.767090          51   23.767090           0   23.767090     54.3148   23.767090     -0.4642
   23.779297          57   23.779297           0   23.779297     54.1947   23.779297      0.3716
   23.791504          46   23.791504           0   23.791504     54.0749   23.791504     -1.1906
   23.803711          48   23.803711           0   23.803711     53.9553   23.803711     -0.8596
   23.815918          56   23.815918           0   23.815918     53.8361   23.815918      0.2892
   23.828125          53   23.828125           0   23.828125     53.7170   23.828125     -0.0985
   23.840332          48   23.840332           0   23.840332     53.5983   23.840332     -0.8080
   23.852539          71   23.852539           0   23.852539     53.4798   23.852539      2.0793
   23.864746          58   23.864746           0   23.864746     53.3615   23.864746      0.6091
   23.876953          66   23.876953           0   23.876953     53.2436   23.876953      1.5702
   23.889160          49   23.889160           0   23.889160     53.1259   23.889160     -0.5894
   23.901367          55   23.901367           0   23.901367     53.0084   23.901367      0.2685
   23.913574          56   23.913574           0   23.913574     52.8912   23.913574      0.4154
   23.925782          60   23.925782           0   23.925782     52.7743   23.925782      0.9328
   23.937989          61   23.937989           0   23.937989     52.6576   23.937989      1.0681
   23.950196          58   23.950196           0   23.950196     52.5412   23.950196      0.7168
   23.962403          55   23.962403           0   23.962403     52.4250   23.962403      0.3472
   23.974610          61   23.974610           0   23.974610     52.3091   23.974610      1.1128
   23.986817          55   23.986817           0   23.986817     52.1935   23.986817      0.3784
   23.999024          52   23.999024           0   23.999024     52.0781   23.999024     -0.0108
   24.011231          57   24.011231           0   24.011231     51.9630   24.011231      0.6672
   24.023438          47   24.023438           0   24.023438     51.8481   24.023438     -0.7072
   24.035645          59   24.035645           0   24.035645     51.7335   24.035645      0.9460
   24.047852          43   24.047852           0   24.047852     51.6191   24.047852     -1.3144
   24.060059          68   24.060059           0   24.060059     51.5050   24.060059      2.0003
   24.072266          59   24.072266           0   24.072266     51.3947   24.072266      0.9901
   24.084473          64   24.084473           0   24.084473     51.2980   24.084473      1.5878
   24.096680          52   24.096680           0   24.096680     51.1846   24.096680      0.1131
   24.108887          56   24.108887           0   24.108887     51.0714   24.108887      0.6586
   24.121094          59   24.121094           1   24.121094     50.9585   24.121094      1.0469
   24.133301          50   24.133301           0   24.133301     50.8494   24.133301     -0.1201
   24.145508          49   24.145508           0   24.145508     50.7539   24.145508     -0.2506
   24.157715          30   24.157715           0   24.157715     50.6417   24.157715     -3.7686
   24.169922          63   24.169922           0   24.169922     50.5333   24.169922      1.5707
   24.182129          55   24.182129           1   24.182129     50.4385   24.182129      0.6151
   24.194336          51   24.194336           0   24.194336     50.3270   24.194336      0.0942
   24.206543          48   24.206543           0   24.206543     50.2157   24.206543     -0.3198
   24.218750          50   24.218750           1   24.218750     50.1047   24.218750     -0.0148
   24.230957          45   24.230957           0   24.230957     49.9939   24.230957     -0.7445
   24.243164          45   24.243164           0   24.243164     49.8834   24.243164     -0.7280
   24.255371          40   24.255371           0   24.255371     49.7731   24.255371     -1.5453
   24.267578          45   24.267578           0   24.267578     49.6631   24.267578     -0.6951
   24.279785          43   24.279785           0   24.279785     49.5533   24.279785     -0.9994
   24.291992          54   24.291992           0   24.291992     49.4437   24.291992      0.6200
   24.304200          50   24.304200           0   24.304200     49.3344   24.304200      0.0941
   24.316407          60   24.316407           0   24.316407     49.2254   24.316407      1.3910
   24.328614          45   24.328614           0   24.328614     49.1165   24.328614     -0.6137
   24.340821          55   24.340821           0   24.340821     49.0079   24.340821      0.8080
   24.353028          56   24.353028           0   24.353028     48.8996   24.353028      0.9488
   24.365235          46   24.365235           0   24.365235     48.7915   24.365235     -0.4116
   24.377442          45   24.377442           0   24.377442     48.6836   24.377442     -0.5491
   24.389649          42   24.389649           0   24.389649     48.5760   24.389649     -1.0147
   24.401856          48   24.401856           0   24.401856     48.4686   24.401856     -0.0676
   24.414063          40   24.414063           0   24.414063     48.3614   24.414063     -1.3221
   24.426270          43   24.426270           0   24.426270     48.2545   24.426270     -0.8013
   24.438477          45   24.438477           0   24.438477     48.1478   24.438477     -0.4693
   24.450684          60   24.450684           0   24.450684     48.0414   24.450684      1.5438
   24.462891          47   24.462891           0   24.462891     47.9352   24.462891     -0.1364
   24.475098          46   24.475098           0   24.475098     47.8328   24.475098     -0.2702
   24.487305          47   24.487305           0   24.487305     47.7439   24.487305     -0.1085
   24.499512          47   24.499512           0   24.499512     47.6384   24.499512     -0.0931
   24.511719          42   24.511719           0   24.511719     47.5331   24.511719     -0.8538
   24.523926          51   24.523926           1   24.523926     47.4280   24.523926      0.5002
   24.536133          38   24.536133           0   24.536133     47.3231   24.536133     -1.5124
   24.548340          45   24.548340           0   24.548340     47.2185   24.548340     -0.3307
   24.560547          51   24.560547           0   24.560547     47.1141   24.560547      0.5441
   24.572754          47   24.572754           0   24.572754     47.0100   24.572754     -0.0015
   24.584961          55   24.584961           0   24.584961     46.9060   24.584961      1.0914
   24.597168          55   24.597168           0   24.597168     46.8023   24.597168      1.1054
   24.609375          36   24.609375           0   24.609375     46.6989   24.609375     -1.7831
   24.621582          64   24.621582           0   24.621582     46.5956   24.621582      2.1755
   24.633789          45   24.633789           0   24.633789     46.4926   24.633789     -0.2225
   24.645996          50   24.645996           0   24.645996     46.3898   24.645996      0.5106
   24.658203          39   24.658203           0   24.658203     46.2873   24.658203     -1.1669
   24.670410          53   24.670410           0   24.670410     46.1849   24.670410      0.9361
   24.682617          54   24.682617           0   24.682617     46.0828   24.682617      1.0774
   24.694825          35   24.694825           0   24.694825     45.9809   24.694825     -1.8561
   24.707032          46   24.707032           0   24.707032     45.8793   24.707032      0.0178
   24.719239          42   24.719239           0   24.719239     45.7778   24.719239     -0.5829
   24.731446          45   24.731446           0   24.731446     45.6766   24.731446     -0.1009
   24.743653          44   24.743653           0   24.743653     45.5757   24.743653     -0.2375
   24.755860          54   24.755860           0   24.755860     45.4749   24.755860      1.1601
   24.768067          48   24.768067           0   24.768067     45.3744   24.768067      0.3790
   24.780274          51   24.780274           0   24.780274     45.2740   24.780274      0.8018
   24.792481          56   24.792481           0   24.792481     45.1740   24.792481      1.4467
   24.804688          45   24.804688           0   24.804688     45.0741   24.804688     -0.0110
   24.816895          45   24.816895           0   24.816895     44.9744   24.816895      0.0038
   24.829102          50   24.829102           0   24.829102     44.8786   24.829102      0.7243
   24.841309          53   24.841309           0   24.841309     44.7963   24.841309      1.1269
   24.853516          45   24.853516           0   24.853516     44.6972   24.853516      0.0451
   24.865723          49   24.865723           0   24.865723     44.5984   24.865723      0.6288
   24.877930          40   24.877930           1   24.877930     44.4998   24.877930     -0.7115
   24.890137          47   24.890137           0   24.890137     44.4014   24.890137      0.3790
   24.902344          49   24.902344           0   24.902344     44.3033   24.902344      0.6710
   24.914551          61   24.914551           0   24.914551     44.2053   24.914551      2.1503
   24.926758          45   24.926758           0   24.926758     44.1076   24.926758      0.1330
   24.938965          45   24.938965           0   24.938965     44.0101   24.938965      0.1476
   24.951172          47   24.951172           0   24.951172     43.9163   24.951172      0.4498
   24.963379          50   24.963379           0   24.963379     43.8397   24.963379      0.8712
   24.975586          45   24.975586           0   24.975586     43.7598   24.975586      0.1849
   24.987793          35   24.987793           0   24.987793     43.6630   24.987793     -1.4643
   25.000000          44   25.000000           1   25.000000     43.5665   25.000000      0.0654
   25.012207          54   25.012207           1   25.012207     43.4702   25.012207      1.4329
   25.024414          40   25.024414           0   25.024414     43.3741   25.024414     -0.5335
   25.036621          33   25.036621           0   25.036621     43.2782   25.036621     -1.7892
   25.048828          37   25.048828           0   25.048828     43.1825   25.048828     -1.0164
   25.061035          28   25.061035           0   25.061035     43.0870   25.061035     -2.8512
   25.073242          40   25.073242           0   25.073242     42.9918   25.073242     -0.4730
   25.085450          45   25.085450           0   25.085450     42.8967   25.085450      0.3135
   25.097657          43   25.097657           0   25.097657     42.8019   25.097657      0.0302
   25.109864          29   25.109864           0   25.109864     42.7073   25.109864     -2.5454
   25.122071          54   25.122071           0   25.122071     42.6128   25.122071      1.5496
   25.134278          54   25.134278           0   25.134278     42.5186   25.134278      1.5624
   25.146485          34   25.146485           0   25.146485     42.4246   25.146485     -1.4448
   25.158692          42   25.158692           0   25.158692     42.3308   25.158692     -0.0510
   25.170899          43   25.170899           0   25.170899     42.2372   25.170899      0.1163
   25.183106          30   25.183106           0   25.183106     42.1439   25.183106     -2.2172
   25.195313          35   25.195313           0   25.195313     42.0507   25.195313     -1.1918
   25.207520          45   25.207520           0   25.207520     41.9577   25.207520      0.4535
   25.219727          41   25.219727           0   25.219727     41.8650   25.219727     -0.1351
   25.231934          43   25.231934           0   25.231934     41.7724   25.231934      0.1872
   25.244141          48   25.244141           0   25.244141     41.6801   25.244141      0.9122
   25.256348          34   25.256348           0   25.256348     41.5879   25.256348     -1.3013
   25.268555          45   25.268555           0   25.268555     41.4960   25.268555      0.5223
   25.280762          55   25.280762           0   25.280762     41.4042   25.280762      1.8333
   25.292969          35   25.292969           0   25.292969     41.3127   25.292969     -1.0670
   25.305176          55   25.305176           0   25.305176     41.2214   25.305176      1.8579
   25.317383          43   25.317383           0   25.317383     41.1302   25.317383      0.2851
   25.329590          46   25.329590           0   25.329590     41.0393   25.329590      0.7314
   25.341797          45   25.341797           0   25.341797     40.9486   25.341797      0.6040
   25.354004          45   25.354004           0   25.354004     40.8580   25.354004      0.6174
   25.366211          38   25.366211           0   25.366211     40.7677   25.366211     -0.4490
   25.378418          46   25.378418           0   25.378418     40.6776   25.378418      0.7847
   25.390625          39   25.390625           0   25.390625     40.5876   25.390625     -0.2542
   25.402832          30   25.402832           0   25.402832     40.4979   25.402832     -1.9166
   25.415039          29   25.415039           0   25.415039     40.4084   25.415039     -2.1185
   25.427246          47   25.427246           0   25.427246     40.3190   25.427246      0.9745
   25.439453          51   25.439453           0   25.439453     40.2299   25.439453      1.5081
   25.451660          53   25.451660           0   25.451660     40.1410   25.451660      1.7663
   25.463867          40   25.463867           0   25.463867     40.0522   25.463867     -0.0083
   25.476075          37   25.476075           0   25.476075     39.9637   25.476075     -0.4872
   25.488282          42   25.488282           0   25.488282     39.8753   25.488282      0.3278
   25.500489          35   25.500489           0   25.500489     39.7872   25.500489     -0.8092
   25.512696          29   25.512696           0   25.512696     39.6992   25.512696     -1.9868
   25.524903          39   25.524903           0   25.524903     39.6114   25.524903     -0.0979
   25.537110          33   25.537110           0   25.537110     39.5239   25.537110     -1.1357
   25.549317          31   25.549317           0   25.549317     39.4365   25.549317     -1.5152
   25.561524          37   25.561524           0   25.561524     39.3493   25.561524     -0.3862
   25.573731          53   25.573731           0   25.573731     39.2623   25.573731      1.8870
   25.585938          30   25.585938           0   25.585938     39.1791   25.585938     -1.6759
   25.598145          43   25.598145           0   25.598145     39.1094   25.598145      0.5933
   25.610352          34   25.610352           0   25.610352     39.0229   25.610352     -0.8614
   25.622559          36   25.622559           0   25.622559     38.9366   25.622559     -0.4894
   25.634766          45   25.634766           1   25.634766     38.8506   25.634766      0.9167
   25.646973          35   25.646973           0   25.646973     38.7647   25.646973     -0.6363
   25.659180          42   25.659180           0   25.659180     38.6790   25.659180      0.5124
   25.671387          42   25.671387           0   25.671387     38.5934   25.671387      0.5256
   25.683594          35   25.683594           0   25.683594     38.5081   25.683594     -0.5930
   25.695801          42   25.695801           0   25.695801     38.4230   25.695801      0.5519
   25.708008          44   25.708008           0   25.708008     38.3416   25.708008      0.8530
   25.720215          38   25.720215           0   25.720215     38.2738   25.720215     -0.0444
   25.732422          41   25.732422           0   25.732422     38.1892   25.732422      0.4390
   25.744629          42   25.744629           0   25.744629     38.1047   25.744629      0.6011
   25.756836          39   25.756836           1   25.756836     38.0205   25.756836      0.1568
   25.769043          38   25.769043           0   25.769043     37.9364   25.769043      0.0103
   25.781250          31   25.781250           0   25.781250     37.8526   25.781250     -1.2308
   25.793457          37   25.793457           0   25.793457     37.7724   25.793457     -0.1270
   25.805664          37   25.805664           0   25.805664     37.7059   25.805664     -0.1160
   25.817871          44   25.817871           0   25.817871     37.6225   25.817871      0.9614
   25.830078          39   25.830078           0   25.830078     37.5393   25.830078      0.2339
   25.842285          35   25.842285           1   25.842285     37.4563   25.842285     -0.4152
   25.854492          39   25.854492           0   25.854492     37.3735   25.854492      0.2604
   25.866700          36   25.866700           0   25.866700     37.2909   25.866700     -0.2151
   25.878907          27   25.878907           0   25.878907     37.2084   25.878907     -1.9646
   25.891114          37   25.891114           0   25.891114     37.1262   25.891114     -0.0207
   25.903321          35   25.903321           0   25.903321     37.0441   25.903321     -0.3455
   25.915528          30   25.915528           0   25.915528     36.9658   25.915528     -1.2718
   25.927735          37   25.927735           0   25.927735     36.9010   25.927735      0.0163
   25.939942          29   25.939942           0   25.939942     36.8194   25.939942     -1.4520
   25.952149          44   25.952149           0   25.952149     36.7380   25.952149      1.0948
   25.964356          37   25.964356           1   25.964356     36.6603   25.964356      0.0558
   25.976563          30   25.976563           0   25.976563     36.5962   25.976563     -1.2043
   25.988770          44   25.988770           0   25.988770     36.5153   25.988770      1.1284
   26.000977          43   26.000977           0   26.000977     36.4346   26.000977      1.0012
   26.013184          31   26.013184           1   26.013184     36.3540   26.013184     -0.9616
   26.025391          39   26.025391           0   26.025391     36.2737   26.025391      0.4366
   26.037598          45   26.037598           0   26.037598     36.1935   26.037598      1.3128
   26.049805          28   26.049805           0   26.049805     36.1134   26.049805     -1.5333
   26.062012          35   26.062012           0   26.062012     36.0336   26.062012     -0.1747
   26.074219          44   26.074219           0   26.074219     35.9539   26.074219      1.2130
   26.086426          40   26.086426           0   26.086426     35.8744   26.086426      0.6523
   26.098633          35   26.098633           0   26.098633     35.7951   26.098633     -0.1344
   26.110840          35   26.110840           0   26.110840     35.7160   26.110840     -0.1210
   26.123047          47   26.123047           0   26.123047     35.6370   26.123047      1.6575
   26.135254          32   26.135254           0   26.135254     35.5583   26.135254     -0.6290
   26.147461          34   26.147461           0   26.147461     35.4796   26.147461     -0.2538
   26.159668          35   26.159668           0   26.159668     35.4012   26.159668     -0.0678
   26.171875          38   26.171875           0   26.171875     35.3229   26.171875      0.4343
   26.184082          44   26.184082           0   26.184082     35.2448   26.184082      1.3199
   26.196289          44   26.196289           0   26.196289     35.1669   26.196289      1.3316
   26.208496          33   26.208496           0   26.208496     35.0892   26.208496     -0.3637
   26.220703          46   26.220703           0   26.220703     35.0116   26.220703      1.6202
   26.232910          37   26.232910           0   26.232910     34.9342   26.232910      0.3396
   26.245117          36   26.245117           0   26.245117     34.8570   26.245117      0.1905
   26.257325          38   26.257325           0   26.257325     34.7799   26.257325      0.5224
   26.269532          38   26.269532           0   26.269532     34.7030   26.269532      0.5348
   26.281739          43   26.281739           0   26.281739     34.6263   26.281739      1.2770
   26.293946          27   26.293946           0   26.293946     34.5533   26.293946     -1.4536
   26.306153          40   26.306153           0   26.306153     34.4938   26.306153      0.8706
   26.318360          39   26.318360           0   26.318360     34.4176   26.318360      0.7338
   26.330567          32   26.330567           0   26.330567     34.3415   26.330567     -0.4139
   26.342774          34   26.342774           1   26.342774     34.2656   26.342774     -0.0455
   26.354981          26   26.354981           0   26.354981     34.1898   26.354981     -1.6062
   26.367188          28   26.367188           0   26.367188     34.1142   26.367188     -1.1555
   26.379395          38   26.379395           0   26.379395     34.0388   26.379395      0.6426
   26.391602          45   26.391602           0   26.391602     33.9635   26.391602      1.6452
   26.403809          35   26.403809           0   26.403809     33.8885   26.403809      0.1879
   26.416016          38   26.416016           0   26.416016     33.8135   26.416016      0.6791
   26.428223          36   26.428223           0   26.428223     33.7388   26.428223      0.3769
   26.440430          30   26.440430           0   26.440430     33.6677   26.440430     -0.6696
   26.452637          41   26.452637           0   26.452637     33.6102   26.452637      1.1541
   26.464844          31   26.464844           0   26.464844     33.5359   26.464844     -0.4555
   26.477051          33   26.477051           0   26.477051     33.4618   26.477051     -0.0804
   26.489258          27   26.489258           1   26.489258     33.3878   26.489258     -1.2293
   26.501465          29   26.501465           0   26.501465     33.3140   26.501465     -0.8011
   26.513672          39   26.513672           0   26.513672     33.2404   26.513672      0.9223
   26.525879          38   26.525879           0   26.525879     33.1669   26.525879      0.7840
   26.538086          29   26.538086           0   26.538086     33.0935   26.538086     -0.7602
   26.550293          34   26.550293           0   26.550293     33.0204   26.550293      0.1680
   26.562500          36   26.562500           0   26.562500     32.9474   26.562500      0.5088
   26.574707          41   26.574707           0   26.574707     32.8745   26.574707      1.2690
   26.586914          35   26.586914           0   26.586914     32.8019   26.586914      0.3716
   26.599121          44   26.599121           0   26.599121     32.7293   26.599121      1.6991
   26.611328          31   26.611328           0   26.611328     32.6605   26.611328     -0.2982
   26.623535          33   26.623535           0   26.623535     32.6053   26.623535      0.0687
   26.635742          24   26.635742           0   26.635742     32.5332   26.635742     -1.7418
   26.647950          35   26.647950           0   26.647950     32.4613   26.647950      0.4291
   26.660157          34   26.660157           1   26.660157     32.3895   26.660157      0.2762
   26.672364          36   26.672364           0   26.672364     32.3179   26.672364      0.6137
   26.684571          40   26.684571           0   26.684571     32.2464   26.684571      1.2259
   26.696778          41   26.696778           0   26.696778     32.1751   26.696778      1.3782
   26.708985          28   26.708985           0   26.708985     32.1040   26.708985     -0.7756
   26.721192          33   26.721192           0   26.721192     32.0366   26.721192      0.1677
   26.733399          37   26.733399           0   26.733399     31.9827   26.733399      0.8248
   26.745606          29   26.745606           0   26.745606     31.9120   26.745606     -0.5407
   26.757813          37   26.757813           0   26.757813     31.8414   26.757813      0.8481
   26.770020          39   26.770020           1   26.770020     31.7710   26.770020      1.1576
   26.782227          30   26.782227           0   26.782227     31.7044   26.782227     -0.3112
   26.794434          25   26.794434           0   26.794434     31.6512   26.794434     -1.3302
   26.806641          30   26.806641           0   26.806641     31.5812   26.806641     -0.2887
   26.818848          39   26.818848           0   26.818848     31.5114   26.818848      1.1991
   26.831055          30   26.831055           1   26.831055     31.4417   26.831055     -0.2632
   26.843262          28   26.843262           0   26.843262     31.3722   26.843262     -0.6373
   26.855469          33   26.855469           0   26.855469     31.3029   26.855469      0.2954
   26.867676          40   26.867676           0   26.867676     31.2337   26.867676      1.3861
   26.879883          27   26.879883           0   26.879883     31.1646   26.879883     -0.8015
   26.892090          34   26.892090           0   26.892090     31.0957   26.892090      0.4981
   26.904297          35   26.904297           0   26.904297     31.0270   26.904297      0.6716
   26.916504          32   26.916504           0   26.916504     30.9584   26.916504      0.1841
   26.928711          40   26.928711           0   26.928711     30.8899   26.928711      1.4404
   26.940918          25   26.940918           0   26.940918     30.8216   26.940918     -1.1643
   26.953125          34   26.953125           0   26.953125     30.7535   26.953125      0.5568
   26.965332          31   26.965332           0   26.965332     30.6855   26.965332      0.0565
   26.977539          33   26.977539           0   26.977539     30.6177   26.977539      0.4147
   26.989746          28   26.989746           0   26.989746     30.5500   26.989746     -0.4819
   27.001953          34   27.001953           0   27.001953     30.4824   27.001953      0.6033
   27.014160          41   27.014160           0   27.014160     30.4150   27.014160      1.6531
   27.026368          22   27.026368           0   27.026368     30.3478   27.026368     -1.7798
   27.038575          37   27.038575           0   27.038575     30.2807   27.038575      1.1046
   27.050782          22   27.050782           0   27.050782     30.2138   27.050782     -1.7512
   27.062989          30   27.062989           0   27.062989     30.1470   27.062989     -0.0268
   27.075196          39   27.075196           0   27.075196     30.0803   27.075196      1.4283
   27.087403          42   27.087403           0   27.087403     30.0138   27.087403      1.8495
   27.099610          29   27.099610           0   27.099610     29.9510   27.099610     -0.1766
   27.111817          28   27.111817           0   27.111817     29.9017   27.111817     -0.3594
   27.124024          29   27.124024           0   27.124024     29.8356   27.124024     -0.1552
   27.136231          23   27.136231           0   27.136231     29.7697   27.136231     -1.4116
   27.148438          38   27.148438           1   27.148438     29.7038   27.148438      1.3458
   27.160645          34   27.160645           0   27.160645     29.6382   27.160645      0.7480
   27.172852          33   27.172852           0   27.172852     29.5727   27.172852      0.5966
   27.185059          20   27.185059           0   27.185059     29.5073   27.185059     -2.1259
   27.197266          26   27.197266           0   27.197266     29.4420   27.197266     -0.6750
   27.209473          25   27.209473           0   27.209473     29.3769   27.209473     -0.8754
   27.221680          41   27.221680           0   27.221680     29.3156   27.221680      1.8248
   27.233887          15   27.233887           0   27.233887     29.2677   27.233887     -3.6839
   27.246094          33   27.246094           0   27.246094     29.2030   27.246094      0.6610
   27.258301          34   27.258301           0   27.258301     29.1384   27.258301      0.8338
   27.270508          22   27.270508           1   27.270508     29.0740   27.270508     -1.5082
   27.282715          32   27.282715           0   27.282715     29.0097   27.282715      0.5286
   27.294922          29   27.294922           0   27.294922     28.9456   27.294922      0.0101
   27.307129          28   27.307129           0   27.307129     28.8816   27.307129     -0.1666
   27.319336          27   27.319336           0   27.319336     28.8177   27.319336     -0.3498
   27.331543          33   27.331543           0   27.331543     28.7540   27.331543      0.7391
   27.343750          34   27.343750           0   27.343750     28.6905   27.343750      0.9106
   27.355957          28   27.355957           0   27.355957     28.6270   27.355957     -0.1185
   27.368164          32   27.368164           0   27.368164     28.5637   27.368164      0.6075
   27.380371          43   27.380371           0   27.380371     28.5006   27.380371      2.2111
   27.392578          25   27.392578           0   27.392578     28.4376   27.392578     -0.6875
   27.404785          29   27.404785           0   27.404785     28.3747   27.404785      0.1161
   27.416993          21   27.416993           0   27.416993     28.3120   27.416993     -1.5956
   27.429200          38   27.429200           0   27.429200     28.2494   27.429200      1.5818
   27.441407          27   27.441407           0   27.441407     28.1869   27.441407     -0.2284
   27.453614          30   27.453614           0   27.453614     28.1246   27.453614      0.3424
   27.465821          34   27.465821           0   27.465821     28.0624   27.465821      1.0183
   27.478028          18   27.478028           0   27.478028     28.0004   27.478028     -2.3571
   27.490235          28   27.490235           0   27.490235     27.9385   27.490235      0.0116
   27.502442          26   27.502442           0   27.502442     27.8767   27.502442     -0.3681
   27.514649          23   27.514649           0   27.514649     27.8187   27.514649     -1.0048
   27.526856          25   27.526856           0   27.526856     27.7741   27.526856     -0.5548
   27.539063          35   27.539063           0   27.539063     27.7127   27.539063      1.2318
   27.551270          23   27.551270           0   27.551270     27.6514   27.551270     -0.9699
   27.563477          25   27.563477           1   27.563477     27.5903   27.563477     -0.5181
   27.575684          20   27.575684           0   27.575684     27.5293   27.575684     -1.6836
   27.587891          26   27.587891           0   27.587891     27.4684   27.587891     -0.2880
   27.600098          33   27.600098           0   27.600098     27.4112   27.600098      0.9729
   27.612305          47   27.612305           0   27.612305     27.3676   27.612305      2.8637
   27.624512          41   27.624512           0   27.624512     27.3071   27.624512      2.1385
   27.636719          32   27.636719           0   27.636719     27.2467   27.636719      0.8403
   27.648926          22   27.648926           1   27.648926     27.1865   27.648926     -1.1058
   27.661133          26   27.661133           0   27.661133     27.1264   27.661133     -0.2209
   27.673340          29   27.673340           0   27.673340     27.0664   27.673340      0.3591
   27.685547          27   27.685547           0   27.685547     27.0066   27.685547     -0.0013
   27.697754          37   27.697754           0   27.697754     26.9468   27.697754      1.6527
   27.709961          28   27.709961           0   27.709961     26.8873   27.709961      0.2103
   27.722168          24   27.722168           0   27.722168     26.8278   27.722168     -0.5772
   27.734375          38   27.734375           0   27.734375     26.7685   27.734375      1.8220
   27.746582          27   27.746582           0   27.746582     26.7093   27.746582      0.0559
   27.758789          27   27.758789           0   27.758789     26.6503   27.758789      0.0673
   27.770996          20   27.770996           0   27.770996     26.5914   27.770996     -1.4739
   27.783203          32   27.783203           0   27.783203     26.5326   27.783203      0.9665
   27.795410          22   27.795410           0   27.795410     26.4739   27.795410     -0.9538
   27.807618          29   27.807618           0   27.807618     26.4154   27.807618      0.4799
   27.819825          28   27.819825           0   27.819825     26.3570   27.819825      0.3105
   27.832032          26   27.832032           0   27.832032     26.2987   27.832032     -0.0586
   27.844239          30   27.844239           0   27.844239     26.2406   27.844239      0.6864
   27.856446          23   27.856446           0   27.856446     26.1826   27.856446     -0.6636
   27.868653          27   27.868653           0   27.868653     26.1247   27.868653      0.1685
   27.880860          27   27.880860           0   27.880860     26.0669   27.880860      0.1796
   27.893067          19   27.893067           0   27.893067     26.0093   27.893067     -1.6080
   27.905274          25   27.905274           0   27.905274     25.9518   27.905274     -0.1904
   27.917481          17   27.917481           0   27.917481     25.8944   27.917481     -2.1572
   27.929688          29   27.929688           0   27.929688     25.8372   27.929688      0.5873
   27.941895          25   27.941895           0   27.941895     25.7801   27.941895     -0.1560
   27.954102          29   27.954102           0   27.954102     25.7231   27.954102      0.6085
   27.966309          34   27.966309           0   27.966309     25.6662   27.966309      1.4292
   27.978516          25   27.978516           0   27.978516     25.6094   27.978516     -0.1219
   27.990723          22   27.990723           0   27.990723     25.5528   27.990723     -0.7575
   28.002930          20   28.002930           0   28.002930     25.4963   28.002930     -1.2290
   28.015137          23   28.015137           0   28.015137     25.4400   28.015137     -0.5088
   28.027344          27   28.027344           0   28.027344     25.3873   28.027344      0.3104
   28.039551          27   28.039551           0   28.039551     25.3481   28.039551      0.3179
   28.051758          26   28.051758           0   28.051758     25.2920   28.051758      0.1388
   28.063965          30   28.063965           0   28.063965     25.2361   28.063965      0.8698
   28.076172          33   28.076172           1   28.076172     25.1839   28.076172      1.3606
   28.088379          27   28.088379           0   28.088379     25.1452   28.088379      0.3570
   28.100586          27   28.100586           0   28.100586     25.0896   28.100586      0.3677
   28.112793          30   28.112793           0   28.112793     25.0341   28.112793      0.9066
   28.125000          23   28.125000           1   28.125000     24.9787   28.125000     -0.4126
   28.137207          23   28.137207           0   28.137207     24.9235   28.137207     -0.4011
   28.149414          31   28.149414           0   28.149414     24.8684   28.149414      1.1013
   28.161621          20   28.161621           0   28.161621     24.8134   28.161621     -1.0763
   28.173828          24   28.173828           0   28.173828     24.7586   28.173828     -0.1548
   28.186035          31   28.186035           0   28.186035     24.7038   28.186035      1.1308
   28.198243          20   28.198243           0   28.198243     24.6492   28.198243     -1.0396
   28.210450          30   28.210450           0   28.210450     24.5947   28.210450      0.9869
   28.222657          17   28.222657           0   28.222657     24.5404   28.222657     -1.8288
   28.234864          28   28.234864           0   28.234864     24.4861   28.234864      0.6641
   28.247071          33   28.247071           0   28.247071     24.4320   28.247071      1.4915
   28.259278          38   28.259278           0   28.259278     24.3780   28.259278      2.2098
   28.271485          22   28.271485           0   28.271485     24.3241   28.271485     -0.4955
   28.283692          21   28.283692           0   28.283692     24.2703   28.283692     -0.7136
   28.295899          20   28.295899           0   28.295899     24.2166   28.295899     -0.9429
   28.308106          22   28.308106           0   28.308106     24.1631   28.308106     -0.4612
   28.320313          26   28.320313           0   28.320313     24.1097   28.320313      0.3707
   28.332520          32   28.332520           0   28.332520     24.0564   28.332520      1.4042
   28.344727          21   28.344727           0   28.344727     24.0032   28.344727     -0.6553
   28.356934          20   28.356934           0   28.356934     23.9501   28.356934     -0.8833
   28.369141          23   28.369141           0   28.369141     23.8972   28.369141     -0.1871
   28.381348          34   28.381348           0   28.381348     23.8443   28.381348      1.7417
   28.393555          21   28.393555           0   28.393555     23.7916   28.393555     -0.6092
   28.405762          16   28.405762           0   28.405762     23.7390   28.405762     -1.9348
   28.417969          16   28.417969           0   28.417969     23.6865   28.417969     -1.9216
   28.430176          29   28.430176           0   28.430176     23.6342   28.430176      0.9964
   28.442383          18   28.442383           0   28.442383     23.5819   28.442383     -1.3157
   28.454590          25   28.454590           0   28.454590     23.5298   28.454590      0.2940
   28.466797          21   28.466797           0   28.466797     23.4778   28.466797     -0.5407
   28.479004          22   28.479004           0   28.479004     23.4259   28.479004     -0.3040
   28.491211          25   28.491211           0   28.491211     23.3741   28.491211      0.3252
   28.503418          26   28.503418           0   28.503418     23.3224   28.503418      0.5251
   28.515625          21   28.515625           0   28.515625     23.2708   28.515625     -0.4955
   28.527832          25   28.527832           0   28.527832     23.2194   28.527832      0.3561
   28.540039          22   28.540039           0   28.540039     23.1681   28.540039     -0.2490
   28.552246          24   28.552246           0   28.552246     23.1168   28.552246      0.1803
   28.564453          19   28.564453           0   28.564453     23.0657   28.564453     -0.9327
   28.576660          18   28.576660           0   28.576660     23.0147   28.576660     -1.1820
   28.588868          21   28.588868           0   28.588868     22.9639   28.588868     -0.4285
   28.601075          30   28.601075           0   28.601075     22.9131   28.601075      1.2939
   28.613282          27   28.613282           0   28.613282     22.8624   28.613282      0.7963
   28.625489          31   28.625489           0   28.625489     22.8119   28.625489      1.4706
   28.637696          27   28.637696           0   28.637696     22.7615   28.637696      0.8157
   28.649903          26   28.649903           0   28.649903     22.7111   28.649903      0.6450
   28.662110          21   28.662110           0   28.662110     22.6609   28.662110     -0.3624
   28.674317          19   28.674317           0   28.674317     22.6108   28.674317     -0.8284
   28.686524          20   28.686524           0   28.686524     22.5608   28.686524     -0.5726
   28.698731          21   28.698731           0   28.698731     22.5110   28.698731     -0.3297
   28.710938          28   28.710938           0   28.710938     22.4612   28.710938      1.0467
   28.723145          20   28.723145           0   28.723145     22.4115   28.723145     -0.5392
   28.735352          20   28.735352           0   28.735352     22.3620   28.735352     -0.5282
   28.747559          21   28.747559           0   28.747559     22.3125   28.747559     -0.2864
   28.759766          22   28.759766           0   28.759766     22.2668   28.759766     -0.0569
   28.771973          17   28.771973           0   28.771973     22.2345   28.771973     -1.2695
   28.784180          21   28.784180           0   28.784180     22.1853   28.784180     -0.2587
   28.796387          29   28.796387           0   28.796387     22.1363   28.796387      1.2746
   28.808594          30   28.808594           1   28.808594     22.0873   28.808594      1.4446
   28.820801          20   28.820801           0   28.820801     22.0385   28.820801     -0.4558
   28.833008          19   28.833008           0   28.833008     21.9898   28.833008     -0.6859
   28.845215          30   28.845215           0   28.845215     21.9412   28.845215      1.4713
   28.857422          37   28.857422           0   28.857422     21.8927   28.857422      2.4836
   28.869629          17   28.869629           0   28.869629     21.8443   28.869629     -1.1749
   28.881836          22   28.881836           0   28.881836     21.7960   28.881836      0.0435
   28.894043          18   28.894043           0   28.894043     21.7478   28.894043     -0.8834
   28.906250          34   28.906250           0   28.906250     21.6997   28.906250      2.1095
   28.918457          18   28.918457           0   28.918457     21.6517   28.918457     -0.8607
   28.930664          17   28.930664           0   28.930664     21.6039   28.930664     -1.1166
   28.942871          20   28.942871           0   28.942871     21.5561   28.942871     -0.3480
   28.955078          23   28.955078           0   28.955078     21.5084   28.955078      0.3110
   28.967285          19   28.967285           0   28.967285     21.4609   28.967285     -0.5646
   28.979493          17   28.979493           0   28.979493     21.4134   28.979493     -1.0704
   28.991700          30   28.991700           0   28.991700     21.3661   28.991700      1.5763
   29.003907          17   29.003907           0   29.003907     21.3189   29.003907     -1.0475
   29.016114          21   29.016114           0   29.016114     21.2717   29.016114     -0.0593
   29.028321          27   29.028321           0   29.028321     21.2247   29.028321      1.1115
   29.040528          21   29.040528           0   29.040528     21.1778   29.040528     -0.0388
   29.052735          19   29.052735           0   29.052735     21.1310   29.052735     -0.4889
   29.064942          19   29.064942           0   29.064942     21.0842   29.064942     -0.4782
   29.077149          18   29.077149           0   29.077149     21.0376   29.077149     -0.7160
   29.089356          24   29.089356           0   29.089356     20.9911   29.089356      0.6142
   29.101563          13   29.101563           0   29.101563     20.9447   29.101563     -2.2035
   29.113770          33   29.113770           0   29.113770     20.8984   29.113770      2.1066
   29.125977          26   29.125977           0   29.125977     20.8522   29.125977      1.0096
   29.138184          26   29.138184           0   29.138184     20.8061   29.138184      1.0186
   29.150391          24   29.150391           0   29.150391     20.7601   29.150391      0.6613
   29.162598          21   29.162598           0   29.162598     20.7142   29.162598      0.0624
   29.174805          17   29.174805           0   29.174805     20.6684   29.174805     -0.8897
   29.187012          24   29.187012           0   29.187012     20.6227   29.187012      0.6894
   29.199219          21   29.199219           0   29.199219     20.5771   29.199219      0.0923
   29.211426          32   29.211426           0   29.211426     20.5387   29.211426      2.0261
   29.223633          22   29.223633           0   29.223633     20.5272   29.223633      0.3140
   29.235840          20   29.235840           0   29.235840     20.4818   29.235840     -0.1077
   29.248047          25   29.248047           0   29.248047     20.4365   29.248047      0.9127
   29.260254          18   29.260254           2   29.260254     20.3914   29.260254     -0.5636
   29.272461          16   29.272461           0   29.272461     20.3498   29.272461     -1.0875
   29.284668          18   29.284668           0   29.284668     20.3218   29.284668     -0.5472
   29.296875          24   29.296875           0   29.296875     20.2769   29.296875      0.7600
   29.309082          20   29.309082           0   29.309082     20.2320   29.309082     -0.0519
   29.321289          23   29.321289           1   29.321289     20.1873   29.321289      0.5865
   29.333496          18   29.333496           0   29.333496     20.1427   29.333496     -0.5050
   29.345703          20   29.345703           0   29.345703     20.0981   29.345703     -0.0219
   29.357910          23   29.357910           0   29.357910     20.0537   29.357910      0.6143
   29.370118          18   29.370118           0   29.370118     20.0094   29.370118     -0.4736
   29.382325          11   29.382325           0   29.382325     19.9651   29.382325     -2.7031
   29.394532          27   29.394532           0   29.394532     19.9210   29.394532      1.3624
   29.406739          19   29.406739           0   29.406739     19.8769   29.406739     -0.2012
   29.418946          22   29.418946           0   29.418946     19.8330   29.418946      0.4620
   29.431153          26   29.431153           0   29.431153     19.7892   29.431153      1.2180
   29.443360          17   29.443360           0   29.443360     19.7454   29.443360     -0.6659
   29.455567          16   29.455567           0   29.455567     19.7017   29.455567     -0.9254
   29.467774          17   29.467774           0   29.467774     19.6582   29.467774     -0.6447
   29.479981          26   29.479981           0   29.479981     19.6147   29.479981      1.2523
   29.492188          13   29.492188           0   29.492188     19.5714   29.492188     -1.8226
   29.504395          18   29.504395           0   29.504395     19.5281   29.504395     -0.3602
   29.516602          22   29.516602           0   29.516602     19.4849   29.516602      0.5362
   29.528809          22   29.528809           0   29.528809     19.4454   29.528809      0.5446
   29.541016          24   29.541016           0   29.541016     19.4193   29.541016      0.9350
   29.553223          18   29.553223           0   29.553223     19.3764   29.553223     -0.3244
   29.565430          29   29.565430           0   29.565430     19.3336   29.565430      1.7950
   29.577637          18   29.577637           1   29.577637     19.2908   29.577637     -0.3043
   29.589844          18   29.589844           0   29.589844     19.2482   29.589844     -0.2942
   29.602051          18   29.602051           0   29.602051     19.2056   29.602051     -0.2842
   29.614258          19   29.614258           0   29.614258     19.1632   29.614258     -0.0374
   29.626465          13   29.626465           0   29.626465     19.1208   29.626465     -1.6976
   29.638672          15   29.638672           0   29.638672     19.0785   29.638672     -1.0531
   29.650879          20   29.650879           0   29.650879     19.0364   29.650879      0.2155
   29.663086          23   29.663086           0   29.663086     18.9943   29.663086      0.8353
   29.675293          25   29.675293           0   29.675293     18.9523   29.675293      1.2095
   29.687500          15   29.687500           0   29.687500     18.9104   29.687500     -1.0097
   29.699707          24   29.699707           0   29.699707     18.8686   29.699707      1.0474
   29.711914          19   29.711914           0   29.711914     18.8269   29.711914      0.0397
   29.724121          19   29.724121           0   29.724121     18.7852   29.724121      0.0493
   29.736328          23   29.736328           0   29.736328     18.7437   29.736328      0.8875
   29.748536          15   29.748536           0   29.748536     18.7023   29.748536     -0.9559
   29.760743          15   29.760743           0   29.760743     18.6609   29.760743     -0.9452
   29.772950          18   29.772950           0   29.772950     18.6197   29.772950     -0.1461
   29.785157          23   29.785157           0   29.785157     18.5785   29.785157      0.9219
   29.797364          13   29.797364           0   29.797364     18.5374   29.797364     -1.5358
   29.809571          18   29.809571           0   29.809571     18.4964   29.809571     -0.1170
   29.821778          21   29.821778           0   29.821778     18.4555   29.821778      0.5552
   29.833985          20   29.833985           0   29.833985     18.4147   29.833985      0.3545
   29.846192          16   29.846192           0   29.846192     18.3740   29.846192     -0.5935
   29.858399          15   29.858399           0   29.858399     18.3334   29.858399     -0.8607
   29.870606          12   29.870606           0   29.870606     18.2929   29.870606     -1.8166
   29.882813          19   29.882813           0   29.882813     18.2524   29.882813      0.1715
   29.895020          12   29.895020           0   29.895020     18.2121   29.895020     -1.7933
   29.907227          20   29.907227           0   29.907227     18.1718   29.907227      0.4088
   29.919434          21   29.919434           0   29.919434     18.1316   29.919434      0.6259
   29.931641          19   29.931641           0   29.931641     18.0916   29.931641      0.2084
   29.943848          19   29.943848           0   29.943848     18.0516   29.943848      0.2176
   29.956055          22   29.956055           0   29.956055     18.0117   29.956055      0.8503
   29.968262          22   29.968262           0   29.968262     17.9718   29.968262      0.8588
   29.980469          20   29.980469           0   29.980469     17.9321   29.980469      0.4624
   29.992676          14   29.992676           0   29.992676     17.8925   29.992676     -1.0403
   30.004883          18   30.004883           0   30.004883     17.8529   30.004883      0.0347
   30.017090          18   30.017090           0   30.017090     17.8134   30.017090      0.0440
   30.029297          17   30.029297           0   30.029297     17.7740   30.029297     -0.1877
   30.041504          17   30.041504           0   30.041504     17.7348   30.041504     -0.1782
   30.053711          18   30.053711           0   30.053711     17.6955   30.053711      0.0718
   30.065918          25   30.065918           0   30.065918     17.6564   30.065918      1.4687
   30.078125          24   30.078125           0   30.078125     17.6174   30.078125      1.3028
   30.090332          17   30.090332           0   30.090332     17.5784   30.090332     -0.1403
   30.102539          19   30.102539           0   30.102539     17.5396   30.102539      0.3350
   30.114746          17   30.114746           0   30.114746     17.5008   30.114746     -0.1215
   30.126953          17   30.126953           0   30.126953     17.4621   30.126953     -0.1121
   30.139161          20   30.139161           0   30.139161     17.4235   30.139161      0.5761
   30.151368          23   30.151368           0   30.151368     17.3850   30.151368      1.1708
   30.163575          22   30.163575           0   30.163575     17.3465   30.163575      0.9921
   30.175782          18   30.175782           0   30.175782     17.3082   30.175782      0.1631
   30.187989          20   30.187989           0   30.187989     17.2699   30.187989      0.6105
   30.200196          15   30.200196           0   30.200196     17.2318   30.200196     -0.5762
   30.212403          29   30.212403           0   30.212403     17.1937   30.212403      2.1924
   30.224610          21   30.224610           0   30.224610     17.1592   30.224610      0.8381
   30.236817          16   30.236817           0   30.236817     17.1382   30.236817     -0.2845
   30.249024          19   30.249024           0   30.249024     17.1039   30.249024      0.4350
   30.261231          20   30.261231           0   30.261231     17.0830   30.261231      0.6523
   30.273438           8   30.273438           1   30.273438     17.0452   30.273438     -3.1980
   30.285645          12   30.285645           0   30.285645     17.0075   30.285645     -1.4456
   30.297852          14   30.297852           1   30.297852     16.9699   30.297852     -0.7937
   30.310059          15   30.310059           0   30.310059     16.9324   30.310059     -0.4989
   30.322266          20   30.322266           0   30.322266     16.8950   30.322266      0.6943
   30.334473          20   30.334473           0   30.334473     16.8576   30.334473      0.7027
   30.346680          20   30.346680           0   30.346680     16.8204   30.346680      0.7110
   30.358887          23   30.358887           0   30.358887     16.7832   30.358887      1.2963
   30.371094          22   30.371094           0   30.371094     16.7461   30.371094      1.1201
   30.383301          13   30.383301           0   30.383301     16.7090   30.383301     -1.0287
   30.395508          18   30.395508           0   30.395508     16.6721   30.395508      0.3130
   30.407715          13   30.407715           0   30.407715     16.6352   30.407715     -1.0082
   30.419922          22   30.419922           0   30.419922     16.5985   30.419922      1.1516
   30.432129          17   30.432129           0   30.432129     16.5618   30.432129      0.1063
   30.444336          25   30.444336           0   30.444336     16.5252   30.444336      1.6950
   30.456543          18   30.456543           0   30.456543     16.4886   30.456543      0.3562
   30.468750          19   30.468750           0   30.468750     16.4522   30.468750      0.5845
   30.480957          14   30.480957           0   30.480957     16.4158   30.480957     -0.6456
   30.493164          13   30.493164           0   30.493164     16.3795   30.493164     -0.9373
   30.505371          14   30.505371           0   30.505371     16.3433   30.505371     -0.6263
   30.517578          14   30.517578           0   30.517578     16.3072   30.517578     -0.6166
   30.529786          13   30.529786           0   30.529786     16.2711   30.529786     -0.9072
   30.541993          17   30.541993           0   30.541993     16.2351   30.541993      0.1855
   30.554200          22   30.554200           0   30.554200     16.1992   30.554200      1.2367
   30.566407          18   30.566407           0   30.566407     16.1634   30.566407      0.4329
   30.578614          14   30.578614           0   30.578614     16.1277   30.578614     -0.5687
   30.590821          23   30.590821           0   30.590821     16.0920   30.590821      1.4404
   30.603028          17   30.603028           0   30.603028     16.0565   30.603028      0.2288
   30.615235          19   30.615235           0   30.615235     16.0210   30.615235      0.6834
   30.627442          12   30.627442           0   30.627442     15.9855   30.627442     -1.1505
   30.639649          18   30.639649           0   30.639649     15.9502   30.639649      0.4831
   30.651856          19   30.651856           0   30.651856     15.9149   30.651856      0.7078
   30.664063          21   30.664063           0   30.664063     15.8798   30.664063      1.1173
   30.676270          18   30.676270           0   30.676270     15.8447   30.676270      0.5080
   30.688477          11   30.688477           0   30.688477     15.8096   30.688477     -1.4502
   30.700684          20   30.700684           0   30.700684     15.7747   30.700684      0.9448
   30.712891          20   30.712891           0   30.712891     15.7398   30.712891      0.9526
   30.725098          13   30.725098           0   30.725098     15.7050   30.725098     -0.7502
   30.737305          19   30.737305           0   30.737305     15.6738   30.737305      0.7631
   30.749512          19   30.749512           0   30.749512     15.6561   30.749512      0.7671
   30.761719          24   30.761719           0   30.761719     15.6215   30.761719      1.7103
   30.773926          14   30.773926           0   30.773926     15.5870   30.773926     -0.4241
   30.786133          19   30.786133           1   30.786133     15.5525   30.786133      0.7909
   30.798340          12   30.798340           0   30.798340     15.5181   30.798340     -1.0156
   30.810547          23   30.810547           0   30.810547     15.4838   30.810547      1.5672
   30.822754          18   30.822754           0   30.822754     15.4496   30.822754      0.6011
   30.834961          19   30.834961           0   30.834961     15.4154   30.834961      0.8224
   30.847168          16   30.847168           0   30.847168     15.3813   30.847168      0.1547
   30.859375          15   30.859375           0   30.859375     15.3509   30.859375     -0.0906
   30.871582          11   30.871582           0   30.871582     15.3339   30.871582     -1.3067
   30.883789          17   30.883789           0   30.883789     15.3000   30.883789      0.4123
   30.895996          16   30.895996           0   30.895996     15.2662   30.895996      0.1835
   30.908203          17   30.908203           1   30.908203     15.2324   30.908203      0.4287
   30.920411          17   30.920411           0   30.920411     15.1987   30.920411      0.4369
   30.932618          18   30.932618           0   30.932618     15.1651   30.932618      0.6682
   30.944825          14   30.944825           0   30.944825     15.1316   30.944825     -0.3024
   30.957032          12   30.957032           0   30.957032     15.0982   30.957032     -0.8944
   30.969239          17   30.969239           0   30.969239     15.0648   30.969239      0.4694
   30.981446          14   30.981446           0   30.981446     15.0315   30.981446     -0.2757
   30.993653          21   30.993653           0   30.993653     14.9982   30.993653      1.3097
   31.005860          16   31.005860           0   31.005860     14.9651   31.005860      0.2587
   31.018067          15   31.018067           0   31.018067     14.9320   31.018067      0.0176
   31.030274          16   31.030274           0   31.030274     14.8990   31.030274      0.2753
   31.042481          15   31.042481           0   31.042481     14.8660   31.042481      0.0346
   31.054688          12   31.054688           0   31.054688     14.8332   31.054688     -0.8179
   31.066895          16   31.066895           0   31.066895     14.8004   31.066895      0.2999
   31.079102          20   31.079102           0   31.079102     14.7677   31.079102      1.1700
   31.091309          20   31.091309           0   31.091309     14.7350   31.091309      1.1773
   31.103516          10   31.103516           0   31.103516     14.7024   31.103516     -1.4870
   31.115723          22   31.115723           0   31.115723     14.6699   31.115723      1.5628
   31.127930          15   31.127930           0   31.127930     14.6375   31.127930      0.0936
   31.140137          12   31.140137           0   31.140137     14.6087   31.140137     -0.7531
   31.152344          17   31.152344           0   31.152344     14.5933   31.152344      0.5837
   31.164551          14   31.164551           0   31.164551     14.5611   31.164551     -0.1500
   31.176758          15   31.176758           0   31.176758     14.5324   31.176758      0.1207
   31.188965          10   31.188965           1   31.188965     14.5172   31.188965     -1.4285
   31.201172          15   31.201172           0   31.201172     14.4851   31.201172      0.1329
   31.213379          16   31.213379           0   31.213379     14.4531   31.213379      0.3867
   31.225586          15   31.225586           1   31.225586     14.4212   31.225586      0.1495
   31.237793          15   31.237793           0   31.237793     14.3893   31.237793      0.1577
   31.250000          17   31.250000           0   31.250000     14.3575   31.250000      0.6409
   31.262207          22   31.262207           0   31.262207     14.3257   31.262207      1.6362
   31.274414          20   31.274414           0   31.274414     14.2941   31.274414      1.2759
   31.286621          15   31.286621           0   31.286621     14.2660   31.286621      0.1895
   31.298828           6   31.298828           0   31.298828     14.2514   31.298828     -3.3686
   31.311036          12   31.311036           0   31.311036     14.2199   31.311036     -0.6408
   31.323243          16   31.323243           0   31.323243     14.1885   31.323243      0.4529
   31.335450          15   31.335450           1   31.335450     14.1571   31.335450      0.2176
   31.347657          13   31.347657           0   31.347657     14.1258   31.347657     -0.3122
   31.359864          13   31.359864           0   31.359864     14.0946   31.359864     -0.3036
   31.372071          13   31.372071           0   31.372071     14.0634   31.372071     -0.2949
   31.384278          17   31.384278           0   31.384278     14.0323   31.384278      0.7198
   31.396485           9   31.396485           0   31.396485     14.0013   31.396485     -1.6671
   31.408692          23   31.408692           0   31.408692     13.9703   31.408692      1.8828
   31.420899          12   31.420899           0   31.420899     13.9395   31.420899     -0.5599
   31.433106          20   31.433106           0   31.433106     13.9086   31.433106      1.3621
   31.445313          10   31.445313           0   31.445313     13.8779   31.445313     -1.2263
   31.457520          14   31.457520           0   31.457520     13.8472   31.457520      0.0408
   31.469727           9   31.469727           0   31.469727     13.8166   31.469727     -1.6055
   31.481934          19   31.481934           0   31.481934     13.7860   31.481934      1.1962
   31.494141          13   31.494141           0   31.494141     13.7556   31.494141     -0.2096
   31.506348          15   31.506348           0   31.506348     13.7252   31.506348      0.3292
   31.518555          15   31.518555           0   31.518555     13.7019   31.518555      0.3352
   31.530762          18   31.530762           0   31.530762     13.7055   31.530762      1.0122
   31.542969          14   31.542969           0   31.542969     13.6752   31.542969      0.0868
   31.555176          13   31.555176           0   31.555176     13.6450   31.555176     -0.1789
   31.567383          13   31.567383           2   31.567383     13.6148   31.567383     -0.1705
   31.579590          19   31.579590           0   31.579590     13.5847   31.579590      1.2424
   31.591797           9   31.591797           0   31.591797     13.5547   31.591797     -1.5182
   31.604004          14   31.604004           0   31.604004     13.5247   31.604004      0.1270
   31.616211          13   31.616211           0   31.616211     13.4948   31.616211     -0.1372
   31.628418          12   31.628418           0   31.628418     13.4650   31.628418     -0.4229
   31.640625          14   31.640625           0   31.640625     13.4352   31.640625      0.1509
   31.652832          10   31.652832           0   31.652832     13.4055   31.652832     -1.0769
   31.665039          17   31.665039           0   31.665039     13.3794   31.665039      0.8781
   31.677246          14   31.677246           0   31.677246     13.3668   31.677246      0.1692
   31.689453          18   31.689453           0   31.689453     13.3372   31.689453      1.0990
   31.701661          10   31.701661           0   31.701661     13.3077   31.701661     -1.0460
   31.713868          12   31.713868           1   31.713868     13.2783   31.713868     -0.3690
   31.726075          11   31.726075           0   31.726075     13.2490   31.726075     -0.6781
   31.738282           8   31.738282           0   31.738282     13.2197   31.738282     -1.8454
   31.750489          15   31.750489           0   31.750489     13.1904   31.750489      0.4672
   31.762696          17   31.762696           0   31.762696     13.1613   31.762696      0.9310
   31.774903          12   31.774903           0   31.774903     13.1322   31.774903     -0.3268
   31.787110          14   31.787110           0   31.787110     13.1067   31.787110      0.2387
   31.799317          14   31.799317           0   31.799317     13.0947   31.799317      0.2420
   31.811524          19   31.811524           0   31.811524     13.0657   31.811524      1.3614
   31.823731          10   31.823731           0   31.823731     13.0368   31.823731     -0.9603
   31.835938          15   31.835938           1   31.835938     13.0080   31.835938      0.5143
   31.848145          14   31.848145           0   31.848145     12.9792   31.848145      0.2728
   31.860352           5   31.860352           0   31.860352     12.9506   31.860352     -3.5556
   31.872559          10   31.872559           0   31.872559     12.9255   31.872559     -0.9251
   31.884766          16   31.884766           0   31.884766     12.9138   31.884766      0.7715
   31.896973          14   31.896973           0   31.896973     12.8853   31.896973      0.2979
   31.909180           9   31.909180           0   31.909180     12.8568   31.909180     -1.2856
   31.921387          11   31.921387           1   31.921387     12.8319   31.921387     -0.5523
   31.933594          13   31.933594           0   31.933594     12.8205   31.933594      0.0498
   31.945801          16   31.945801           0   31.945801     12.7922   31.945801      0.8020
   31.958008          11   31.958008           0   31.958008     12.7639   31.958008     -0.5318
   31.970215          12   31.970215           1   31.970215     12.7357   31.970215     -0.2124
   31.982422           9   31.982422           0   31.982422     12.7075   31.982422     -1.2358
   31.994629           9   31.994629           0   31.994629     12.6794   31.994629     -1.2265
   32.006836          16   32.006836           0   32.006836     12.6514   32.006836      0.8372
   32.019043           8   32.019043           0   32.019043     12.6234   32.019043     -1.6346
   32.031250          12   32.031250           0   32.031250     12.5955   32.031250     -0.1719
   32.043457          10   32.043457           0   32.043457     12.5676   32.043457     -0.8120
   32.055664          16   32.055664           0   32.055664     12.5399   32.055664      0.8650
   32.067871          17   32.067871           0   32.067871     12.5121   32.067871      1.0885
   32.080078          14   32.080078           0   32.080078     12.4845   32.080078      0.4050
   32.092286          15   32.092286           0   32.092286     12.4569   32.092286      0.6566
   32.104493          12   32.104493           0   32.104493     12.4293   32.104493     -0.1239
   32.116700           8   32.116700           0   32.116700     12.4019   32.116700     -1.5563
   32.128907           8   32.128907           0   32.128907     12.3744   32.128907     -1.5466
   32.141114           9   32.141114           0   32.141114     12.3471   32.141114     -1.1157
   32.153321          20   32.153321           0   32.153321     12.3198   32.153321      1.7173
   32.165528          11   32.165528           0   32.165528     12.2925   32.165528     -0.3897
   32.177735          14   32.177735           0   32.177735     12.2654   32.177735      0.4636
   32.189942          12   32.189942           0   32.189942     12.2383   32.189942     -0.0688
   32.202149          11   32.202149           0   32.202149     12.2112   32.202149     -0.3652
   32.214356          18   32.214356           0   32.214356     12.1842   32.214356      1.3708
   32.226563           6   32.226563           0   32.226563     12.1573   32.226563     -2.5137
   32.238770           7   32.238770           0   32.238770     12.1304   32.238770     -1.9391
   32.250977           6   32.250977           0   32.250977     12.1036   32.250977     -2.4918
   32.263184           9   32.263184           0   32.263184     12.0768   32.263184     -1.0256
   32.275391          15   32.275391           0   32.275391     12.0501   32.275391      0.7617
   32.287598          15   32.287598           0   32.287598     12.0235   32.287598      0.7685
   32.299805           9   32.299805           0   32.299805     11.9969   32.299805     -0.9990
   32.312012          17   32.312012           0   32.312012     11.9704   32.312012      1.2199
   32.324219          16   32.324219           0   32.324219     11.9439   32.324219      1.0140
   32.336426          11   32.336426           0   32.336426     11.9175   32.336426     -0.2766
   32.348633          13   32.348633           0   32.348633     11.8911   32.348633      0.3075
   32.360840          11   32.360840           0   32.360840     11.8649   32.360840     -0.2608
   32.373047          19   32.373047           0   32.373047     11.8386   32.373047      1.6429
   32.385254          13   32.385254           0   32.385254     11.8125   32.385254      0.3294
   32.397461          11   32.397461           0   32.397461     11.7863   32.397461     -0.2371
   32.409668           4   32.409668           0   32.409668     11.7603   32.409668     -3.8801
   32.421875          15   32.421875           0   32.421875     11.7343   32.421875      0.8432
   32.434082          11   32.434082           0   32.434082     11.7083   32.434082     -0.2136
   32.446289          10   32.446289           0   32.446289     11.6825   32.446289     -0.5320
   32.458496          11   32.458496           0   32.458496     11.6566   32.458496     -0.1980
   32.470704          10   32.470704           0   32.470704     11.6344   32.470704     -0.5168
   32.482911          14   32.482911           0   32.482911     11.6256   32.482911      0.6346
   32.495118          17   32.495118           0   32.495118     11.6035   32.495118      1.3088
   32.507325          13   32.507325           0   32.507325     11.5948   32.507325      0.3897
   32.519532          14   32.519532           1   32.519532     11.5691   32.519532      0.6497
   32.531739          16   32.531739           0   32.531739     11.5435   32.531739      1.1141
   32.543946           9   32.543946           1   32.543946     11.5180   32.543946     -0.8393
   32.556153          15   32.556153           0   32.556153     11.4926   32.556153      0.9056
   32.568360           7   32.568360           0   32.568360     11.4672   32.568360     -1.6884
   32.580567          10   32.580567           0   32.580567     11.4418   32.580567     -0.4559
   32.592774          11   32.592774           0   32.592774     11.4165   32.592774     -0.1256
   32.604981          15   32.604981           0   32.604981     11.3913   32.604981      0.9318
   32.617188          10   32.617188           0   32.617188     11.3661   32.617188     -0.4320
   32.629395          12   32.629395           0   32.629395     11.3410   32.629395      0.1902
   32.641602           9   32.641602           0   32.641602     11.3159   32.641602     -0.7720
   32.653809          10   32.653809           0   32.653809     11.2909   32.653809     -0.4082
   32.666016          12   32.666016           0   32.666016     11.2659   32.666016      0.2119
   32.678223          11   32.678223           0   32.678223     11.2410   32.678223     -0.0727
   32.690430          13   32.690430           0   32.690430     11.2161   32.690430      0.4948
   32.702637          11   32.702637           0   32.702637     11.1913   32.702637     -0.0577
   32.714844           9   32.714844           0   32.714844     11.1666   32.714844     -0.7222
   32.727051          13   32.727051           0   32.727051     11.1455   32.727051      0.5144
   32.739258           9   32.739258           0   32.739258     11.1378   32.739258     -0.7126
   32.751465           8   32.751465           0   32.751465     11.1131   32.751465     -1.1007
   32.763672          16   32.763672           0   32.763672     11.0886   32.763672      1.2279
   32.775879          10   32.775879           1   32.775879     11.0641   32.775879     -0.3365
   32.788086           5   32.788086           0   32.788086     11.0396   32.788086     -2.7010
   32.800293           8   32.800293           0   32.800293     11.0152   32.800293     -1.0660
   32.812500          12   32.812500           0   32.812500     10.9908   32.812500      0.2913
   32.824707          13   32.824707           0   32.824707     10.9665   32.824707      0.5640
   32.836914           8   32.836914           0   32.836914     10.9423   32.836914     -1.0403
   32.849121          10   32.849121           0   32.849121     10.9181   32.849121     -0.2903
   32.861329           6   32.861329           0   32.861329     10.8940   32.861329     -1.9980
   32.873536          15   32.873536           0   32.873536     10.8699   32.873536      1.0664
   32.885743          13   32.885743           0   32.885743     10.8459   32.885743      0.5975
   32.897950           8   32.897950           0   32.897950     10.8219   32.897950     -0.9977
   32.910157           6   32.910157           0   32.910157     10.7980   32.910157     -1.9588
   32.922364           8   32.922364           0   32.922364     10.7741   32.922364     -0.9808
   32.934571          10   32.934571           0   32.934571     10.7503   32.934571     -0.2373
   32.946778           8   32.946778           0   32.946778     10.7265   32.946778     -0.9640
   32.958985          19   32.958985           0   32.958985     10.7028   32.958985      1.9035
   32.971192          13   32.971192           0   32.971192     10.6791   32.971192      0.6437
   32.983399           8   32.983399           0   32.983399     10.6555   32.983399     -0.9389
   32.995606          21   32.995606           0   32.995606     10.6319   32.995606      2.2625
   33.007813           8   33.007813           0   33.007813     10.6084   33.007813     -0.9222
   33.020020          13   33.020020           0   33.020020     10.5850   33.020020      0.6698
   33.032227          10   33.032227           0   33.032227     10.5616   33.032227     -0.1776
   33.044434           7   33.044434           0   33.044434     10.5382   33.044434     -1.3373
   33.056641           5   33.056641           0   33.056641     10.5149   33.056641     -2.4664
   33.068848          14   33.068848           0   33.068848     10.4917   33.068848      0.9376
   33.081055          22   33.081055           0   33.081055     10.4721   33.081055      2.4578
   33.093262          11   33.093262           0   33.093262     10.4658   33.093262      0.1611
   33.105469          13   33.105469           0   33.105469     10.4427   33.105469      0.7093
   33.117676           9   33.117676           0   33.117676     10.4196   33.117676     -0.4732
   33.129883          11   33.129883           1   33.129883     10.3966   33.129883      0.1819
   33.142090           7   33.142090           0   33.142090     10.3736   33.142090     -1.2751
   33.154297          13   33.154297           0   33.154297     10.3507   33.154297      0.7348
   33.166504           9   33.166504           0   33.166504     10.3278   33.166504     -0.4426
   33.178711          12   33.178711           0   33.178711     10.3049   33.178711      0.4893
   33.190918          12   33.190918           0   33.190918     10.2822   33.190918      0.4959
   33.203125           5   33.203125           0   33.203125     10.2594   33.203125     -2.3521
   33.215332           6   33.215332           0   33.215332     10.2367   33.215332     -1.7296
   33.227539           9   33.227539           0   33.227539     10.2141   33.227539     -0.4047
   33.239746           7   33.239746           0   33.239746     10.1951   33.239746     -1.2076
   33.251954          11   33.251954           0   33.251954     10.1895   33.251954      0.2444
   33.264161          10   33.264161           0   33.264161     10.1670   33.264161     -0.0528
   33.276368           4   33.276368           0   33.276368     10.1445   33.276368     -3.0722
   33.288575          11   33.288575           1   33.288575     10.1221   33.288575      0.2647
   33.300782          13   33.300782           0   33.300782     10.0997   33.300782      0.8044
   33.312989           5   33.312989           0   33.312989     10.0773   33.312989     -2.2707
   33.325196          13   33.325196           0   33.325196     10.0551   33.325196      0.8168
   33.337403          10   33.337403           0   33.337403     10.0328   33.337403     -0.0104
   33.349610           9   33.349610           0   33.349610     10.0107   33.349610     -0.3369
   33.361817          11   33.361817           0   33.361817      9.9885   33.361817      0.3050
   33.374024          15   33.374024           0   33.374024      9.9664   33.374024      1.2997
   33.386231           9   33.386231           0   33.386231      9.9444   33.386231     -0.3148
   33.398438           7   33.398438           0   33.398438      9.9224   33.398438     -1.1046
   33.410645           7   33.410645           0   33.410645      9.9005   33.410645     -1.0963
   33.422852           9   33.422852           0   33.422852      9.8786   33.422852     -0.2929
   33.435059          10   33.435059           0   33.435059      9.8568   33.435059      0.0453
   33.447266           5   33.447266           0   33.447266      9.8350   33.447266     -2.1623
   33.459473           3   33.459473           0   33.459473      9.8132   33.459473     -3.9336
   33.471680           7   33.471680           0   33.471680      9.7915   33.471680     -1.0551
   33.483887          11   33.483887           0   33.483887      9.7699   33.483887      0.3709
   33.496094          13   33.496094           0   33.496094      9.7483   33.496094      0.9019
   33.508301           7   33.508301           0   33.508301      9.7267   33.508301     -1.0306
   33.520508           7   33.520508           0   33.520508      9.7052   33.520508     -1.0225
   33.532715          13   33.532715           0   33.532715      9.6838   33.532715      0.9198
   33.544922           8   33.544922           0   33.544922      9.6624   33.544922     -0.5877
   33.557129           9   33.557129           0   33.557129      9.6410   33.557129     -0.2137
   33.569336           6   33.569336           0   33.569336      9.6197   33.569336     -1.4777
   33.581543          10   33.581543           0   33.581543      9.5984   33.581543      0.1270
   33.593750           9   33.593750           0   33.593750      9.5772   33.593750     -0.1924
   33.605957           9   33.605957           0   33.605957      9.5560   33.605957     -0.1853
   33.618164           8   33.618164           0   33.618164      9.5349   33.618164     -0.5427
   33.630371           5   33.630371           0   33.630371      9.5138   33.630371     -2.0186
   33.642579          17   33.642579           0   33.642579      9.4928   33.642579      1.8208
   33.654786           6   33.654786           0   33.654786      9.4718   33.654786     -1.4174
   33.666993           9   33.666993           0   33.666993      9.4509   33.666993     -0.1503
   33.679200           9   33.679200           0   33.679200      9.4300   33.679200     -0.1433
   33.691407          10   33.691407           0   33.691407      9.4091   33.691407      0.1869
   33.703614          13   33.703614           0   33.703614      9.3883   33.703614      1.0017
   33.715821          10   33.715821           0   33.715821      9.3676   33.715821      0.2000
   33.728028           5   33.728028           0   33.728028      9.3468   33.728028     -1.9440
   33.740235          10   33.740235           0   33.740235      9.3262   33.740235      0.2131
   33.752442           6   33.752442           0   33.752442      9.3056   33.752442     -1.3495
   33.764649           4   33.764649           0   33.764649      9.2850   33.764649     -2.6425
   33.776856          18   33.776856           0   33.776856      9.2645   33.776856      2.0590
   33.789063          11   33.789063           0   33.789063      9.2440   33.789063      0.5295
   33.801270           9   33.801270           0   33.801270      9.2235   33.801270     -0.0745
   33.813477          11   33.813477           0   33.813477      9.2032   33.813477      0.5418
   33.825684          10   33.825684           0   33.825684      9.1828   33.825684      0.2584
   33.837891          13   33.837891           0   33.837891      9.1625   33.837891      1.0643
   33.850098           5   33.850098           0   33.850098      9.1422   33.850098     -1.8525
   33.862305           9   33.862305           0   33.862305      9.1220   33.862305     -0.0407
   33.874512           6   33.874512           0   33.874512      9.1019   33.874512     -1.2663
   33.886719          10   33.886719           0   33.886719      9.0817   33.886719      0.2904
   33.898926          13   33.898926           0   33.898926      9.0617   33.898926      1.0923
   33.911133           9   33.911133           0   33.911133      9.0416   33.911133     -0.0139
   33.923340          11   33.923340           0   33.923340      9.0216   33.923340      0.5965
   33.935547           8   33.935547           0   33.935547      9.0017   33.935547     -0.3542
   33.947754           7   33.947754           0   33.947754      8.9818   33.947754     -0.7490
   33.959961           7   33.959961           0   33.959961      8.9619   33.959961     -0.7415
   33.972168           5   33.972168           0   33.972168      8.9421   33.972168     -1.7630
   33.984375          17   33.984375           0   33.984375      8.9224   33.984375      1.9591
   33.996582           7   33.996582           0   33.996582      8.9026   33.996582     -0.7191
   34.008789           6   34.008789           0   34.008789      8.8830   34.008789     -1.1770
   34.020996          13   34.020996           0   34.020996      8.8633   34.020996      1.1473
   34.033204          12   34.033204           0   34.033204      8.8437   34.033204      0.9111
   34.045411           9   34.045411           0   34.045411      8.8242   34.045411      0.0586
   34.057618           7   34.057618           0   34.057618      8.8047   34.057618     -0.6821
   34.069825          10   34.069825           0   34.069825      8.7852   34.069825      0.3842
   34.082032           6   34.082032           0   34.082032      8.7658   34.082032     -1.1291
   34.094239           9   34.094239           0   34.094239      8.7464   34.094239      0.0845
   34.106446           9   34.106446           0   34.106446      8.7271   34.106446      0.0910
   34.118653           7   34.118653           0   34.118653      8.7078   34.118653     -0.6455
   34.130860           6   34.130860           0   34.130860      8.6885   34.130860     -1.0976
   34.143067           9   34.143067           0   34.143067      8.6693   34.143067      0.1102
   34.155274           5   34.155274           0   34.155274      8.6501   34.155274     -1.6324
   34.167481           7   34.167481           0   34.167481      8.6310   34.167481     -0.6165
   34.179688          14   34.179688           0   34.179688      8.6119   34.179688      1.4400
   34.191895           5   34.191895           0   34.191895      8.5929   34.191895     -1.6068
   34.204102          12   34.204102           0   34.204102      8.5739   34.204102      0.9890
   34.216309           6   34.216309           0   34.216309      8.5549   34.216309     -1.0430
   34.228516           6   34.228516           0   34.228516      8.5360   34.228516     -1.0353
   34.240723           7   34.240723           0   34.240723      8.5172   34.240723     -0.5734
   34.252930           7   34.252930           0   34.252930      8.4983   34.252930     -0.5663
   34.265137          11   34.265137           0   34.265137      8.4795   34.265137      0.7599
   34.277344           9   34.277344           0   34.277344      8.4608   34.277344      0.1797
   34.289551           8   34.289551           0   34.289551      8.4421   34.289551     -0.1563
   34.301758           8   34.301758           0   34.301758      8.4234   34.301758     -0.1497
   34.313965           6   34.313965           0   34.313965      8.4048   34.313965     -0.9818
   34.326172           5   34.326172           0   34.326172      8.3862   34.326172     -1.5144
   34.338379           6   34.338379           0   34.338379      8.3712   34.338379     -0.9681
   34.350586           6   34.350586           0   34.350586      8.3697   34.350586     -0.9674
   34.362793           5   34.362793           0   34.362793      8.3512   34.362793     -1.4987
   34.375000          10   34.375000           0   34.375000      8.3327   34.375000      0.5273
   34.387207           7   34.387207           1   34.387207      8.3143   34.387207     -0.4967
   34.399414           9   34.399414           0   34.399414      8.2959   34.399414      0.2347
   34.411621           5   34.411621           0   34.411621      8.2775   34.411621     -1.4658
   34.423829           8   34.423829           0   34.423829      8.2592   34.423829     -0.0917
   34.436036           6   34.436036           0   34.436036      8.2410   34.436036     -0.9149
   34.448243           9   34.448243           0   34.448243      8.2228   34.448243      0.2591
   34.460450           9   34.460450           0   34.460450      8.2046   34.460450      0.2651
   34.472657          14   34.472657           0   34.472657      8.1864   34.472657      1.5537
   34.484864           9   34.484864           0   34.484864      8.1719   34.484864      0.2760
   34.497071           4   34.497071           0   34.497071      8.1708   34.497071     -2.0854
   34.509278          11   34.509278           0   34.509278      8.1527   34.509278      0.8585
   34.521485           6   34.521485           0   34.521485      8.1347   34.521485     -0.8715
   34.533692           5   34.533692           1   34.533692      8.1167   34.533692     -1.3938
   34.545899           9   34.545899           0   34.545899      8.0988   34.545899      0.3004
   34.558106           6   34.558106           0   34.558106      8.0809   34.558106     -0.8495
   34.570313          11   34.570313           0   34.570313      8.0630   34.570313      0.8855
   34.582520           9   34.582520           0   34.582520      8.0452   34.582520      0.3183
   34.594727          11   34.594727           0   34.594727      8.0274   34.594727      0.8963
   34.606934           8   34.606934           0   34.606934      8.0096   34.606934     -0.0034
   34.619141          11   34.619141           0   34.619141      7.9919   34.619141      0.9070
   34.631348           9   34.631348           0   34.631348      7.9743   34.631348      0.3419
   34.643555           8   34.643555           0   34.643555      7.9566   34.643555      0.0153
   34.655762           8   34.655762           0   34.655762      7.9390   34.655762      0.0216
   34.667969           8   34.667969           0   34.667969      7.9215   34.667969      0.0278
   34.680176           5   34.680176           0   34.680176      7.9040   34.680176     -1.2987
   34.692383           6   34.692383           0   34.692383      7.8865   34.692383     -0.7702
   34.704590          11   34.704590           0   34.704590      7.8691   34.704590      0.9440
   34.716797           4   34.716797           0   34.716797      7.8517   34.716797     -1.9258
   34.729004          10   34.729004           0   34.729004      7.8343   34.729004      0.6849
   34.741211           9   34.741211           0   34.741211      7.8170   34.741211      0.3943
   34.753418           6   34.753418           0   34.753418      7.7997   34.753418     -0.7347
   34.765625           7   34.765625           0   34.765625      7.7825   34.765625     -0.2957
   34.777832          11   34.777832           0   34.777832      7.7652   34.777832      0.9753
   34.790039          13   34.790039           0   34.790039      7.7481   34.790039      1.4566
   34.802247          10   34.802247           0   34.802247      7.7310   34.802247      0.7175
   34.814454           6   34.814454           0   34.814454      7.7139   34.814454     -0.6997
   34.826661          14   34.826661           0   34.826661      7.6968   34.826661      1.6846
   34.838868           6   34.838868           0   34.838868      7.6798   34.838868     -0.6858
   34.851075          11   34.851075           0   34.851075      7.6628   34.851075      1.0062
   34.863282          10   34.863282           0   34.863282      7.6459   34.863282      0.7444
   34.875489           5   34.875489           0   34.875489      7.6290   34.875489     -1.1757
   34.887696           7   34.887696           0   34.887696      7.6121   34.887696     -0.2314
   34.899903          11   34.899903           0   34.899903      7.5953   34.899903      1.0266
   34.912110           6   34.912110           0   34.912110      7.5785   34.912110     -0.6444
   34.924317           8   34.924317           0   34.924317      7.5617   34.924317      0.1550
   34.936524          10   34.936524           0   34.936524      7.5450   34.936524      0.7763
   34.948731           2   34.948731           0   34.948731      7.5283   34.948731     -3.9091
   34.960938          11   34.960938           0   34.960938      7.5117   34.960938      1.0518
   34.973145          13   34.973145           0   34.973145      7.4951   34.973145      1.5268
   34.985352           8   34.985352           0   34.985352      7.4785   34.985352      0.1844
   34.997559           5   34.997559           0   34.997559      7.4620   34.997559     -1.1010
   35.009766          11   35.009766           0   35.009766      7.4490   35.009766      1.0707
   35.021973           7   35.021973           0   35.021973      7.4495   35.021973     -0.1699
   35.034180          12   35.034180           0   35.034180      7.4330   35.034180      1.3184
   35.046387           9   35.046387           0   35.046387      7.4166   35.046387      0.5278
   35.058594           5   35.058594           1   35.058594      7.4002   35.058594     -1.0734
   35.070801          14   35.070801           0   35.070801      7.3838   35.070801      1.7682
   35.083008           4   35.083008           0   35.083008      7.3675   35.083008     -1.6838
   35.095215           6   35.095215           0   35.095215      7.3512   35.095215     -0.5516
   35.107422           7   35.107422           0   35.107422      7.3350   35.107422     -0.1266
   35.119629           4   35.119629           0   35.119629      7.3188   35.119629     -1.6594
   35.131836           9   35.131836           0   35.131836      7.3026   35.131836      0.5658
   35.144043          15   35.144043           0   35.144043      7.2864   35.144043      1.9916
   35.156250           7   35.156250           0   35.156250      7.2703   35.156250     -0.1022
   35.168457           6   35.168457           0   35.168457      7.2542   35.168457     -0.5120
   35.180664           5   35.180664           0   35.180664      7.2382   35.180664     -1.0010
   35.192872           6   35.192872           0   35.192872      7.2222   35.192872     -0.4990
   35.205079           7   35.205079           0   35.205079      7.2062   35.205079     -0.0780
   35.217286           2   35.217286           0   35.217286      7.1903   35.217286     -3.6701
   35.229493          10   35.229493           0   35.229493      7.1744   35.229493      0.8935
   35.241700           7   35.241700           0   35.241700      7.1586   35.241700     -0.0599
   35.253907           3   35.253907           0   35.253907      7.1427   35.253907     -2.3918
   35.266114          10   35.266114           0   35.266114      7.1269   35.266114      0.9085
   35.278321           7   35.278321           0   35.278321      7.1112   35.278321     -0.0420
   35.290528           5   35.290528           0   35.290528      7.0955   35.290528     -0.9371
   35.302735           7   35.302735           0   35.302735      7.0798   35.302735     -0.0302
   35.314942          11   35.314942           0   35.314942      7.0641   35.314942      1.1867
   35.327149          10   35.327149           0   35.327149      7.0485   35.327149      0.9333
   35.339356           8   35.339356           0   35.339356      7.0329   35.339356      0.3419
   35.351563          13   35.351563           0   35.351563      7.0174   35.351563      1.6593
   35.363770           4   35.363770           0   35.363770      7.0019   35.363770     -1.5009
   35.375977           8   35.375977           0   35.375977      6.9864   35.375977      0.3584
   35.388184           4   35.388184           0   35.388184      6.9709   35.388184     -1.4855
   35.400391           5   35.400391           0   35.400391      6.9555   35.400391     -0.8745
   35.412598           5   35.412598           0   35.412598      6.9401   35.412598     -0.8677
   35.424805           6   35.424805           0   35.424805      6.9284   35.424805     -0.3790
   35.437012           4   35.437012           0   35.437012      6.9300   35.437012     -1.4650
   35.449219           8   35.449219           0   35.449219      6.9147   35.449219      0.3837
   35.461426          12   35.461426           0   35.461426      6.8994   35.461426      1.4724
   35.473633           4   35.473633           1   35.473633      6.8841   35.473633     -1.4421
   35.485840           4   35.485840           0   35.485840      6.8689   35.485840     -1.4344
   35.498047           7   35.498047           0   35.498047      6.8537   35.498047      0.0553
   35.510254           5   35.510254           0   35.510254      6.8386   35.510254     -0.8222
   35.522461           9   35.522461           0   35.522461      6.8234   35.522461      0.7255
   35.534668           5   35.534668           0   35.534668      6.8083   35.534668     -0.8087
   35.546875           6   35.546875           0   35.546875      6.7933   35.546875     -0.3239
   35.559082           7   35.559082           0   35.559082      6.7783   35.559082      0.0838
   35.571289           7   35.571289           0   35.571289      6.7633   35.571289      0.0895
   35.583497           9   35.583497           0   35.583497      6.7483   35.583497      0.7506
   35.595704          11   35.595704           0   35.595704      6.7334   35.595704      1.2864
   35.607911           5   35.607911           0   35.607911      6.7185   35.607911     -0.7686
   35.620118           4   35.620118           0   35.620118      6.7037   35.620118     -1.3518
   35.632325           6   35.632325           0   35.632325      6.6889   35.632325     -0.2812
   35.644532           4   35.644532           0   35.644532      6.6741   35.644532     -1.3370
   35.656739           5   35.656739           0   35.656739      6.6593   35.656739     -0.7421
   35.668946           9   35.668946           0   35.668946      6.6446   35.668946      0.7851
   35.681153           4   35.681153           0   35.681153      6.6335   35.681153     -1.3167
   35.693360           8   35.693360           0   35.693360      6.6357   35.693360      0.4823
   35.705567           5   35.705567           0   35.705567      6.6211   35.705567     -0.7250
   35.717774           9   35.717774           0   35.717774      6.6064   35.717774      0.7979
   35.729981           9   35.729981           1   35.729981      6.5918   35.729981      0.8027
   35.742188           6   35.742188           0   35.742188      6.5772   35.742188     -0.2357
   35.754395           5   35.754395           0   35.754395      6.5627   35.754395     -0.6989
   35.766602           6   35.766602           0   35.766602      6.5482   35.766602     -0.2238
   35.778809           4   35.778809           0   35.778809      6.5337   35.778809     -1.2669
   35.791016           5   35.791016           0   35.791016      6.5193   35.791016     -0.6794
   35.803223           6   35.803223           0   35.803223      6.5049   35.803223     -0.2061
   35.815430           5   35.815430           0   35.815430      6.4940   35.815430     -0.6682
   35.827637           7   35.827637           0   35.827637      6.4966   35.827637      0.1903
   35.839844           7   35.839844           0   35.839844      6.4822   35.839844      0.1957
   35.852051           6   35.852051           0   35.852051      6.4679   35.852051     -0.1910
   35.864258           6   35.864258           1   35.864258      6.4536   35.864258     -0.1852
   35.876465           4   35.876465           0   35.876465      6.4393   35.876465     -1.2197
   35.888672          10   35.888672           0   35.888672      6.4251   35.888672      1.1305
   35.900879           4   35.900879           0   35.900879      6.4109   35.900879     -1.2055
   35.913086          15   35.913086           0   35.913086      6.3967   35.913086      2.2214
   35.925293           4   35.925293           0   35.925293      6.3826   35.925293     -1.1913
   35.937500           7   35.937500           0   35.937500      6.3685   35.937500      0.2387
   35.949707          12   35.949707           0   35.949707      6.3544   35.949707      1.6297
   35.961914          10   35.961914           0   35.961914      6.3404   35.961914      1.1573
   35.974122           4   35.974122           0   35.974122      6.3263   35.974122     -1.1632
   35.986329           2   35.986329           0   35.986329      6.3124   35.986329     -3.0493
   35.998536           4   35.998536           0   35.998536      6.2984   35.998536     -1.1492
   36.010743           6   36.010743           0   36.010743      6.2845   36.010743     -0.1161
   36.022950           7   36.022950           0   36.022950      6.2706   36.022950      0.2757
   36.035157           6   36.035157           0   36.035157      6.2567   36.035157     -0.1048
   36.047364           4   36.047364           0   36.047364      6.2429   36.047364     -1.1214
   36.059571           6   36.059571           0   36.059571      6.2291   36.059571     -0.0935
   36.071778           3   36.071778           0   36.071778      6.2153   36.071778     -1.8564
   36.083985           6   36.083985           0   36.083985      6.2016   36.083985     -0.0823
   36.096192          10   36.096192           0   36.096192      6.1879   36.096192      1.2055
   36.108399           3   36.108399           0   36.108399      6.1777   36.108399     -1.8347
   36.120606           6   36.120606           0   36.120606      6.1810   36.120606     -0.0739
   36.132813           6   36.132813           0   36.132813      6.1673   36.132813     -0.0683
   36.145020          11   36.145020           0   36.145020      6.1537   36.145020      1.4612
   36.157227           6   36.157227           1   36.157227      6.1401   36.157227     -0.0572
   36.169434          11   36.169434           0   36.169434      6.1265   36.169434      1.4694
   36.181641           3   36.181641           0   36.181641      6.1130   36.181641     -1.7973
   36.193848           9   36.193848           0   36.193848      6.0995   36.193848      0.9668
   36.206055          11   36.206055           0   36.206055      6.0860   36.206055      1.4816
   36.218262           5   36.218262           0   36.218262      6.0725   36.218262     -0.4797
   36.230469           3   36.230469           0   36.230469      6.0591   36.230469     -1.7662
   36.242676           8   36.242676           0   36.242676      6.0457   36.242676      0.6909
   36.254883           7   36.254883           0   36.254883      6.0323   36.254883      0.3657
   36.267090           5   36.267090           0   36.267090      6.0190   36.267090     -0.4557
   36.279297          11   36.279297           0   36.279297      6.0057   36.279297      1.5058
   36.291504           3   36.291504           0   36.291504      5.9924   36.291504     -1.7277
   36.303711           5   36.303711           0   36.303711      5.9792   36.303711     -0.4379
   36.315918           2   36.315918           0   36.315918      5.9660   36.315918     -2.8044
   36.328125           5   36.328125           0   36.328125      5.9528   36.328125     -0.4261
   36.340332           3   36.340332           0   36.340332      5.9396   36.340332     -1.6972
   36.352539           5   36.352539           0   36.352539      5.9265   36.352539     -0.4143
   36.364747           5   36.364747           0   36.364747      5.9134   36.364747     -0.4085
   36.376954           6   36.376954           0   36.376954      5.9003   36.376954      0.0407
   36.389161           6   36.389161           0   36.389161      5.8873   36.389161      0.0460
   36.401368           4   36.401368           0   36.401368      5.8742   36.401368     -0.9371
   36.413575           7   36.413575           0   36.413575      5.8613   36.413575      0.4304
   36.425782          11   36.425782           0   36.425782      5.8483   36.425782      1.5533
   36.437989           4   36.437989           0   36.437989      5.8354   36.437989     -0.9177
   36.450196           8   36.450196           0   36.450196      5.8225   36.450196      0.7699
   36.462403           7   36.462403           0   36.462403      5.8096   36.462403      0.4499
   36.474610           5   36.474610           0   36.474610      5.7967   36.474610     -0.3563
   36.486817           5   36.486817           0   36.486817      5.7839   36.486817     -0.3506
   36.499024           4   36.499024           0   36.499024      5.7711   36.499024     -0.8856
   36.511231           3   36.511231           0   36.511231      5.7584   36.511231     -1.5926
   36.523438           5   36.523438           0   36.523438      5.7492   36.523438     -0.3351
   36.535645           4   36.535645           0   36.535645      5.7534   36.535645     -0.8767
   36.547852           7   36.547852           0   36.547852      5.7407   36.547852      0.4760
   36.560059           8   36.560059           0   36.560059      5.7280   36.560059      0.8033
   36.572266           2   36.572266           1   36.572266      5.7154   36.572266     -2.6272
   36.584473           8   36.584473           0   36.584473      5.7027   36.584473      0.8122
   36.596680           5   36.596680           0   36.596680      5.6901   36.596680     -0.3086
   36.608887           6   36.608887           0   36.608887      5.6775   36.608887      0.1316
   36.621094           3   36.621094           0   36.621094      5.6685   36.621094     -1.5407
   36.633301           7   36.633301           0   36.633301      5.6729   36.633301      0.5016
   36.645508           6   36.645508           0   36.645508      5.6604   36.645508      0.1386
   36.657715           8   36.657715           0   36.657715      5.6479   36.657715      0.8316
   36.669922           6   36.669922           1   36.669922      5.6354   36.669922      0.1488
   36.682129          10   36.682129           0   36.682129      5.6229   36.682129      1.3841
   36.694336           4   36.694336           0   36.694336      5.6105   36.694336     -0.8053
   36.706543           2   36.706543           0   36.706543      5.5981   36.706543     -2.5442
   36.718750           6   36.718750           0   36.718750      5.5857   36.718750      0.1691
   36.730957           7   36.730957           0   36.730957      5.5734   36.730957      0.5392
   36.743164           5   36.743164           0   36.743164      5.5611   36.743164     -0.2509
   36.755372           8   36.755372           0   36.755372      5.5488   36.755372      0.8666
   36.767579           7   36.767579           0   36.767579      5.5365   36.767579      0.5532
   36.779786           4   36.779786           0   36.779786      5.5243   36.779786     -0.7621
   36.791993           2   36.791993           0   36.791993      5.5120   36.791993     -2.4834
   36.804200           4   36.804200           0   36.804200      5.4999   36.804200     -0.7499
   36.816407           8   36.816407           0   36.816407      5.4877   36.816407      0.8882
   36.828614           1   36.828614           0   36.828614      5.4756   36.828614     -4.4756
   36.840821           7   36.840821           0   36.840821      5.4635   36.840821      0.5808
   36.853028           4   36.853028           0   36.853028      5.4514   36.853028     -0.7257
   36.865235           7   36.865235           0   36.865235      5.4393   36.865235      0.5899
   36.877442           6   36.877442           0   36.877442      5.4273   36.877442      0.2338
   36.889649          10   36.889649           0   36.889649      5.4153   36.889649      1.4498
   36.901856           6   36.901856           0   36.901856      5.4033   36.901856      0.2436
   36.914063           8   36.914063           0   36.914063      5.3914   36.914063      0.9223
   36.926270           6   36.926270           0   36.926270      5.3795   36.926270      0.2533
   36.938477           3   36.938477           0   36.938477      5.3676   36.938477     -1.3669
   36.950684           7   36.950684           0   36.950684      5.3557   36.950684      0.6215
   36.962891           5   36.962891           0   36.962891      5.3439   36.962891     -0.1538
   36.975098          14   36.975098           0   36.975098      5.3321   36.975098      2.3166
   36.987305           6   36.987305           0   36.987305      5.3203   36.987305      0.2775
   36.999512           9   36.999512           0   36.999512      5.3085   36.999512      1.2305
   37.011719           6   37.011719           0   37.011719      5.2968   37.011719      0.2871
   37.023926           9   37.023926           0   37.023926      5.2851   37.023926      1.2383
   37.036133           8   37.036133           0   37.036133      5.2734   37.036133      0.9640
   37.048340           7   37.048340           0   37.048340      5.2653   37.048340      0.6557
   37.060547          11   37.060547           0   37.060547      5.2706   37.060547      1.7275
   37.072754           4   37.072754           0   37.072754      5.2589   37.072754     -0.6295
   37.084961           2   37.084961           0   37.084961      5.2473   37.084961     -2.2962
   37.097168           7   37.097168           1   37.097168      5.2357   37.097168      0.6668
   37.109375           7   37.109375           0   37.109375      5.2241   37.109375      0.6712
   37.121582           7   37.121582           0   37.121582      5.2126   37.121582      0.6756
   37.133789           5   37.133789           0   37.133789      5.2010   37.133789     -0.0899
   37.145997           6   37.145997           0   37.145997      5.1895   37.145997      0.3309
   37.158204           4   37.158204           0   37.158204      5.1781   37.158204     -0.5890
   37.170411           9   37.170411           0   37.170411      5.1666   37.170411      1.2778
   37.182618           4   37.182618           0   37.182618      5.1552   37.182618     -0.5776
   37.194825           6   37.194825           0   37.194825      5.1438   37.194825      0.3495
   37.207032           7   37.207032           0   37.207032      5.1324   37.207032      0.7059
   37.219239          11   37.219239           0   37.219239      5.1211   37.219239      1.7726
   37.231446           4   37.231446           0   37.231446      5.1098   37.231446     -0.5549
   37.243653           4   37.243653           0   37.243653      5.0985   37.243653     -0.5492
   37.255860           3   37.255860           0   37.255860      5.0872   37.255860     -1.2050
   37.268067           1   37.268067           0   37.268067      5.0759   37.268067     -4.0759
   37.280274           9   37.280274           0   37.280274      5.0647   37.280274      1.3118
   37.292481           8   37.292481           0   37.292481      5.0535   37.292481      1.0417
   37.304688           2   37.304688           0   37.304688      5.0424   37.304688     -2.1513
   37.316895           5   37.316895           0   37.316895      5.0312   37.316895     -0.0140
   37.329102           4   37.329102           0   37.329102      5.0201   37.329102     -0.5100
   37.341309           7   37.341309           0   37.341309      5.0090   37.341309      0.7525
   37.353516           6   37.353516           0   37.353516      4.9979   37.353516      0.4091
   37.365723          10   37.365723           0   37.365723      4.9869   37.365723      1.5853
   37.377930           8   37.377930           0   37.377930      4.9758   37.377930      1.0692
   37.390137           3   37.390137           0   37.390137      4.9648   37.390137     -1.1344
   37.402344           6   37.402344           0   37.402344      4.9539   37.402344      0.4271
   37.414551           2   37.414551           0   37.414551      4.9429   37.414551     -2.0809
   37.426758           7   37.426758           0   37.426758      4.9320   37.426758      0.7816
   37.438965           6   37.438965           0   37.438965      4.9211   37.438965      0.4405
   37.451172           5   37.451172           0   37.451172      4.9137   37.451172      0.0386
   37.463379           9   37.463379           0   37.463379      4.9198   37.463379      1.3601
   37.475586           5   37.475586           0   37.475586      4.9089   37.475586      0.0407
   37.487793           6   37.487793           0   37.487793      4.8981   37.487793      0.4499
   37.500000           8   37.500000           1   37.500000      4.8873   37.500000      1.1005
   37.512207           4   37.512207           0   37.512207      4.8765   37.512207     -0.4382
   37.524415           4   37.524415           0   37.524415      4.8692   37.524415     -0.4346
   37.536622           9   37.536622           0   37.536622      4.8754   37.536622      1.3749
   37.548829           7   37.548829           0   37.548829      4.8646   37.548829      0.8071
   37.561036           4   37.561036           0   37.561036      4.8539   37.561036     -0.4269
   37.573243           6   37.573243           1   37.573243      4.8431   37.573243      0.4723
   37.585450           3   37.585450           0   37.585450      4.8324   37.585450     -1.0580
   37.597657           6   37.597657           0   37.597657      4.8217   37.597657      0.4810
   37.609864           2   37.609864           0   37.609864      4.8111   37.609864     -1.9877
   37.622071           1   37.622071           0   37.622071      4.8004   37.622071     -3.8004
   37.634278           6   37.634278           0   37.634278      4.7898   37.634278      0.4940
   37.646485           4   37.646485           0   37.646485      4.7792   37.646485     -0.3896
   37.658692           8   37.658692           0   37.658692      4.7687   37.658692      1.1424
   37.670899          10   37.670899           0   37.670899      4.7581   37.670899      1.6576
   37.683106           2   37.683106           0   37.683106      4.7512   37.683106     -1.9454
   37.695313           5   37.695313           0   37.695313      4.7576   37.695313      0.1084
   37.707520           5   37.707520           0   37.707520      4.7471   37.707520      0.1131
   37.719727          10   37.719727           0   37.719727      4.7366   37.719727      1.6644
   37.731934           4   37.731934           1   37.731934      4.7261   37.731934     -0.3631
   37.744141           3   37.744141           0   37.744141      4.7157   37.744141     -0.9905
   37.756348           4   37.756348           0   37.756348      4.7052   37.756348     -0.3526
   37.768555           7   37.768555           0   37.768555      4.6948   37.768555      0.8713
   37.780762           4   37.780762           0   37.780762      4.6845   37.780762     -0.3422
   37.792969           7   37.792969           0   37.792969      4.6741   37.792969      0.8791
   37.805176           2   37.805176           0   37.805176      4.6638   37.805176     -1.8836
   37.817383           5   37.817383           0   37.817383      4.6535   37.817383      0.1550
   37.829590           8   37.829590           0   37.829590      4.6432   37.829590      1.1868
   37.841797           0   37.841797           0   37.841797      4.6329   37.841797     -4.6329
   37.854004           5   37.854004           0   37.854004      4.6227   37.854004      0.1687
   37.866211           3   37.866211           0   37.866211      4.6124   37.866211     -0.9309
   37.878418           4   37.878418           0   37.878418      4.6023   37.878418     -0.3011
   37.890625           6   37.890625           0   37.890625      4.5921   37.890625      0.5748
   37.902832           2   37.902832           0   37.902832      4.5855   37.902832     -1.8282
   37.915040           1   37.915040           0   37.915040      4.5923   37.915040     -3.5923
   37.927247           3   37.927247           0   37.927247      4.5821   37.927247     -0.9134
   37.939454           3   37.939454           0   37.939454      4.5720   37.939454     -0.9076
   37.951661           3   37.951661           1   37.951661      4.5654   37.951661     -0.9038
   37.963868           2   37.963868           0   37.963868      4.5723   37.963868     -1.8189
   37.976075           4   37.976075           0   37.976075      4.5622   37.976075     -0.2811
   37.988282           4   37.988282           0   37.988282      4.5521   37.988282     -0.2760
   38.000489           5   38.000489           1   38.000489      4.5420   38.000489      0.2048
   38.012696           6   38.012696           0   38.012696      4.5320   38.012696      0.5993
   38.024903           3   38.024903           0   38.024903      4.5220   38.024903     -0.8787
   38.037110           1   38.037110           0   38.037110      4.5120   38.037110     -3.5120
   38.049317           4   38.049317           0   38.049317      4.5020   38.049317     -0.2510
   38.061524           5   38.061524           0   38.061524      4.4920   38.061524      0.2272
   38.073731           4   38.073731           0   38.073731      4.4821   38.073731     -0.2411
   38.085938           6   38.085938           0   38.085938      4.4722   38.085938      0.6237
   38.098145           3   38.098145           0   38.098145      4.4623   38.098145     -0.8443
   38.110352           6   38.110352           0   38.110352      4.4524   38.110352      0.6318
   38.122559           4   38.122559           0   38.122559      4.4426   38.122559     -0.2213
   38.134766           4   38.134766           0   38.134766      4.4363   38.134766     -0.2182
   38.146973           6   38.146973           0   38.146973      4.4435   38.146973      0.6355
   38.159180           1   38.159180           0   38.159180      4.4336   38.159180     -3.4336
   38.171387           1   38.171387           0   38.171387      4.4238   38.171387     -3.4238
   38.183594           3   38.183594           1   38.183594      4.4141   38.183594     -0.8164
   38.195801           2   38.195801           0   38.195801      4.4043   38.195801     -1.7001
   38.208008           4   38.208008           0   38.208008      4.3946   38.208008     -0.1973
   38.220215          12   38.220215           0   38.220215      4.3848   38.220215      2.1983
   38.232422           3   38.232422           0   38.232422      4.3752   38.232422     -0.7939
   38.244629           1   38.244629           0   38.244629      4.3655   38.244629     -3.3655
   38.256836           3   38.256836           0   38.256836      4.3558   38.256836     -0.7828
   38.269043           1   38.269043           0   38.269043      4.3462   38.269043     -3.3462
   38.281250           4   38.281250           0   38.281250      4.3366   38.281250     -0.1683
   38.293457           7   38.293457           0   38.293457      4.3270   38.293457      1.0103
   38.305665           5   38.305665           0   38.305665      4.3174   38.305665      0.3053
   38.317872           7   38.317872           0   38.317872      4.3079   38.317872      1.0175
   38.330079           2   38.330079           0   38.330079      4.2984   38.330079     -1.6252
   38.342286           7   38.342286           0   38.342286      4.2889   38.342286      1.0247
   38.354493           8   38.354493           0   38.354493      4.2794   38.354493      1.3154
   38.366700           7   38.366700           0   38.366700      4.2699   38.366700      1.0319
   38.378907           3   38.378907           0   38.378907      4.2605   38.378907     -0.7277
   38.391114           3   38.391114           0   38.391114      4.2511   38.391114     -0.7223
   38.403321           1   38.403321           0   38.403321      4.2452   38.403321     -3.2452
   38.415528           2   38.415528           0   38.415528      4.2528   38.415528     -1.5929
   38.427735           3   38.427735           0   38.427735      4.2434   38.427735     -0.7179
   38.439942           3   38.439942           0   38.439942      4.2340   38.439942     -0.7124
   38.452149           6   38.452149           1   38.452149      4.2246   38.452149      0.7248
   38.464356           4   38.464356           0   38.464356      4.2153   38.464356     -0.1076
   38.476563           2   38.476563           0   38.476563      4.2060   38.476563     -1.5599
   38.488770           4   38.488770           0   38.488770      4.1967   38.488770     -0.0983
   38.500977           4   38.500977           0   38.500977      4.1874   38.500977     -0.0937
   38.513184           2   38.513184           0   38.513184      4.1781   38.513184     -1.5402
   38.525391           6   38.525391           0   38.525391      4.1725   38.525391      0.7461
   38.537598           3   38.537598           0   38.537598      4.1802   38.537598     -0.6814
   38.549805           3   38.549805           0   38.549805      4.1709   38.549805     -0.6760
   38.562012           2   38.562012           0   38.562012      4.1617   38.562012     -1.5286
   38.574219           4   38.574219           1   38.574219      4.1561   38.574219     -0.0780
   38.586426           6   38.586426           0   38.586426      4.1638   38.586426      0.7496
   38.598633           2   38.598633           0   38.598633      4.1546   38.598633     -1.5235
   38.610840           3   38.610840           0   38.610840      4.1454   38.610840     -0.6613
   38.623047           2   38.623047           1   38.623047      4.1362   38.623047     -1.5106
   38.635254           6   38.635254           0   38.635254      4.1271   38.635254      0.7646
   38.647461           3   38.647461           0   38.647461      4.1215   38.647461     -0.6475
   38.659668           2   38.659668           0   38.659668      4.1329   38.659668     -1.5082
   38.671875           4   38.671875           0   38.671875      4.1407   38.671875     -0.0704
   38.684082           3   38.684082           0   38.684082      4.1316   38.684082     -0.6533
   38.696290           4   38.696290           1   38.696290      4.1224   38.696290     -0.0612
   38.708497           4   38.708497           1   38.708497      4.1133   38.708497     -0.0567
   38.720704           3   38.720704           0   38.720704      4.1042   38.720704     -0.6375
   38.732911           1   38.732911           0   38.732911      4.0951   38.732911     -3.0951
   38.745118           6   38.745118           0   38.745118      4.0861   38.745118      0.7814
   38.757325           1   38.757325           0   38.757325      4.0771   38.757325     -3.0771
   38.769532           4   38.769532           0   38.769532      4.0680   38.769532     -0.0340
   38.781739           8   38.781739           0   38.781739      4.0590   38.781739      1.3933
   38.793946           3   38.793946           0   38.793946      4.0501   38.793946     -0.6063
   38.806153           4   38.806153           0   38.806153      4.0411   38.806153     -0.0206
   38.818360           6   38.818360           0   38.818360      4.0322   38.818360      0.8034
   38.830567           4   38.830567           0   38.830567      4.0233   38.830567     -0.0116
   38.842774           5   38.842774           0   38.842774      4.0144   38.842774      0.4408
   38.854981           3   38.854981           0   38.854981      4.0055   38.854981     -0.5805
   38.867188           3   38.867188           0   38.867188      3.9966   38.867188     -0.5754
   38.879395           2   38.879395           0   38.879395      3.9878   38.879395     -1.4056
   38.891602           2   38.891602           0   38.891602      3.9825   38.891602     -1.4019
   38.903809           6   38.903809           0   38.903809      3.9907   38.903809      0.8203
   38.916016           4   38.916016           0   38.916016      3.9819   38.916016      0.0091
   38.928223           3   38.928223           0   38.928223      3.9730   38.928223     -0.5618
   38.940430           3   38.940430           1   38.940430      3.9643   38.940430     -0.5567
   38.952637           5   38.952637           0   38.952637      3.9555   38.952637      0.4671
   38.964844           7   38.964844           0   38.964844      3.9468   38.964844      1.1540
   38.977051           2   38.977051           0   38.977051      3.9380   38.977051     -1.3704
   38.989258           6   38.989258           0   38.989258      3.9293   38.989258      0.8453
   39.001465           3   39.001465           0   39.001465      3.9206   39.001465     -0.5315
   39.013672           3   39.013672           0   39.013672      3.9120   39.013672     -0.5265
   39.025879           2   39.025879           0   39.025879      3.9033   39.025879     -1.3459
   39.038086           4   39.038086           0   39.038086      3.8947   39.038086      0.0527
   39.050293           3   39.050293           0   39.050293      3.8896   39.050293     -0.5136
   39.062500           2   39.062500           0   39.062500      3.8980   39.062500     -1.3421
   39.074707           4   39.074707           0   39.074707      3.8894   39.074707      0.0553
   39.086915           1   39.086915           0   39.086915      3.8808   39.086915     -2.8808
   39.099122           3   39.099122           1   39.099122      3.8722   39.099122     -0.5036
   39.111329           1   39.111329           0   39.111329      3.8636   39.111329     -2.8636
   39.123536           3   39.123536           0   39.123536      3.8551   39.123536     -0.4937
   39.135743           1   39.135743           0   39.135743      3.8466   39.135743     -2.8466
   39.147950           3   39.147950           0   39.147950      3.8416   39.147950     -0.4859
   39.160157           4   39.160157           0   39.160157      3.8500   39.160157      0.0750
   39.172364           3   39.172364           0   39.172364      3.8415   39.172364     -0.4859
   39.184571           1   39.184571           0   39.184571      3.8330   39.184571     -2.8330
   39.196778           3   39.196778           1   39.196778      3.8246   39.196778     -0.4761
   39.208985           2   39.208985           0   39.208985      3.8161   39.208985     -1.2842
   39.221192           4   39.221192           0   39.221192      3.8077   39.221192      0.0962
   39.233399           4   39.233399           0   39.233399      3.7993   39.233399      0.1004
   39.245606           3   39.245606           0   39.245606      3.7944   39.245606     -0.4587
   39.257813           3   39.257813           0   39.257813      3.8030   39.257813     -0.4636
   39.270020           5   39.270020           0   39.270020      3.7946   39.270020      0.5391
   39.282227           2   39.282227           0   39.282227      3.7862   39.282227     -1.2630
   39.294434           0   39.294434           1   39.294434      3.7778   39.294434     -3.7778
   39.306641           2   39.306641           0   39.306641      3.7694   39.306641     -1.2512
   39.318848           4   39.318848           0   39.318848      3.7611   39.318848      0.1194
   39.331055           3   39.331055           0   39.331055      3.7528   39.331055     -0.4346
   39.343262           5   39.343262           0   39.343262      3.7445   39.343262      0.5615
   39.355469           6   39.355469           0   39.355469      3.7362   39.355469      0.9242
   39.367676           4   39.367676           0   39.367676      3.7280   39.367676      0.1360
   39.379883           7   39.379883           0   39.379883      3.7197   39.379883      1.2398
   39.392090           4   39.392090           0   39.392090      3.7115   39.392090      0.1443
   39.404297           4   39.404297           0   39.404297      3.7033   39.404297      0.1484
   39.416504           3   39.416504           0   39.416504      3.6951   39.416504     -0.4013
   39.428711           3   39.428711           0   39.428711      3.6869   39.428711     -0.3966
   39.440918           3   39.440918           0   39.440918      3.6788   39.440918     -0.3919
   39.453125           4   39.453125           0   39.453125      3.6706   39.453125      0.1647
   39.465332           1   39.465332           0   39.465332      3.6625   39.465332     -2.6625
   39.477540           4   39.477540           0   39.477540      3.6544   39.477540      0.1728
   39.489747           9   39.489747           0   39.489747      3.6464   39.489747      1.7845
   39.501954           3   39.501954           0   39.501954      3.6418   39.501954     -0.3706
   39.514161           1   39.514161           0   39.514161      3.6507   39.514161     -2.6507
   39.526368           4   39.526368           0   39.526368      3.6427   39.526368      0.1787
   39.538575           4   39.538575           0   39.538575      3.6346   39.538575      0.1827
   39.550782           4   39.550782           1   39.550782      3.6266   39.550782      0.1867
   39.562989           4   39.562989           0   39.562989      3.6186   39.562989      0.1907
   39.575196           2   39.575196           0   39.575196      3.6106   39.575196     -1.1388
   39.587403           1   39.587403           0   39.587403      3.6026   39.587403     -2.6026
   39.599610           1   39.599610           0   39.599610      3.5946   39.599610     -2.5946
   39.611817           5   39.611817           0   39.611817      3.5867   39.611817      0.6321
   39.624024           5   39.624024           0   39.624024      3.5787   39.624024      0.6356
   39.636231           4   39.636231           0   39.636231      3.5708   39.636231      0.2146
   39.648438           2   39.648438           0   39.648438      3.5629   39.648438     -1.1052
   39.660645           3   39.660645           0   39.660645      3.5550   39.660645     -0.3205
   39.672852           5   39.672852           0   39.672852      3.5472   39.672852      0.6497
   39.685059           2   39.685059           0   39.685059      3.5393   39.685059     -1.0885
   39.697266           5   39.697266           0   39.697266      3.5315   39.697266      0.6567
   39.709473           3   39.709473           0   39.709473      3.5237   39.709473     -0.3024
   39.721680           3   39.721680           0   39.721680      3.5159   39.721680     -0.2979
   39.733887           2   39.733887           0   39.733887      3.5081   39.733887     -1.0664
   39.746094           2   39.746094           0   39.746094      3.5004   39.746094     -1.0609
   39.758301           2   39.758301           0   39.758301      3.4927   39.758301     -1.0555
   39.770508           3   39.770508           0   39.770508      3.4849   39.770508     -0.2800
   39.782715           0   39.782715           0   39.782715      3.4772   39.782715     -3.4772
   39.794922           3   39.794922           0   39.794922      3.4695   39.794922     -0.2711
   39.807129           4   39.807129           0   39.807129      3.4619   39.807129      0.2691
   39.819336           2   39.819336           0   39.819336      3.4542   39.819336     -1.0283
   39.831543           3   39.831543           0   39.831543      3.4466   39.831543     -0.2578
   39.843750           3   39.843750           0   39.843750      3.4390   39.843750     -0.2534
   39.855957           3   39.855957           0   39.855957      3.4314   39.855957     -0.2490
   39.868165           2   39.868165           0   39.868165      3.4238   39.868165     -1.0068
   39.880372           5   39.880372           0   39.880372      3.4162   39.880372      0.7083
   39.892579           3   39.892579           0   39.892579      3.4086   39.892579     -0.2359
   39.904786           2   39.904786           0   39.904786      3.4011   39.904786     -0.9907
   39.916993           2   39.916993           0   39.916993      3.3936   39.916993     -0.9854
   39.929200           2   39.929200           0   39.929200      3.3861   39.929200     -0.9801
   39.941407           2   39.941407           0   39.941407      3.3786   39.941407     -0.9748
   39.953614           1   39.953614           0   39.953614      3.3711   39.953614     -2.3711
   39.965821           2   39.965821           0   39.965821      3.3637   39.965821     -0.9643
   39.978028           2   39.978028           0   39.978028      3.3562   39.978028     -0.9590
   39.990235           1   39.990235           0   39.990235      3.3488   39.990235     -2.3488
   40.002442           6   40.002442           0   40.002442      3.3414   40.002442      1.0854
   40.014649           3   40.014649           0   40.014649      3.3340   40.014649     -0.1929
   40.026856           5   40.026856           0   40.026856      3.3267   40.026856      0.7483
   40.039063           2   40.039063           0   40.039063      3.3193   40.039063     -0.9329
   40.051270           1   40.051270           0   40.051270      3.3120   40.051270     -2.3120
   40.063477           3   40.063477           0   40.063477      3.3046   40.063477     -0.1759
   40.075684           2   40.075684           0   40.075684      3.2973   40.075684     -0.9174
   40.087891           3   40.087891           0   40.087891      3.2901   40.087891     -0.1675
   40.100098           1   40.100098           0   40.100098      3.2828   40.100098     -2.2828
   40.112305           3   40.112305           0   40.112305      3.2755   40.112305     -0.1591
   40.124512           4   40.124512           0   40.124512      3.2683   40.124512      0.3659
   40.136719           2   40.136719           0   40.136719      3.2611   40.136719     -0.8917
   40.148926           4   40.148926           0   40.148926      3.2538   40.148926      0.3731
   40.161133           3   40.161133           0   40.161133      3.2467   40.161133     -0.1424
   40.173340           3   40.173340           0   40.173340      3.2395   40.173340     -0.1383
   40.185547           6   40.185547           0   40.185547      3.2323   40.185547      1.1299
   40.197754           7   40.197754           0   40.197754      3.2252   40.197754      1.4268
   40.209961           1   40.209961           0   40.209961      3.2180   40.209961     -2.2180
   40.222168           0   40.222168           0   40.222168      3.2109   40.222168     -3.2109
   40.234375           0   40.234375           0   40.234375      3.2038   40.234375     -3.2038
   40.246583           2   40.246583           0   40.246583      3.1967   40.246583     -0.8462
   40.258790           4   40.258790           0   40.258790      3.1897   40.258790      0.4052
   40.270997           6   40.270997           0   40.270997      3.1826   40.270997      1.1502
   40.283204           2   40.283204           0   40.283204      3.1756   40.283204     -0.8313
   40.295411           2   40.295411           0   40.295411      3.1686   40.295411     -0.8263
   40.307618           4   40.307618           0   40.307618      3.1616   40.307618      0.4192
   40.319825           2   40.319825           0   40.319825      3.1546   40.319825     -0.8164
   40.332032           2   40.332032           0   40.332032      3.1476   40.332032     -0.8115
   40.344239           4   40.344239           0   40.344239      3.1406   40.344239      0.4297
   40.356446           2   40.356446           0   40.356446      3.1337   40.356446     -0.8016
   40.368653           2   40.368653           0   40.368653      3.1268   40.368653     -0.7967
   40.380860           4   40.380860           0   40.380860      3.1199   40.380860      0.4401
   40.393067           3   40.393067           0   40.393067      3.1130   40.393067     -0.0652
   40.405274           6   40.405274           0   40.405274      3.1061   40.405274      1.1814
   40.417481           2   40.417481           0   40.417481      3.0992   40.417481     -0.7773
   40.429688           4   40.429688           0   40.429688      3.0924   40.429688      0.4538
   40.441895           3   40.441895           0   40.441895      3.0855   40.441895     -0.0494
   40.454102           3   40.454102           0   40.454102      3.0787   40.454102     -0.0454
   40.466309           1   40.466309           0   40.466309      3.0719   40.466309     -2.0719
   40.478516           0   40.478516           0   40.478516      3.0651   40.478516     -3.0651
   40.490723           5   40.490723           0   40.490723      3.0583   40.490723      0.8683
   40.502930           3   40.502930           0   40.502930      3.0516   40.502930     -0.0298
   40.515137           8   40.515137           0   40.515137      3.0448   40.515137      1.7519
   40.527344           2   40.527344           0   40.527344      3.0381   40.527344     -0.7340
   40.539551           1   40.539551           0   40.539551      3.0314   40.539551     -2.0314
   40.551758           8   40.551758           0   40.551758      3.0247   40.551758      1.7590
   40.563965           5   40.563965           0   40.563965      3.0180   40.563965      0.8864
   40.576172           3   40.576172           0   40.576172      3.0113   40.576172     -0.0065
   40.588379           2   40.588379           0   40.588379      3.0046   40.588379     -0.7104
   40.600586           5   40.600586           0   40.600586      2.9980   40.600586      0.8953
   40.612793           5   40.612793           0   40.612793      2.9949   40.612793      0.8967
   40.625000           0   40.625000           0   40.625000      3.0052   40.625000     -3.0052
   40.637208           3   40.637208           0   40.637208      2.9986   40.637208      0.0008
   40.649415           5   40.649415           0   40.649415      2.9920   40.649415      0.8980
   40.661622           2   40.661622           1   40.661622      2.9889   40.661622     -0.6993
   40.673829           4   40.673829           0   40.673829      2.9992   40.673829      0.5004
   40.686036           6   40.686036           0   40.686036      2.9926   40.686036      1.2278
   40.698243           0   40.698243           0   40.698243      2.9860   40.698243     -2.9860
   40.710450           0   40.710450           1   40.710450      2.9794   40.710450     -2.9794
   40.722657           3   40.722657           0   40.722657      2.9764   40.722657      0.0136
   40.734864           3   40.734864           0   40.734864      2.9867   40.734864      0.0077
   40.747071           2   40.747071           0   40.747071      2.9801   40.747071     -0.6930
   40.759278           2   40.759278           0   40.759278      2.9735   40.759278     -0.6884
   40.771485           1   40.771485           1   40.771485      2.9669   40.771485     -1.9669
   40.783692           1   40.783692           0   40.783692      2.9604   40.783692     -1.9604
   40.795899           2   40.795899           0   40.795899      2.9538   40.795899     -0.6745
   40.808106           2   40.808106           0   40.808106      2.9473   40.808106     -0.6699
   40.820313           4   40.820313           0   40.820313      2.9408   40.820313      0.5296
   40.832520           3   40.832520           0   40.832520      2.9343   40.832520      0.0379
   40.844727           5   40.844727           0   40.844727      2.9278   40.844727      0.9267
   40.856934           2   40.856934           0   40.856934      2.9213   40.856934     -0.6515
   40.869141           4   40.869141           0   40.869141      2.9149   40.869141      0.5426
   40.881348           2   40.881348           0   40.881348      2.9084   40.881348     -0.6424
   40.893555           4   40.893555           0   40.893555      2.9020   40.893555      0.5490
   40.905762           2   40.905762           0   40.905762      2.8956   40.905762     -0.6333
   40.917969           2   40.917969           0   40.917969      2.8892   40.917969     -0.6287
   40.930176           1   40.930176           0   40.930176      2.8828   40.930176     -1.8828
   40.942383           3   40.942383           0   40.942383      2.8764   40.942383      0.0713
   40.954590           1   40.954590           0   40.954590      2.8701   40.954590     -1.8701
   40.966797           1   40.966797           0   40.966797      2.8637   40.966797     -1.8637
   40.979004           4   40.979004           0   40.979004      2.8574   40.979004      0.5713
   40.991211           4   40.991211           0   40.991211      2.8511   40.991211      0.5745
   41.003418           3   41.003418           0   41.003418      2.8448   41.003418      0.0896
   41.015625           3   41.015625           0   41.015625      2.8385   41.015625      0.0933
   41.027833           2   41.027833           0   41.027833      2.8322   41.027833     -0.5885
   41.040040           1   41.040040           0   41.040040      2.8259   41.040040     -1.8259
   41.052247           3   41.052247           0   41.052247      2.8197   41.052247      0.1041
   41.064454           2   41.064454           0   41.064454      2.8135   41.064454     -0.5752
   41.076661           2   41.076661           0   41.076661      2.8072   41.076661     -0.5708
   41.088868           2   41.088868           0   41.088868      2.8010   41.088868     -0.5664
   41.101075           0   41.101075           0   41.101075      2.7948   41.101075     -2.7948
   41.113282           3   41.113282           0   41.113282      2.7887   41.113282      0.1220
   41.125489           1   41.125489           0   41.125489      2.7825   41.125489     -1.7825
   41.137696           2   41.137696           0   41.137696      2.7799   41.137696     -0.5515
   41.149903           2   41.149903           0   41.149903      2.7907   41.149903     -0.5591
   41.162110           0   41.162110           0   41.162110      2.7881   41.162110     -2.7881
   41.174317           1   41.174317           0   41.174317      2.7988   41.174317     -1.7988
   41.186524           6   41.186524           1   41.186524      2.7927   41.186524      1.3094
   41.198731           4   41.198731           0   41.198731      2.7865   41.198731      0.6068
   41.210938           4   41.210938           1   41.210938      2.7803   41.210938      0.6098
   41.223145           1   41.223145           0   41.223145      2.7742   41.223145     -1.7742
   41.235352           6   41.235352           0   41.235352      2.7680   41.235352      1.3194
   41.247559           1   41.247559           0   41.247559      2.7655   41.247559     -1.7655
   41.259766           2   41.259766           0   41.259766      2.7763   41.259766     -0.5489
   41.271973           4   41.271973           0   41.271973      2.7737   41.271973      0.6131
   41.284180           5   41.284180           0   41.284180      2.7845   41.284180      0.9908
   41.296387           3   41.296387           1   41.296387      2.7784   41.296387      0.1280
   41.308594           4   41.308594           0   41.308594      2.7722   41.308594      0.6139
   41.320801           2   41.320801           1   41.320801      2.7661   41.320801     -0.5417
   41.333008           2   41.333008           0   41.333008      2.7600   41.333008     -0.5374
   41.345215           5   41.345215           0   41.345215      2.7539   41.345215      1.0045
   41.357422           0   41.357422           0   41.357422      2.7478   41.357422     -2.7478
   41.369629           2   41.369629           0   41.369629      2.7417   41.369629     -0.5245
   41.381836           3   41.381836           0   41.381836      2.7357   41.381836      0.1526
   41.394043           3   41.394043           0   41.394043      2.7296   41.394043      0.1561
   41.406250           2   41.406250           0   41.406250      2.7236   41.406250     -0.5116
   41.418458           2   41.418458           0   41.418458      2.7176   41.418458     -0.5074
   41.430665           2   41.430665           0   41.430665      2.7151   41.430665     -0.5057
   41.442872           1   41.442872           0   41.442872      2.7260   41.442872     -1.7260
   41.455079           3   41.455079           0   41.455079      2.7200   41.455079      0.1617
   41.467286           4   41.467286           0   41.467286      2.7140   41.467286      0.6430
   41.479493           4   41.479493           1   41.479493      2.7080   41.479493      0.6460
   41.491700           1   41.491700           0   41.491700      2.7020   41.491700     -1.7020
   41.503907           4   41.503907           0   41.503907      2.6960   41.503907      0.6520
   41.516114           3   41.516114           0   41.516114      2.6901   41.516114      0.1789
   41.528321           3   41.528321           0   41.528321      2.6841   41.528321      0.1824
   41.540528           1   41.540528           0   41.540528      2.6782   41.540528     -1.6782
   41.552735           3   41.552735           0   41.552735      2.6723   41.552735      0.1892
   41.564942           3   41.564942           0   41.564942      2.6664   41.564942      0.1926
   41.577149           3   41.577149           0   41.577149      2.6605   41.577149      0.1960
   41.589356           4   41.589356           0   41.589356      2.6546   41.589356      0.6727
   41.601563           4   41.601563           0   41.601563      2.6487   41.601563      0.6756
   41.613770           3   41.613770           0   41.613770      2.6429   41.613770      0.2062
   41.625977           2   41.625977           0   41.625977      2.6370   41.625977     -0.4504
   41.638184           1   41.638184           0   41.638184      2.6312   41.638184     -1.6312
   41.650391           5   41.650391           0   41.650391      2.6254   41.650391      1.0620
   41.662598           3   41.662598           0   41.662598      2.6196   41.662598      0.2196
   41.674805           4   41.674805           0   41.674805      2.6138   41.674805      0.6931
   41.687012           1   41.687012           0   41.687012      2.6080   41.687012     -1.6080
   41.699219           1   41.699219           0   41.699219      2.6022   41.699219     -1.6022
   41.711426           2   41.711426           0   41.711426      2.5965   41.711426     -0.4218
   41.723633           4   41.723633           0   41.723633      2.5907   41.723633      0.7046
   41.735840           3   41.735840           0   41.735840      2.5850   41.735840      0.2396
   41.748047           4   41.748047           0   41.748047      2.5793   41.748047      0.7104
   41.760254           3   41.760254           0   41.760254      2.5736   41.760254      0.2462
   41.772461           2   41.772461           0   41.772461      2.5679   41.772461     -0.4016
   41.784668           1   41.784668           0   41.784668      2.5622   41.784668     -1.5622
   41.796875           2   41.796875           0   41.796875      2.5566   41.796875     -0.3935
   41.809083           2   41.809083           0   41.809083      2.5509   41.809083     -0.3895
   41.821290           3   41.821290           0   41.821290      2.5453   41.821290      0.2625
   41.833497           2   41.833497           0   41.833497      2.5432   41.833497     -0.3841
   41.845704           1   41.845704           0   41.845704      2.5545   41.845704     -1.5545
   41.857911           5   41.857911           0   41.857911      2.5489   41.857911      1.0962
   41.870118           1   41.870118           0   41.870118      2.5468   41.870118     -1.5468
   41.882325           2   41.882325           1   41.882325      2.5581   41.882325     -0.3946
   41.894532           3   41.894532           0   41.894532      2.5524   41.894532      0.2584
   41.906739           2   41.906739           0   41.906739      2.5468   41.906739     -0.3866
   41.918946           3   41.918946           1   41.918946      2.5412   41.918946      0.2649
   41.931153           2   41.931153           0   41.931153      2.5355   41.931153     -0.3787
   41.943360           1   41.943360           0   41.943360      2.5299   41.943360     -1.5299
   41.955567           2   41.955567           0   41.955567      2.5243   41.955567     -0.3708
   41.967774           7   41.967774           0   41.967774      2.5188   41.967774      1.6937
   41.979981           3   41.979981           0   41.979981      2.5167   41.979981      0.2790
   41.992188           0   41.992188           0   41.992188      2.5281   41.992188     -2.5281
   42.004395           2   42.004395           0   42.004395      2.5225   42.004395     -0.3695
   42.016602           3   42.016602           0   42.016602      2.5170   42.016602      0.2789
   42.028809           1   42.028809           1   42.028809      2.5114   42.028809     -1.5114
   42.041016           0   42.041016           0   42.041016      2.5058   42.041016     -2.5058
   42.053223           1   42.053223           0   42.053223      2.5003   42.053223     -1.5003
   42.065430           4   42.065430           0   42.065430      2.4948   42.065430      0.7526
   42.077637           0   42.077637           0   42.077637      2.4893   42.077637     -2.4893
   42.089844           3   42.089844           0   42.089844      2.4837   42.089844      0.2981
   42.102051           3   42.102051           0   42.102051      2.4783   42.102051      0.3012
   42.114258           2   42.114258           0   42.114258      2.4728   42.114258     -0.3343
   42.126465           1   42.126465           0   42.126465      2.4673   42.126465     -1.4673
   42.138672           2   42.138672           0   42.138672      2.4654   42.138672     -0.3291
   42.150879           0   42.150879           0   42.150879      2.4769   42.150879     -2.4769
   42.163086           1   42.163086           0   42.163086      2.4714   42.163086     -1.4714
   42.175293           1   42.175293           0   42.175293      2.4660   42.175293     -1.4660
   42.187500           2   42.187500           1   42.187500      2.4605   42.187500     -0.3256
   42.199708           3   42.199708           0   42.199708      2.4551   42.199708      0.3146
   42.211915           4   42.211915           0   42.211915      2.4496   42.211915      0.7752
   42.224122           2   42.224122           0   42.224122      2.4442   42.224122     -0.3141
   42.236329           2   42.236329           0   42.236329      2.4388   42.236329     -0.3103
   42.248536           1   42.248536           0   42.248536      2.4334   42.248536     -1.4334
   42.260743           1   42.260743           0   42.260743      2.4280   42.260743     -1.4280
   42.272950           0   42.272950           0   42.272950      2.4227   42.272950     -2.4227
   42.285157           3   42.285157           0   42.285157      2.4173   42.285157      0.3364
   42.297364           1   42.297364           0   42.297364      2.4120   42.297364     -1.4120
   42.309571           2   42.309571           0   42.309571      2.4066   42.309571     -0.2875
   42.321778           1   42.321778           0   42.321778      2.4013   42.321778     -1.4013
   42.333985           1   42.333985           0   42.333985      2.3960   42.333985     -1.3960
   42.346192           0   42.346192           0   42.346192      2.3907   42.346192     -2.3907
   42.358399           3   42.358399           0   42.358399      2.3854   42.358399      0.3548
   42.370606           3   42.370606           0   42.370606      2.3802   42.370606      0.3579
   42.382813           1   42.382813           0   42.382813      2.3749   42.382813     -1.3749
   42.395020           3   42.395020           0   42.395020      2.3696   42.395020      0.3639
   42.407227           5   42.407227           0   42.407227      2.3644   42.407227      1.1787
   42.419434           3   42.419434           0   42.419434      2.3592   42.419434      0.3700
   42.431641           1   42.431641           0   42.431641      2.3540   42.431641     -1.3540
   42.443848           2   42.443848           0   42.443848      2.3488   42.443848     -0.2466
   42.456055           6   42.456055           0   42.456055      2.3436   42.456055      1.4927
   42.468262           2   42.468262           0   42.468262      2.3384   42.468262     -0.2393
   42.480469           2   42.480469           0   42.480469      2.3332   42.480469     -0.2356
   42.492676           2   42.492676           0   42.492676      2.3281   42.492676     -0.2320
   42.504883           2   42.504883           0   42.504883      2.3229   42.504883     -0.2283
   42.517090           1   42.517090           0   42.517090      2.3178   42.517090     -1.3178
   42.529297           1   42.529297           0   42.529297      2.3127   42.529297     -1.3127
   42.541504           3   42.541504           0   42.541504      2.3075   42.541504      0.3998
   42.553711           1   42.553711           0   42.553711      2.3024   42.553711     -1.3024
   42.565918           1   42.565918           0   42.565918      2.2973   42.565918     -1.2973
   42.578125           1   42.578125           0   42.578125      2.2923   42.578125     -1.2923
   42.590333           1   42.590333           0   42.590333      2.2872   42.590333     -1.2872
   42.602540           1   42.602540           0   42.602540      2.2821   42.602540     -1.2821
   42.614747           5   42.614747           0   42.614747      2.2771   42.614747      1.2177
   42.626954           1   42.626954           0   42.626954      2.2721   42.626954     -1.2721
   42.639161           2   42.639161           0   42.639161      2.2670   42.639161     -0.1888
   42.651368           1   42.651368           0   42.651368      2.2620   42.651368     -1.2620
   42.663575           1   42.663575           0   42.663575      2.2570   42.663575     -1.2570
   42.675782           5   42.675782           0   42.675782      2.2520   42.675782      1.2289
   42.687989           2   42.687989           0   42.687989      2.2471   42.687989     -0.1747
   42.700196           3   42.700196           0   42.700196      2.2421   42.700196      0.4376
   42.712403           4   42.712403           0   42.712403      2.2371   42.712403      0.8814
   42.724610           1   42.724610           0   42.724610      2.2322   42.724610     -1.2322
   42.736817           0   42.736817           0   42.736817      2.2273   42.736817     -2.2273
   42.749024           3   42.749024           0   42.749024      2.2223   42.749024      0.4490
   42.761231           1   42.761231           0   42.761231      2.2174   42.761231     -1.2174
   42.773438           2   42.773438           0   42.773438      2.2125   42.773438     -0.1503
   42.785645           2   42.785645           0   42.785645      2.2076   42.785645     -0.1468
   42.797852           6   42.797852           0   42.797852      2.2027   42.797852      1.5502
   42.810059           1   42.810059           0   42.810059      2.2014   42.810059     -1.2014
   42.822266           3   42.822266           0   42.822266      2.2135   42.822266      0.4541
   42.834473           0   42.834473           0   42.834473      2.2086   42.834473     -2.2086
   42.846680           3   42.846680           0   42.846680      2.2037   42.846680      0.4597
   42.858887           1   42.858887           1   42.858887      2.1988   42.858887     -1.1988
   42.871094           2   42.871094           0   42.871094      2.1940   42.871094     -0.1372
   42.883301           1   42.883301           0   42.883301      2.1891   42.883301     -1.1891
   42.895508           2   42.895508           0   42.895508      2.1843   42.895508     -0.1303
   42.907715           1   42.907715           0   42.907715      2.1795   42.907715     -1.1795
   42.919922           2   42.919922           0   42.919922      2.1746   42.919922     -0.1235
   42.932129           3   42.932129           0   42.932129      2.1770   42.932129      0.4752
   42.944336           2   42.944336           0   42.944336      2.2060   42.944336     -0.1457
   42.956543           2   42.956543           0   42.956543      2.2011   42.956543     -0.1422
   42.968751           2   42.968751           0   42.968751      2.1963   42.968751     -0.1388
   42.980958           2   42.980958           2   42.980958      2.1914   42.980958     -0.1353
   42.993165           5   42.993165           0   42.993165      2.1866   42.993165      1.2582
   43.005372           1   43.005372           0   43.005372      2.1817   43.005372     -1.1817
   43.017579           2   43.017579           0   43.017579      2.1769   43.017579     -0.1251
   43.029786           4   43.029786           0   43.029786      2.1721   43.029786      0.9140
   43.041993           2   43.041993           0   43.041993      2.1673   43.041993     -0.1183
   43.054200           2   43.054200           0   43.054200      2.1625   43.054200     -0.1149
   43.066407           3   43.066407           0   43.066407      2.1577   43.066407      0.4863
   43.078614           5   43.078614           0   43.078614      2.1530   43.078614      1.2732
   43.090821           3   43.090821           0   43.090821      2.1482   43.090821      0.4918
   43.103028           1   43.103028           0   43.103028      2.1434   43.103028     -1.1434
   43.115235           2   43.115235           0   43.115235      2.1387   43.115235     -0.0981
   43.127442           3   43.127442           0   43.127442      2.1340   43.127442      0.5000
   43.139649           5   43.139649           0   43.139649      2.1293   43.139649      1.2838
   43.151856           2   43.151856           0   43.151856      2.1245   43.151856     -0.0881
   43.164063           2   43.164063           0   43.164063      2.1199   43.164063     -0.0847
   43.176270           2   43.176270           0   43.176270      2.1152   43.176270     -0.0814
   43.188477           1   43.188477           0   43.188477      2.1105   43.188477     -1.1105
   43.200684           0   43.200684           0   43.200684      2.1058   43.200684     -2.1058
   43.212891           3   43.212891           0   43.212891      2.1012   43.212891      0.5189
   43.225098           0   43.225098           0   43.225098      2.0965   43.225098     -2.0965
   43.237305           1   43.237305           0   43.237305      2.0919   43.237305     -1.0919
   43.249512           3   43.249512           0   43.249512      2.0873   43.249512      0.5270
   43.261719           1   43.261719           0   43.261719      2.0826   43.261719     -1.0826
   43.273926           1   43.273926           0   43.273926      2.0780   43.273926     -1.0780
   43.286133           1   43.286133           0   43.286133      2.0734   43.286133     -1.0734
   43.298340           3   43.298340           0   43.298340      2.0689   43.298340      0.5376
   43.310547           3   43.310547           0   43.310547      2.0643   43.310547      0.5402
   43.322754           2   43.322754           0   43.322754      2.0597   43.322754     -0.0422
   43.334961           5   43.334961           0   43.334961      2.0552   43.334961      1.3170
   43.347168           6   43.347168           0   43.347168      2.0506   43.347168      1.6123
   43.359376           1   43.359376           0   43.359376      2.0461   43.359376     -1.0461
   43.371583           1   43.371583           0   43.371583      2.0416   43.371583     -1.0416
   43.383790           5   43.383790           0   43.383790      2.0371   43.383790      1.3251
   43.395997           2   43.395997           0   43.395997      2.0326   43.395997     -0.0230
   43.408204           1   43.408204           0   43.408204      2.0281   43.408204     -1.0281
   43.420411           1   43.420411           0   43.420411      2.0236   43.420411     -1.0236
   43.432618           1   43.432618           0   43.432618      2.0227   43.432618     -1.0227
   43.444825           0   43.444825           0   43.444825      2.0351   43.444825     -2.0351
   43.457032           2   43.457032           0   43.457032      2.0306   43.457032     -0.0217
   43.469239           3   43.469239           0   43.469239      2.0261   43.469239      0.5623
   43.481446           1   43.481446           1   43.481446      2.0217   43.481446     -1.0217
   43.493653           1   43.493653           0   43.493653      2.0172   43.493653     -1.0172
   43.505860           0   43.505860           0   43.505860      2.0127   43.505860     -2.0127
   43.518067           3   43.518067           0   43.518067      2.0083   43.518067      0.5726
   43.530274           3   43.530274           0   43.530274      2.0038   43.530274      0.5751
   43.542481           1   43.542481           0   43.542481      1.9994   43.542481     -0.9994
   43.554688           5   43.554688           0   43.554688      1.9985   43.554688      1.3423
   43.566895           1   43.566895           0   43.566895      2.0111   43.566895     -1.0111
   43.579102           3   43.579102           0   43.579102      2.0066   43.579102      0.5735
   43.591309           3   43.591309           0   43.591309      2.0022   43.591309      0.5761
   43.603516           0   43.603516           1   43.603516      1.9978   43.603516     -1.9978
   43.615723           3   43.615723           0   43.615723      1.9933   43.615723      0.5812
   43.627930           3   43.627930           0   43.627930      1.9889   43.627930      0.5837
   43.640137           0   43.640137           0   43.640137      1.9845   43.640137     -1.9845
   43.652344           1   43.652344           0   43.652344      1.9801   43.652344     -0.9801
   43.664551           2   43.664551           0   43.664551      1.9758   43.664551      0.0171
   43.676758           1   43.676758           0   43.676758      1.9714   43.676758     -0.9714
   43.688965           2   43.688965           0   43.688965      1.9670   43.688965      0.0233
   43.701172           2   43.701172           0   43.701172      1.9627   43.701172      0.0264
   43.713379           1   43.713379           0   43.713379      1.9583   43.713379     -0.9583
   43.725586           3   43.725586           0   43.725586      1.9540   43.725586      0.6039
   43.737793           2   43.737793           0   43.737793      1.9497   43.737793      0.0356
   43.750001           4   43.750001           0   43.750001      1.9454   43.750001      1.0273
   43.762208           1   43.762208           0   43.762208      1.9411   43.762208     -0.9411
   43.774415           2   43.774415           0   43.774415      1.9368   43.774415      0.0447
   43.786622           1   43.786622           0   43.786622      1.9325   43.786622     -0.9325
   43.798829           1   43.798829           0   43.798829      1.9282   43.798829     -0.9282
   43.811036           2   43.811036           0   43.811036      1.9240   43.811036      0.0538
   43.823243           1   43.823243           0   43.823243      1.9197   43.823243     -0.9197
   43.835450           3   43.835450           0   43.835450      1.9155   43.835450      0.6261
   43.847657           3   43.847657           0   43.847657      1.9112   43.847657      0.6286
   43.859864           1   43.859864           0   43.859864      1.9070   43.859864     -0.9070
   43.872071           5   43.872071           0   43.872071      1.9028   43.872071      1.3851
   43.884278           2   43.884278           0   43.884278      1.8986   43.884278      0.0717
   43.896485           0   43.896485           0   43.896485      1.8944   43.896485     -1.8944
   43.908692           1   43.908692           0   43.908692      1.8902   43.908692     -0.8902
   43.920899           1   43.920899           0   43.920899      1.8860   43.920899     -0.8860
   43.933106           6   43.933106           0   43.933106      1.8819   43.933106      1.6812
   43.945313           1   43.945313           0   43.945313      1.8777   43.945313     -0.8777
   43.957520           1   43.957520           0   43.957520      1.8736   43.957520     -0.8736
   43.969727           1   43.969727           0   43.969727      1.8694   43.969727     -0.8694
   43.981934           2   43.981934           0   43.981934      1.8653   43.981934      0.0953
   43.994141           0   43.994141           0   43.994141      1.8612   43.994141     -1.8612
   44.006348           5   44.006348           0   44.006348      1.8570   44.006348      1.4056
   44.018555           1   44.018555           0   44.018555      1.8529   44.018555     -0.8529
   44.030762           4   44.030762           0   44.030762      1.8488   44.030762      1.0756
   44.042969           2   44.042969           0   44.042969      1.8448   44.042969      0.1098
   44.055176           2   44.055176           0   44.055176      1.8442   44.055176      0.1101
   44.067383           0   44.067383           0   44.067383      1.8571   44.067383     -1.8571
   44.079590           1   44.079590           0   44.079590      1.8565   44.079590     -0.8565
   44.091797           2   44.091797           0   44.091797      1.8694   44.091797      0.0924
   44.104004           1   44.104004           1   44.104004      1.8652   44.104004     -0.8652
   44.116211           3   44.116211           0   44.116211      1.8611   44.116211      0.6575
   44.128418           6   44.128418           1   44.128418      1.8570   44.128418      1.6914
   44.140626           2   44.140626           0   44.140626      1.8529   44.140626      0.1040
   44.152833           1   44.152833           0   44.152833      1.8488   44.152833     -0.8488
   44.165040           0   44.165040           0   44.165040      1.8447   44.165040     -1.8447
   44.177247           0   44.177247           0   44.177247      1.8406   44.177247     -1.8406
   44.189454           1   44.189454           0   44.189454      1.8366   44.189454     -0.8366
   44.201661           5   44.201661           0   44.201661      1.8325   44.201661      1.4166
   44.213868           1   44.213868           0   44.213868      1.8320   44.213868     -0.8320
   44.226075           2   44.226075           0   44.226075      1.8449   44.226075      0.1097
   44.238282           2   44.238282           0   44.238282      1.8408   44.238282      0.1126
   44.250489           3   44.250489           0   44.250489      1.8403   44.250489      0.6696
   44.262696           2   44.262696           1   44.262696      1.8532   44.262696      0.1038
   44.274903           3   44.274903           0   44.274903      1.8491   44.274903      0.6645
   44.287110           2   44.287110           0   44.287110      1.8450   44.287110      0.1096
   44.299317           3   44.299317           1   44.299317      1.8409   44.299317      0.6692
   44.311524           1   44.311524           0   44.311524      1.8368   44.311524     -0.8368
   44.323731           4   44.323731           0   44.323731      1.8328   44.323731      1.0836
   44.335938           6   44.335938           0   44.335938      1.8287   44.335938      1.7029
   44.348145           1   44.348145           0   44.348145      1.8247   44.348145     -0.8247
   44.360352           2   44.360352           0   44.360352      1.8206   44.360352      0.1268
   44.372559           1   44.372559           0   44.372559      1.8166   44.372559     -0.8166
   44.384766           0   44.384766           0   44.384766      1.8126   44.384766     -1.8126
   44.396973           4   44.396973           0   44.396973      1.8086   44.396973      1.0957
   44.409180           1   44.409180           0   44.409180      1.8046   44.409180     -0.8046
   44.421387           2   44.421387           0   44.421387      1.8006   44.421387      0.1410
   44.433594           2   44.433594           0   44.433594      1.7966   44.433594      0.1438
   44.445801           2   44.445801           0   44.445801      1.7926   44.445801      0.1466
   44.458008           2   44.458008           0   44.458008      1.7887   44.458008      0.1494
   44.470215           2   44.470215           0   44.470215      1.7847   44.470215      0.1522
   44.482422           2   44.482422           0   44.482422      1.7843   44.482422      0.1525
   44.494629           3   44.494629           0   44.494629      1.7973   44.494629      0.6944
   44.506836           2   44.506836           0   44.506836      1.7934   44.506836      0.1461
   44.519043           3   44.519043           0   44.519043      1.7894   44.519043      0.6989
   44.531251           1   44.531251           1   44.531251      1.7854   44.531251     -0.7854
   44.543458           2   44.543458           0   44.543458      1.7815   44.543458      0.1545
   44.555665           2   44.555665           0   44.555665      1.7775   44.555665      0.1573
   44.567872           5   44.567872           0   44.567872      1.7736   44.567872      1.4429
   44.580079           2   44.580079           0   44.580079      1.7697   44.580079      0.1628
   44.592286           0   44.592286           0   44.592286      1.7693   44.592286     -1.7693
   44.604493           2   44.604493           0   44.604493      1.7824   44.604493      0.1539
   44.616700           2   44.616700           0   44.616700      1.7784   44.616700      0.1567
   44.628907           0   44.628907           0   44.628907      1.7745   44.628907     -1.7745
   44.641114           0   44.641114           1   44.641114      1.7706   44.641114     -1.7706
   44.653321           2   44.653321           0   44.653321      1.7667   44.653321      0.1650
   44.665528           1   44.665528           0   44.665528      1.7627   44.665528     -0.7627
   44.677735           1   44.677735           0   44.677735      1.7589   44.677735     -0.7589
   44.689942           2   44.689942           0   44.689942      1.7550   44.689942      0.1733
   44.702149           2   44.702149           0   44.702149      1.7511   44.702149      0.1760
   44.714356           1   44.714356           0   44.714356      1.7508   44.714356     -0.7508
   44.726563           2   44.726563           0   44.726563      1.7638   44.726563      0.1670
   44.738770           3   44.738770           0   44.738770      1.7599   44.738770      0.7160
   44.750977           1   44.750977           0   44.750977      1.7560   44.750977     -0.7560
   44.763184           1   44.763184           1   44.763184      1.7522   44.763184     -0.7522
   44.775391           1   44.775391           0   44.775391      1.7483   44.775391     -0.7483
   44.787598           0   44.787598           0   44.787598      1.7444   44.787598     -1.7444
   44.799805           4   44.799805           0   44.799805      1.7406   44.799805      1.1297
   44.812012           3   44.812012           0   44.812012      1.7367   44.812012      0.7294
   44.824219           1   44.824219           0   44.824219      1.7329   44.824219     -0.7329
   44.836426           1   44.836426           0   44.836426      1.7290   44.836426     -0.7290
   44.848633           1   44.848633           0   44.848633      1.7252   44.848633     -0.7252
   44.860840           0   44.860840           0   44.860840      1.7214   44.860840     -1.7214
   44.873047           0   44.873047           0   44.873047      1.7176   44.873047     -1.7176
   44.885254           0   44.885254           0   44.885254      1.7138   44.885254     -1.7138
   44.897461           0   44.897461           0   44.897461      1.7100   44.897461     -1.7100
   44.909668           2   44.909668           0   44.909668      1.7062   44.909668      0.2077
   44.921876           3   44.921876           0   44.921876      1.7025   44.921876      0.7491
   44.934083           0   44.934083           0   44.934083      1.6987   44.934083     -1.6987
   44.946290           0   44.946290           0   44.946290      1.6949   44.946290     -1.6949
   44.958497           3   44.958497           0   44.958497      1.6912   44.958497      0.7556
   44.970704           3   44.970704           0   44.970704      1.6875   44.970704      0.7578
   44.982911           2   44.982911           0   44.982911      1.6837   44.982911      0.2236
   44.995118           0   44.995118           0   44.995118      1.6800   44.995118     -1.6800
   45.007325           0   45.007325           0   45.007325      1.6763   45.007325     -1.6763
   45.019532           1   45.019532           0   45.019532      1.6726   45.019532     -0.6726
   45.031739           3   45.031739           0   45.031739      1.6689   45.031739      0.7685
   45.043946           1   45.043946           0   45.043946      1.6652   45.043946     -0.6652
   45.056153           1   45.056153           0   45.056153      1.6615   45.056153     -0.6615
   45.068360           3   45.068360           0   45.068360      1.6614   45.068360      0.7728
   45.080567           1   45.080567           0   45.080567      1.6747   45.080567     -0.6747
   45.092774           2   45.092774           0   45.092774      1.6710   45.092774      0.2327
   45.104981           0   45.104981           0   45.104981      1.6673   45.104981     -1.6673
   45.117188           1   45.117188           1   45.117188      1.6636   45.117188     -0.6636
   45.129395           1   45.129395           0   45.129395      1.6599   45.129395     -0.6599
   45.141602           1   45.141602           0   45.141602      1.6562   45.141602     -0.6562
   45.153809           0   45.153809           0   45.153809      1.6526   45.153809     -1.6526
   45.166016           1   45.166016           0   45.166016      1.6489   45.166016     -0.6489
   45.178223           1   45.178223           0   45.178223      1.6453   45.178223     -0.6453
   45.190430           1   45.190430           0   45.190430      1.6416   45.190430     -0.6416
   45.202637           0   45.202637           0   45.202637      1.6380   45.202637     -1.6380
   45.214844           2   45.214844           0   45.214844      1.6344   45.214844      0.2585
   45.227051           2   45.227051           0   45.227051      1.6308   45.227051      0.2611
   45.239258           3   45.239258           0   45.239258      1.6272   45.239258      0.7926
   45.251465           0   45.251465           0   45.251465      1.6236   45.251465     -1.6236
   45.263672           2   45.263672           0   45.263672      1.6200   45.263672      0.2687
   45.275879           2   45.275879           0   45.275879      1.6164   45.275879      0.2712
   45.288086           2   45.288086           0   45.288086      1.6128   45.288086      0.2738
   45.300293           2   45.300293           0   45.300293      1.6093   45.300293      0.2763
   45.312501           6   45.312501           0   45.312501      1.6057   45.312501      1.7940
   45.324708           0   45.324708           0   45.324708      1.6021   45.324708     -1.6021
   45.336915           2   45.336915           0   45.336915      1.5986   45.336915      0.2838
   45.349122           1   45.349122           0   45.349122      1.5951   45.349122     -0.5951
   45.361329           0   45.361329           0   45.361329      1.5915   45.361329     -1.5915
   45.373536           1   45.373536           0   45.373536      1.5880   45.373536     -0.5880
   45.385743           5   45.385743           0   45.385743      1.5845   45.385743      1.5275
   45.397950           1   45.397950           0   45.397950      1.5810   45.397950     -0.5810
   45.410157           0   45.410157           0   45.410157      1.5775   45.410157     -1.5775
   45.422364           0   45.422364           0   45.422364      1.5740   45.422364     -1.5740
   45.434571           2   45.434571           0   45.434571      1.5706   45.434571      0.3037
   45.446778           0   45.446778           0   45.446778      1.5671   45.446778     -1.5671
   45.458985           3   45.458985           0   45.458985      1.5636   45.458985      0.8293
   45.471192           1   45.471192           0   45.471192      1.5602   45.471192     -0.5602
   45.483399           1   45.483399           0   45.483399      1.5603   45.483399     -0.5603
   45.495606           3   45.495606           0   45.495606      1.5737   45.495606      0.8234
   45.507813           2   45.507813           0   45.507813      1.5703   45.507813      0.3039
   45.520020           3   45.520020           0   45.520020      1.5668   45.520020      0.8275
   45.532227           1   45.532227           1   45.532227      1.5633   45.532227     -0.5633
   45.544434           2   45.544434           0   45.544434      1.5599   45.544434      0.3112
   45.556641           3   45.556641           0   45.556641      1.5564   45.556641      0.8334
   45.568848           0   45.568848           0   45.568848      1.5530   45.568848     -1.5530
   45.581055           2   45.581055           0   45.581055      1.5531   45.581055      0.3160
   45.593262           2   45.593262           0   45.593262      1.5666   45.593262      0.3065
   45.605469           1   45.605469           0   45.605469      1.5631   45.605469     -0.5631
   45.617676           2   45.617676           0   45.617676      1.5632   45.617676      0.3088
   45.629883           1   45.629883           1   45.629883      1.5767   45.629883     -0.5767
   45.642090           1   45.642090           0   45.642090      1.5732   45.642090     -0.5732
   45.654297           1   45.654297           0   45.654297      1.5698   45.654297     -0.5698
   45.666504           2   45.666504           1   45.666504      1.5663   45.666504      0.3067
   45.678711           1   45.678711           0   45.678711      1.5628   45.678711     -0.5628
   45.690919           1   45.690919           0   45.690919      1.5594   45.690919     -0.5594
   45.703126           2   45.703126           0   45.703126      1.5559   45.703126      0.3140
   45.715333           0   45.715333           0   45.715333      1.5525   45.715333     -1.5525
   45.727540           3   45.727540           0   45.727540      1.5491   45.727540      0.8377
   45.739747           3   45.739747           0   45.739747      1.5456   45.739747      0.8397
   45.751954           3   45.751954           0   45.751954      1.5422   45.751954      0.8417
   45.764161           1   45.764161           0   45.764161      1.5388   45.764161     -0.5388
   45.776368           2   45.776368           0   45.776368      1.5354   45.776368      0.3285
   45.788575           3   45.788575           0   45.788575      1.5320   45.788575      0.8475
   45.800782           0   45.800782           0   45.800782      1.5286   45.800782     -1.5286
   45.812989           2   45.812989           0   45.812989      1.5252   45.812989      0.3357
   45.825196           0   45.825196           0   45.825196      1.5219   45.825196     -1.5219
   45.837403           1   45.837403           0   45.837403      1.5185   45.837403     -0.5185
   45.849610           0   45.849610           0   45.849610      1.5151   45.849610     -1.5151
   45.861817           2   45.861817           0   45.861817      1.5118   45.861817      0.3452
   45.874024           2   45.874024           0   45.874024      1.5085   45.874024      0.3476
   45.886231           1   45.886231           0   45.886231      1.5051   45.886231     -0.5051
   45.898438           1   45.898438           0   45.898438      1.5018   45.898438     -0.5018
   45.910645           3   45.910645           0   45.910645      1.4985   45.910645      0.8669
   45.922852           2   45.922852           0   45.922852      1.4952   45.922852      0.3570
   45.935059           4   45.935059           0   45.935059      1.4919   45.935059      1.2541
   45.947266           1   45.947266           0   45.947266      1.4886   45.947266     -0.4886
   45.959473           1   45.959473           0   45.959473      1.4853   45.959473     -0.4853
   45.971680           3   45.971680           0   45.971680      1.4820   45.971680      0.8764
   45.983887           2   45.983887           0   45.983887      1.4787   45.983887      0.3686
   45.996094           0   45.996094           0   45.996094      1.4754   45.996094     -1.4754
   46.008301           2   46.008301           0   46.008301      1.4722   46.008301      0.3732
   46.020508           0   46.020508           0   46.020508      1.4689   46.020508     -1.4689
   46.032715           0   46.032715           0   46.032715      1.4657   46.032715     -1.4657
   46.044922           0   46.044922           0   46.044922      1.4624   46.044922     -1.4624
   46.057129           0   46.057129           0   46.057129      1.4592   46.057129     -1.4592
   46.069336           0   46.069336           0   46.069336      1.4560   46.069336     -1.4560
   46.081544           2   46.081544           0   46.081544      1.4528   46.081544      0.3870
   46.093751           2   46.093751           0   46.093751      1.4495   46.093751      0.3892
   46.105958           0   46.105958           0   46.105958      1.4463   46.105958     -1.4463
   46.118165           0   46.118165           0   46.118165      1.4431   46.118165     -1.4431
   46.130372           2   46.130372           0   46.130372      1.4399   46.130372      0.3960
   46.142579           2   46.142579           0   46.142579      1.4368   46.142579      0.3983
   46.154786           1   46.154786           0   46.154786      1.4336   46.154786     -0.4336
   46.166993           3   46.166993           0   46.166993      1.4304   46.166993      0.9062
   46.179200           0   46.179200           0   46.179200      1.4273   46.179200     -1.4273
   46.191407           0   46.191407           0   46.191407      1.4241   46.191407     -1.4241
   46.203614           0   46.203614           0   46.203614      1.4210   46.203614     -1.4210
   46.215821           3   46.215821           0   46.215821      1.4178   46.215821      0.9135
   46.228028           3   46.228028           0   46.228028      1.4147   46.228028      0.9153
   46.240235           1   46.240235           0   46.240235      1.4115   46.240235     -0.4115
   46.252442           2   46.252442           0   46.252442      1.4084   46.252442      0.4183
   46.264649           3   46.264649           0   46.264649      1.4053   46.264649      0.9207
   46.276856           3   46.276856           0   46.276856      1.4022   46.276856      0.9225
   46.289063           0   46.289063           0   46.289063      1.3991   46.289063     -1.3991
   46.301270           2   46.301270           0   46.301270      1.3960   46.301270      0.4271
   46.313477           2   46.313477           0   46.313477      1.3929   46.313477      0.4293
   46.325684           0   46.325684           0   46.325684      1.3898   46.325684     -1.3898
   46.337891           1   46.337891           0   46.337891      1.3868   46.337891     -0.3868
   46.350098           5   46.350098           0   46.350098      1.3837   46.350098      1.6173
   46.362305           0   46.362305           0   46.362305      1.3807   46.362305     -1.3807
   46.374512           0   46.374512           0   46.374512      1.3776   46.374512     -1.3776
   46.386719           3   46.386719           0   46.386719      1.3746   46.386719      0.9385
   46.398926           0   46.398926           0   46.398926      1.3715   46.398926     -1.3715
   46.411133           1   46.411133           0   46.411133      1.3685   46.411133     -0.3685
   46.423340           1   46.423340           0   46.423340      1.3655   46.423340     -0.3655
   46.435547           1   46.435547           0   46.435547      1.3660   46.435547     -0.3660
   46.447754           1   46.447754           0   46.447754      1.3799   46.447754     -0.3799
   46.459961           1   46.459961           0   46.459961      1.3769   46.459961     -0.3769
   46.472169           0   46.472169           0   46.472169      1.3738   46.472169     -1.3738
   46.484376           0   46.484376           1   46.484376      1.3708   46.484376     -1.3708
   46.496583           2   46.496583           0   46.496583      1.3677   46.496583      0.4471
   46.508790           0   46.508790           0   46.508790      1.3647   46.508790     -1.3647
   46.520997           1   46.520997           0   46.520997      1.3617   46.520997     -0.3617
   46.533204           0   46.533204           0   46.533204      1.3587   46.533204     -1.3587
   46.545411           1   46.545411           0   46.545411      1.3592   46.545411     -0.3592
   46.557618           0   46.557618           0   46.557618      1.3732   46.557618     -1.3732
   46.569825           0   46.569825           0   46.569825      1.3701   46.569825     -1.3701
   46.582032           1   46.582032           0   46.582032      1.3671   46.582032     -0.3671
   46.594239           2   46.594239           1   46.594239      1.3641   46.594239      0.4497
   46.606446           2   46.606446           0   46.606446      1.3682   46.606446      0.4468
   46.618653           0   46.618653           0   46.618653      1.3990   46.618653     -1.3990
   46.630860           3   46.630860           0   46.630860      1.3959   46.630860      0.9261
   46.643067           1   46.643067           0   46.643067      1.3928   46.643067     -0.3928
   46.655274           1   46.655274           2   46.655274      1.3898   46.655274     -0.3898
   46.667481           0   46.667481           0   46.667481      1.3867   46.667481     -1.3867
   46.679688           1   46.679688           0   46.679688      1.3836   46.679688     -0.3836
   46.691895           1   46.691895           0   46.691895      1.3806   46.691895     -0.3806
   46.704102           0   46.704102           0   46.704102      1.3775   46.704102     -1.3775
   46.716309           1   46.716309           0   46.716309      1.3745   46.716309     -0.3745
   46.728516           1   46.728516           0   46.728516      1.3714   46.728516     -0.3714
   46.740723           0   46.740723           0   46.740723      1.3684   46.740723     -1.3684
   46.752930           0   46.752930           0   46.752930      1.3654   46.752930     -1.3654
   46.765137           1   46.765137           0   46.765137      1.3624   46.765137     -0.3624
   46.777344           2   46.777344           0   46.777344      1.3593   46.777344      0.4530
   46.789551           2   46.789551           0   46.789551      1.3563   46.789551      0.4551
   46.801758           1   46.801758           0   46.801758      1.3533   46.801758     -0.3533
   46.813965           1   46.813965           0   46.813965      1.3504   46.813965     -0.3504
   46.826172           1   46.826172           0   46.826172      1.3474   46.826172     -0.3474
   46.838379           1   46.838379           0   46.838379      1.3444   46.838379     -0.3444
   46.850586           0   46.850586           0   46.850586      1.3414   46.850586     -1.3414
   46.862794           2   46.862794           0   46.862794      1.3385   46.862794      0.4678
   46.875001           1   46.875001           0   46.875001      1.3355   46.875001     -0.3355
   46.887208           1   46.887208           0   46.887208      1.3325   46.887208     -0.3325
   46.899415           3   46.899415           0   46.899415      1.3296   46.899415      0.9644
   46.911622           1   46.911622           0   46.911622      1.3267   46.911622     -0.3267
   46.923829           2   46.923829           0   46.923829      1.3237   46.923829      0.4782
   46.936036           2   46.936036           0   46.936036      1.3208   46.936036      0.4803
   46.948243           0   46.948243           0   46.948243      1.3179   46.948243     -1.3179
   46.960450           1   46.960450           0   46.960450      1.3150   46.960450     -0.3150
   46.972657           1   46.972657           0   46.972657      1.3121   46.972657     -0.3121
   46.984864           0   46.984864           0   46.984864      1.3092   46.984864     -1.3092
   46.997071           1   46.997071           0   46.997071      1.3063   46.997071     -0.3063
   47.009278           2   47.009278           0   47.009278      1.3034   47.009278      0.4926
   47.021485           0   47.021485           0   47.021485      1.3005   47.021485     -1.3005
   47.033692           2   47.033692           0   47.033692      1.2976   47.033692      0.4967
   47.045899           1   47.045899           0   47.045899      1.2947   47.045899     -0.2947
   47.058106           1   47.058106           0   47.058106      1.2954   47.058106     -0.2954
   47.070313           0   47.070313           0   47.070313      1.3095   47.070313     -1.3095
   47.082520           2   47.082520           0   47.082520      1.3066   47.082520      0.4903
   47.094727           2   47.094727           0   47.094727      1.3037   47.094727      0.4923
   47.106934           1   47.106934           1   47.106934      1.3008   47.106934     -0.3008
   47.119141           2   47.119141           0   47.119141      1.2980   47.119141      0.4964
   47.131348           1   47.131348           0   47.131348      1.2951   47.131348     -0.2951
   47.143555           0   47.143555           0   47.143555      1.2922   47.143555     -1.2922
   47.155762           2   47.155762           0   47.155762      1.2894   47.155762      0.5025
   47.167969           2   47.167969           0   47.167969      1.2865   47.167969      0.5045
   47.180176           5   47.180176           0   47.180176      1.2837   47.180176      1.6620
   47.192383           1   47.192383           0   47.192383      1.2808   47.192383     -0.2808
   47.204590           2   47.204590           0   47.204590      1.2780   47.204590      0.5105
   47.216797           1   47.216797           0   47.216797      1.2752   47.216797     -0.2752
   47.229004           2   47.229004           0   47.229004      1.2724   47.229004      0.5145
   47.241211           2   47.241211           0   47.241211      1.2696   47.241211      0.5165
   47.253419           1   47.253419           0   47.253419      1.2703   47.253419     -0.2703
   47.265626           1   47.265626           0   47.265626      1.2844   47.265626     -0.2844
   47.277833           2   47.277833           0   47.277833      1.2816   47.277833      0.5080
   47.290040           1   47.290040           0   47.290040      1.2788   47.290040     -0.2788
   47.302247           0   47.302247           1   47.302247      1.2759   47.302247     -1.2759
   47.314454           0   47.314454           0   47.314454      1.2731   47.314454     -1.2731
   47.326661           0   47.326661           0   47.326661      1.2703   47.326661     -1.2703
   47.338868           0   47.338868           0   47.338868      1.2675   47.338868     -1.2675
   47.351075           1   47.351075           0   47.351075      1.2647   47.351075     -0.2647
   47.363282           1   47.363282           0   47.363282      1.2619   47.363282     -0.2619
   47.375489           3   47.375489           0   47.375489      1.2591   47.375489      1.0051
   47.387696           0   47.387696           0   47.387696      1.2563   47.387696     -1.2563
   47.399903           0   47.399903           0   47.399903      1.2535   47.399903     -1.2535
   47.412110           3   47.412110           0   47.412110      1.2508   47.412110      1.0099
   47.424317           0   47.424317           0   47.424317      1.2480   47.424317     -1.2480
   47.436524           0   47.436524           0   47.436524      1.2488   47.436524     -1.2488
   47.448731           1   47.448731           0   47.448731      1.2630   47.448731     -0.2630
   47.460938           2   47.460938           0   47.460938      1.2602   47.460938      0.5231
   47.473145           0   47.473145           0   47.473145      1.2610   47.473145     -1.2610
   47.485352           1   47.485352           1   47.485352      1.2822   47.485352     -0.2822
   47.497559           0   47.497559           0   47.497559      1.3132   47.497559     -1.3132
   47.509766           1   47.509766           0   47.509766      1.3103   47.509766     -0.3103
   47.521973           2   47.521973           1   47.521973      1.3074   47.521973      0.4897
   47.534180           2   47.534180           2   47.534180      1.3046   47.534180      0.4918
   47.546387           3   47.546387           0   47.546387      1.3017   47.546387      0.9805
   47.558594           1   47.558594           0   47.558594      1.2988   47.558594     -0.2988
   47.570801           1   47.570801           0   47.570801      1.2959   47.570801     -0.2959
   47.583008           1   47.583008           0   47.583008      1.2931   47.583008     -0.2931
   47.595215           1   47.595215           0   47.595215      1.2973   47.595215     -0.2973
   47.607422           3   47.607422           0   47.607422      1.3283   47.607422      0.9652
   47.619629           4   47.619629           0   47.619629      1.3254   47.619629      1.3373
   47.631836           6   47.631836           0   47.631836      1.3224   47.631836      1.9096
   47.644044           2   47.644044           2   47.644044      1.3195   47.644044      0.4812
   47.656251           2   47.656251           0   47.656251      1.3166   47.656251      0.4832
   47.668458           3   47.668458           0   47.668458      1.3172   47.668458      0.9715
   47.680665           0   47.680665           0   47.680665      1.3313   47.680665     -1.3313
   47.692872           1   47.692872           0   47.692872      1.3283   47.692872     -0.3283
   47.705079           1   47.705079           0   47.705079      1.3254   47.705079     -0.3254
   47.717286           1   47.717286           1   47.717286      1.3225   47.717286     -0.3225
   47.729493           0   47.729493           0   47.729493      1.3195   47.729493     -1.3195
   47.741700           0   47.741700           0   47.741700      1.3202   47.741700     -1.3202
   47.753907           0   47.753907           0   47.753907      1.3342   47.753907     -1.3342
   47.766114           1   47.766114           0   47.766114      1.3312   47.766114     -0.3312
   47.778321           2   47.778321           0   47.778321      1.3283   47.778321      0.4750
   47.790528           0   47.790528           1   47.790528      1.3254   47.790528     -1.3254
   47.802735           2   47.802735           0   47.802735      1.3224   47.802735      0.4791
   47.814942           2   47.814942           0   47.814942      1.3231   47.814942      0.4787
   47.827149           0   47.827149           0   47.827149      1.3371   47.827149     -1.3371
   47.839356           1   47.839356           0   47.839356      1.3341   47.839356     -0.3341
   47.851563           1   47.851563           0   47.851563      1.3347   47.851563     -0.3347
   47.863770           0   47.863770           1   47.863770      1.3487   47.863770     -1.3487
   47.875977           0   47.875977           0   47.875977      1.3457   47.875977     -1.3457
   47.888184           3   47.888184           0   47.888184      1.3427   47.888184      0.9568
   47.900391           1   47.900391           1   47.900391      1.3398   47.900391     -0.3398
   47.912598           1   47.912598           0   47.912598      1.3368   47.912598     -0.3368
   47.924805           0   47.924805           0   47.924805      1.3339   47.924805     -1.3339
   47.937012           0   47.937012           0   47.937012      1.3309   47.937012     -1.3309
   47.949219           2   47.949219           0   47.949219      1.3315   47.949219      0.4727
   47.961426           2   47.961426           0   47.961426      1.3455   47.961426      0.4628
   47.973633           1   47.973633           0   47.973633      1.3425   47.973633     -0.3425
   47.985840           4   47.985840           0   47.985840      1.3396   47.985840      1.3302
   47.998047           1   47.998047           1   47.998047      1.3366   47.998047     -0.3366
   48.010254           2   48.010254           0   48.010254      1.3337   48.010254      0.4712
   48.022461           1   48.022461           0   48.022461      1.3307   48.022461     -0.3307
   48.034669           1   48.034669           0   48.034669      1.3278   48.034669     -0.3278
   48.046876           1   48.046876           0   48.046876      1.3284   48.046876     -0.3284
   48.059083           0   48.059083           0   48.059083      1.3424   48.059083     -1.3424
   48.071290           1   48.071290           0   48.071290      1.3394   48.071290     -0.3394
   48.083497           5   48.083497           0   48.083497      1.3365   48.083497      1.6384
   48.095704           1   48.095704           1   48.095704      1.3335   48.095704     -0.3335
   48.107911           2   48.107911           0   48.107911      1.3306   48.107911      0.4734
   48.120118           2   48.120118           0   48.120118      1.3276   48.120118      0.4754
   48.132325           3   48.132325           0   48.132325      1.3247   48.132325      0.9672
   48.144532           0   48.144532           0   48.144532      1.3217   48.144532     -1.3217
   48.156739           1   48.156739           0   48.156739      1.3188   48.156739     -0.3188
   48.168946           0   48.168946           0   48.168946      1.3159   48.168946     -1.3159
   48.181153           1   48.181153           0   48.181153      1.3130   48.181153     -0.3130
   48.193360           1   48.193360           0   48.193360      1.3101   48.193360     -0.3101
   48.205567           3   48.205567           0   48.205567      1.3072   48.205567      0.9773
   48.217774           1   48.217774           0   48.217774      1.3043   48.217774     -0.3043
   48.229981           0   48.229981           0   48.229981      1.3014   48.229981     -1.3014
   48.242188           1   48.242188           0   48.242188      1.2986   48.242188     -0.2986
   48.254395           1   48.254395           0   48.254395      1.2957   48.254395     -0.2957
   48.266602           2   48.266602           0   48.266602      1.2928   48.266602      0.5001
   48.278809           0   48.278809           0   48.278809      1.2900   48.278809     -1.2900
   48.291016           1   48.291016           0   48.291016      1.2871   48.291016     -0.2871
   48.303223           1   48.303223           0   48.303223      1.2843   48.303223     -0.2843
   48.315430           1   48.315430           0   48.315430      1.2814   48.315430     -0.2814
   48.327637           2   48.327637           0   48.327637      1.2786   48.327637      0.5101
   48.339844           0   48.339844           0   48.339844      1.2758   48.339844     -1.2758
   48.352051           1   48.352051           0   48.352051      1.2729   48.352051     -0.2729
   48.364258           0   48.364258           0   48.364258      1.2701   48.364258     -1.2701
   48.376465           1   48.376465           0   48.376465      1.2673   48.376465     -0.2673
   48.388672           2   48.388672           0   48.388672      1.2645   48.388672      0.5201
   48.400879           2   48.400879           0   48.400879      1.2617   48.400879      0.5220
   48.413087           2   48.413087           0   48.413087      1.2589   48.413087      0.5240
   48.425294           0   48.425294           0   48.425294      1.2561   48.425294     -1.2561
   48.437501           0   48.437501           0   48.437501      1.2534   48.437501     -1.2534
   48.449708           0   48.449708           0   48.449708      1.2506   48.449708     -1.2506
   48.461915           0   48.461915           0   48.461915      1.2478   48.461915     -1.2478
   48.474122           1   48.474122           0   48.474122      1.2451   48.474122     -0.2451
   48.486329           0   48.486329           0   48.486329      1.2423   48.486329     -1.2423
   48.498536           2   48.498536           0   48.498536      1.2431   48.498536      0.5352
   48.510743           0   48.510743           0   48.510743      1.2573   48.510743     -1.2573
   48.522950           1   48.522950           0   48.522950      1.2545   48.522950     -0.2545
   48.535157           2   48.535157           0   48.535157      1.2518   48.535157      0.5291
   48.547364           0   48.547364           1   48.547364      1.2490   48.547364     -1.2490
   48.559571           2   48.559571           0   48.559571      1.2462   48.559571      0.5330
   48.571778           2   48.571778           0   48.571778      1.2435   48.571778      0.5349
   48.583985           2   48.583985           0   48.583985      1.2407   48.583985      0.5369
   48.596192           0   48.596192           0   48.596192      1.2380   48.596192     -1.2380
   48.608399           2   48.608399           0   48.608399      1.2353   48.608399      0.5408
   48.620606           2   48.620606           0   48.620606      1.2325   48.620606      0.5427
   48.632813           0   48.632813           0   48.632813      1.2298   48.632813     -1.2298
   48.645020           2   48.645020           0   48.645020      1.2271   48.645020      0.5465
   48.657227           1   48.657227           0   48.657227      1.2244   48.657227     -0.2244
   48.669434           3   48.669434           0   48.669434      1.2252   48.669434      1.0247
   48.681641           4   48.681641           0   48.681641      1.2394   48.681641      1.3803
   48.693848           2   48.693848           0   48.693848      1.2367   48.693848      0.5397
   48.706055           3   48.706055           0   48.706055      1.2340   48.706055      1.0196
   48.718262           3   48.718262           1   48.718262      1.2348   48.718262      1.0191
   48.730469           0   48.730469           0   48.730469      1.2490   48.730469     -1.2490
   48.742676           0   48.742676           0   48.742676      1.2462   48.742676     -1.2462
   48.754883           0   48.754883           0   48.754883      1.2435   48.754883     -1.2435
   48.767090           1   48.767090           1   48.767090      1.2407   48.767090     -0.2407
   48.779297           0   48.779297           0   48.779297      1.2380   48.779297     -1.2380
   48.791504           3   48.791504           0   48.791504      1.2353   48.791504      1.0189
   48.803712           2   48.803712           0   48.803712      1.2325   48.803712      0.5427
   48.815919           1   48.815919           0   48.815919      1.2298   48.815919     -0.2298
   48.828126           2   48.828126           0   48.828126      1.2271   48.828126      0.5465
   48.840333           2   48.840333           0   48.840333      1.2279   48.840333      0.5459
   48.852540           0   48.852540           0   48.852540      1.2421   48.852540     -1.2421
   48.864747           2   48.864747           0   48.864747      1.2394   48.864747      0.5378
   48.876954           0   48.876954           0   48.876954      1.2367   48.876954     -1.2367
   48.889161           1   48.889161           1   48.889161      1.2339   48.889161     -0.2339
   48.901368           0   48.901368           0   48.901368      1.2312   48.901368     -1.2312
   48.913575           0   48.913575           0   48.913575      1.2285   48.913575     -1.2285
   48.925782           0   48.925782           0   48.925782      1.2258   48.925782     -1.2258
   48.937989           0   48.937989           0   48.937989      1.2266   48.937989     -1.2266
   48.950196           0   48.950196           0   48.950196      1.2408   48.950196     -1.2408
   48.962403           0   48.962403           0   48.962403      1.2381   48.962403     -1.2381
   48.974610           0   48.974610           0   48.974610      1.2353   48.974610     -1.2353
   48.986817           3   48.986817           1   48.986817      1.2326   48.986817      1.0204
   48.999024           0   48.999024           0   48.999024      1.2334   48.999024     -1.2334
   49.011231           1   49.011231           0   49.011231      1.2477   49.011231     -0.2477
   49.023438           2   49.023438           0   49.023438      1.2449   49.023438      0.5339
   49.035645           1   49.035645           0   49.035645      1.2421   49.035645     -0.2421
   49.047852           2   49.047852           1   49.047852      1.2394   49.047852      0.5378
   49.060059           1   49.060059           0   49.060059      1.2367   49.060059     -0.2367
   49.072266           2   49.072266           0   49.072266      1.2339   49.072266      0.5417
   49.084473           0   49.084473           0   49.084473      1.2348   49.084473     -1.2348
   49.096680           1   49.096680           0   49.096680      1.2490   49.096680     -0.2490
   49.108887           2   49.108887           0   49.108887      1.2497   49.108887      0.5305
   49.121094           0   49.121094           0   49.121094      1.2639   49.121094     -1.2639
   49.133301           3   49.133301           1   49.133301      1.2611   49.133301      1.0039
   49.145508           3   49.145508           0   49.145508      1.2583   49.145508      1.0055
   49.157715           2   49.157715           1   49.157715      1.2556   49.157715      0.5264
   49.169922           0   49.169922           0   49.169922      1.2528   49.169922     -1.2528
   49.182129           0   49.182129           0   49.182129      1.2500   49.182129     -1.2500
   49.194337           0   49.194337           0   49.194337      1.2472   49.194337     -1.2472
   49.206544           1   49.206544           0   49.206544      1.2445   49.206544     -0.2445
   49.218751           0   49.218751           0   49.218751      1.2417   49.218751     -1.2417
   49.230958           1   49.230958           0   49.230958      1.2390   49.230958     -0.2390
   49.243165           1   49.243165           0   49.243165      1.2398   49.243165     -0.2398
   49.255372           2   49.255372           0   49.255372      1.2540   49.255372      0.5275
   49.267579           1   49.267579           0   49.267579      1.2512   49.267579     -0.2512
   49.279786           3   49.279786           0   49.279786      1.2520   49.279786      1.0092
   49.291993           2   49.291993           1   49.291993      1.2662   49.291993      0.5189
   49.304200           1   49.304200           0   49.304200      1.2634   49.304200     -0.2634
   49.316407           0   49.316407           0   49.316407      1.2606   49.316407     -1.2606
   49.328614           1   49.328614           1   49.328614      1.2578   49.328614     -0.2578
   49.340821           0   49.340821           0   49.340821      1.2550   49.340821     -1.2550
   49.353028           0   49.353028           0   49.353028      1.2523   49.353028     -1.2523
   49.365235           2   49.365235           0   49.365235      1.2495   49.365235      0.5307
   49.377442           0   49.377442           0   49.377442      1.2467   49.377442     -1.2467
   49.389649           0   49.389649           0   49.389649      1.2440   49.389649     -1.2440
   49.401856           1   49.401856           0   49.401856      1.2412   49.401856     -0.2412
   49.414063           2   49.414063           0   49.414063      1.2385   49.414063      0.5385
   49.426270           2   49.426270           0   49.426270      1.2357   49.426270      0.5404
   49.438477           2   49.438477           0   49.438477      1.2330   49.438477      0.5424
   49.450684           0   49.450684           0   49.450684      1.2338   49.450684     -1.2338
   49.462891           0   49.462891           0   49.462891      1.2480   49.462891     -1.2480
   49.475098           1   49.475098           0   49.475098      1.2453   49.475098     -0.2453
   49.487305           2   49.487305           0   49.487305      1.2425   49.487305      0.5356
   49.499512           2   49.499512           1   49.499512      1.2398   49.499512      0.5376
   49.511719           1   49.511719           0   49.511719      1.2370   49.511719     -0.2370
   49.523926           0   49.523926           0   49.523926      1.2343   49.523926     -1.2343
   49.536133           0   49.536133           0   49.536133      1.2316   49.536133     -1.2316
   49.548340           1   49.548340           0   49.548340      1.2289   49.548340     -0.2289
   49.560547           0   49.560547           0   49.560547      1.2261   49.560547     -1.2261
   49.572754           2   49.572754           0   49.572754      1.2234   49.572754      0.5491
   49.584962           2   49.584962           0   49.584962      1.2207   49.584962      0.5510
   49.597169           1   49.597169           0   49.597169      1.2180   49.597169     -0.2180
   49.609376           1   49.609376           0   49.609376      1.2153   49.609376     -0.2153
   49.621583           1   49.621583           0   49.621583      1.2126   49.621583     -0.2126
   49.633790           0   49.633790           0   49.633790      1.2100   49.633790     -1.2100
   49.645997           0   49.645997           0   49.645997      1.2073   49.645997     -1.2073
   49.658204           0   49.658204           0   49.658204      1.2046   49.658204     -1.2046
   49.670411           0   49.670411           0   49.670411      1.2020   49.670411     -1.2020
   49.682618           0   49.682618           0   49.682618      1.1993   49.682618     -1.1993
   49.694825           1   49.694825           0   49.694825      1.1966   49.694825     -0.1966
   49.707032           2   49.707032           0   49.707032      1.1940   49.707032      0.5699
   49.719239           0   49.719239           0   49.719239      1.1914   49.719239     -1.1914
   49.731446           1   49.731446           0   49.731446      1.1887   49.731446     -0.1887
   49.743653           0   49.743653           0   49.743653      1.1861   49.743653     -1.1861
   49.755860           2   49.755860           0   49.755860      1.1835   49.755860      0.5774
   49.768067           0   49.768067           0   49.768067      1.1809   49.768067     -1.1809
   49.780274           1   49.780274           0   49.780274      1.1782   49.780274     -0.1782
   49.792481           0   49.792481           0   49.792481      1.1756   49.792481     -1.1756
   49.804688           0   49.804688           0   49.804688      1.1766   49.804688     -1.1766
   49.816895           1   49.816895           0   49.816895      1.1909   49.816895     -0.1909
   49.829102           0   49.829102           0   49.829102      1.1883   49.829102     -1.1883
   49.841309           0   49.841309           0   49.841309      1.1857   49.841309     -1.1857
   49.853516           3   49.853516           1   49.853516      1.1831   49.853516      1.0490
   49.865723           0   49.865723           0   49.865723      1.1804   49.865723     -1.1804
   49.877930           1   49.877930           0   49.877930      1.1778   49.877930     -0.1778
   49.890137           0   49.890137           0   49.890137      1.1752   49.890137     -1.1752
   49.902344           2   49.902344           0   49.902344      1.1726   49.902344      0.5850
   49.914551           1   49.914551           0   49.914551      1.1736   49.914551     -0.1736
   49.926758           0   49.926758           0   49.926758      1.1879   49.926758     -1.1879
   49.938965           1   49.938965           0   49.938965      1.1853   49.938965     -0.1853
   49.951172           0   49.951172           0   49.951172      1.1827   49.951172     -1.1827
   49.963379           0   49.963379           1   49.963379      1.1801   49.963379     -1.1801
   49.975587           1   49.975587           0   49.975587      1.1775   49.975587     -0.1775
   49.987794           1   49.987794           0   49.987794      1.1749   49.987794     -0.1749

Best Fit Parameters:

Data Set #0
Parameter              Value          Conf. Lower     Conf. Upper     Conf. Estimation
A1 [Cnts]            1650.90000              ---            ---     Fixed
t1 [ns]                 5.51540              ---            ---     Fixed
Bkgr. Dec [Cnts]        0.00000              ---            ---     Fixed
Bkgr. IRF [Cnts]        0.00000              ---            ---     Fixed
Shift IRF [ns]         -0.03874              ---            ---     Fixed

Average Lifetime:
tAv.1=5.51540 ns (intensity weighted)
tAv.2=5.51540 ns (amplitude weighted)

Fractional Intensities of the Positive Decay Components:
t1 (5.51540 ns) : 100.00%

Fractional Amplitudes of the Positive Decay Components:
t1 (5.51540 ns) : 100.00%

Fitted Decay and Exponential Components:
     Time [ns]      t1 [kCounts]      Sum [kCounts]
     0.00000      1.65090000      1.65090000
     0.02202      1.64432139      1.64432139
     0.04404      1.63776899      1.63776899
     0.06607      1.63124271      1.63124271
     0.08809      1.62474243      1.62474243
     0.11011      1.61826805      1.61826805
     0.13213      1.61181947      1.61181947
     0.15415      1.60539659      1.60539659
     0.17618      1.59899931      1.59899931
     0.19820      1.59262751      1.59262751
     0.22022      1.58628111      1.58628111
     0.24224      1.57996000      1.57996000
     0.26426      1.57366407      1.57366407
     0.28629      1.56739324      1.56739324
     0.30831      1.56114739      1.56114739
     0.33033      1.55492643      1.55492643
     0.35235      1.54873026      1.54873026
     0.37437      1.54255878      1.54255878
     0.39640      1.53641190      1.53641190
     0.41842      1.53028950      1.53028950
     0.44044      1.52419151      1.52419151
     0.46246      1.51811781      1.51811781
     0.48448      1.51206832      1.51206832
     0.50651      1.50604294      1.50604294
     0.52853      1.50004156      1.50004156
     0.55055      1.49406410      1.49406410
     0.57257      1.48811046      1.48811046
     0.59459      1.48218054      1.48218054
     0.61662      1.47627426      1.47627426
     0.63864      1.47039150      1.47039150
     0.66066      1.46453220      1.46453220
     0.68268      1.45869623      1.45869623
     0.70470      1.45288353      1.45288353
     0.72673      1.44709399      1.44709399
     0.74875      1.44132752      1.44132752
     0.77077      1.43558402      1.43558402
     0.79279      1.42986342      1.42986342
     0.81481      1.42416561      1.42416561
     0.83684      1.41849050      1.41849050
     0.85886      1.41283801      1.41283801
     0.88088      1.40720804      1.40720804
     0.90290      1.40160051      1.40160051
     0.92492      1.39601532      1.39601532
     0.94695      1.39045239      1.39045239
     0.96897      1.38491163      1.38491163
     0.99099      1.37939295      1.37939295
     1.01301      1.37389626      1.37389626
     1.03504      1.36842147      1.36842147
     1.05706      1.36296849      1.36296849
     1.07908      1.35753725      1.35753725
     1.10110      1.35212765      1.35212765
     1.12312      1.34673961      1.34673961
     1.14515      1.34137303      1.34137303
     1.16717      1.33602784      1.33602784
     1.18919      1.33070396      1.33070396
     1.21121      1.32540128      1.32540128
     1.23323      1.32011974      1.32011974
     1.25526      1.31485924      1.31485924
     1.27728      1.30961971      1.30961971
     1.29930      1.30440105      1.30440105
     1.32132      1.29920319      1.29920319
     1.34334      1.29402605      1.29402605
     1.36537      1.28886953      1.28886953
     1.38739      1.28373356      1.28373356
     1.40941      1.27861806      1.27861806
     1.43143      1.27352294      1.27352294
     1.45345      1.26844812      1.26844812
     1.47548      1.26339353      1.26339353
     1.49750      1.25835908      1.25835908
     1.51952      1.25334469      1.25334469
     1.54154      1.24835028      1.24835028
     1.56356      1.24337578      1.24337578
     1.58559      1.23842110      1.23842110
     1.60761      1.23348616      1.23348616
     1.62963      1.22857088      1.22857088
     1.65165      1.22367520      1.22367520
     1.67367      1.21879902      1.21879902
     1.69570      1.21394227      1.21394227
     1.71772      1.20910488      1.20910488
     1.73974      1.20428676      1.20428676
     1.76176      1.19948784      1.19948784
     1.78378      1.19470805      1.19470805
     1.80581      1.18994730      1.18994730
     1.82783      1.18520552      1.18520552
     1.84985      1.18048264      1.18048264
     1.87187      1.17577858      1.17577858
     1.89389      1.17109326      1.17109326
     1.91592      1.16642661      1.16642661
     1.93794      1.16177856      1.16177856
     1.95996      1.15714903      1.15714903
     1.98198      1.15253795      1.15253795
     2.00400      1.14794525      1.14794525
     2.02603      1.14337084      1.14337084
     2.04805      1.13881466      1.13881466
     2.07007      1.13427664      1.13427664
     2.09209      1.12975671      1.12975671
     2.11411      1.12525478      1.12525478
     2.13614      1.12077079      1.12077079
     2.15816      1.11630467      1.11630467
     2.18018      1.11185635      1.11185635
     2.20220      1.10742576      1.10742576
     2.22422      1.10301282      1.10301282
     2.24625      1.09861746      1.09861746
     2.26827      1.09423962      1.09423962
     2.29029      1.08987923      1.08987923
     2.31231      1.08553621      1.08553621
     2.33433      1.08121049      1.08121049
     2.35636      1.07690202      1.07690202
     2.37838      1.07261071      1.07261071
     2.40040      1.06833650      1.06833650
     2.42242      1.06407933      1.06407933
     2.44444      1.05983912      1.05983912
     2.46647      1.05561580      1.05561580
     2.48849      1.05140932      1.05140932
     2.51051      1.04721959      1.04721959
     2.53253      1.04304657      1.04304657
     2.55455      1.03889017      1.03889017
     2.57658      1.03475033      1.03475033
     2.59860      1.03062700      1.03062700
     2.62062      1.02652009      1.02652009
     2.64264      1.02242955      1.02242955
     2.66466      1.01835530      1.01835530
     2.68669      1.01429730      1.01429730
     2.70871      1.01025546      1.01025546
     2.73073      1.00622973      1.00622973
     2.75275      1.00222004      1.00222004
     2.77477      0.99822633      0.99822633
     2.79680      0.99424854      0.99424854
     2.81882      0.99028659      0.99028659
     2.84084      0.98634044      0.98634044
     2.86286      0.98241000      0.98241000
     2.88488      0.97849523      0.97849523
     2.90691      0.97459606      0.97459606
     2.92893      0.97071243      0.97071243
     2.95095      0.96684428      0.96684428
     2.97297      0.96299153      0.96299153
     2.99499      0.95915414      0.95915414
     3.01702      0.95533205      0.95533205
     3.03904      0.95152518      0.95152518
     3.06106      0.94773348      0.94773348
     3.08308      0.94395689      0.94395689
     3.10511      0.94019535      0.94019535
     3.12713      0.93644880      0.93644880
     3.14915      0.93271718      0.93271718
     3.17117      0.92900043      0.92900043
     3.19319      0.92529849      0.92529849
     3.21522      0.92161130      0.92161130
     3.23724      0.91793881      0.91793881
     3.25926      0.91428095      0.91428095
     3.28128      0.91063766      0.91063766
     3.30330      0.90700890      0.90700890
     3.32533      0.90339459      0.90339459
     3.34735      0.89979469      0.89979469
     3.36937      0.89620913      0.89620913
     3.39139      0.89263786      0.89263786
     3.41341      0.88908082      0.88908082
     3.43544      0.88553795      0.88553795
     3.45746      0.88200920      0.88200920
     3.47948      0.87849452      0.87849452
     3.50150      0.87499384      0.87499384
     3.52352      0.87150710      0.87150710
     3.54555      0.86803427      0.86803427
     3.56757      0.86457527      0.86457527
     3.58959      0.86113006      0.86113006
     3.61161      0.85769857      0.85769857
     3.63363      0.85428076      0.85428076
     3.65566      0.85087657      0.85087657
     3.67768      0.84748594      0.84748594
     3.69970      0.84410882      0.84410882
     3.72172      0.84074517      0.84074517
     3.74374      0.83739491      0.83739491
     3.76577      0.83405801      0.83405801
     3.78779      0.83073440      0.83073440
     3.80981      0.82742404      0.82742404
     3.83183      0.82412686      0.82412686
     3.85385      0.82084283      0.82084283
     3.87588      0.81757189      0.81757189
     3.89790      0.81431397      0.81431397
     3.91992      0.81106904      0.81106904
     3.94194      0.80783704      0.80783704
     3.96396      0.80461792      0.80461792
     3.98599      0.80141163      0.80141163
     4.00801      0.79821811      0.79821811
     4.03003      0.79503732      0.79503732
     4.05205      0.79186921      0.79186921
     4.07407      0.78871372      0.78871372
     4.09610      0.78557080      0.78557080
     4.11812      0.78244041      0.78244041
     4.14014      0.77932249      0.77932249
     4.16216      0.77621700      0.77621700
     4.18418      0.77312388      0.77312388
     4.20621      0.77004309      0.77004309
     4.22823      0.76697457      0.76697457
     4.25025      0.76391828      0.76391828
     4.27227      0.76087417      0.76087417
     4.29429      0.75784219      0.75784219
     4.31632      0.75482229      0.75482229
     4.33834      0.75181443      0.75181443
     4.36036      0.74881855      0.74881855
     4.38238      0.74583461      0.74583461
     4.40440      0.74286256      0.74286256
     4.42643      0.73990236      0.73990236
     4.44845      0.73695395      0.73695395
     4.47047      0.73401729      0.73401729
     4.49249      0.73109233      0.73109233
     4.51451      0.72817903      0.72817903
     4.53654      0.72527733      0.72527733
     4.55856      0.72238720      0.72238720
     4.58058      0.71950859      0.71950859
     4.60260      0.71664144      0.71664144
     4.62462      0.71378573      0.71378573
     4.64665      0.71094139      0.71094139
     4.66867      0.70810838      0.70810838
     4.69069      0.70528667      0.70528667
     4.71271      0.70247620      0.70247620
     4.73473      0.69967692      0.69967692
     4.75676      0.69688881      0.69688881
     4.77878      0.69411180      0.69411180
     4.80080      0.69134586      0.69134586
     4.82282      0.68859094      0.68859094
     4.84484      0.68584700      0.68584700
     4.86687      0.68311399      0.68311399
     4.88889      0.68039188      0.68039188
     4.91091      0.67768061      0.67768061
     4.93293      0.67498014      0.67498014
     4.95495      0.67229044      0.67229044
     4.97698      0.66961146      0.66961146
     4.99900      0.66694315      0.66694315
     5.02102      0.66428547      0.66428547
     5.04304      0.66163838      0.66163838
     5.06507      0.65900184      0.65900184
     5.08709      0.65637581      0.65637581
     5.10911      0.65376024      0.65376024
     5.13113      0.65115510      0.65115510
     5.15315      0.64856033      0.64856033
     5.17518      0.64597591      0.64597591
     5.19720      0.64340178      0.64340178
     5.21922      0.64083791      0.64083791
     5.24124      0.63828426      0.63828426
     5.26326      0.63574079      0.63574079
     5.28529      0.63320745      0.63320745
     5.30731      0.63068420      0.63068420
     5.32933      0.62817101      0.62817101
     5.35135      0.62566784      0.62566784
     5.37337      0.62317464      0.62317464
     5.39540      0.62069137      0.62069137
     5.41742      0.61821800      0.61821800
     5.43944      0.61575449      0.61575449
     5.46146      0.61330079      0.61330079
     5.48348      0.61085687      0.61085687
     5.50551      0.60842269      0.60842269
     5.52753      0.60599821      0.60599821
     5.54955      0.60358339      0.60358339
     5.57157      0.60117819      0.60117819
     5.59359      0.59878257      0.59878257
     5.61562      0.59639651      0.59639651
     5.63764      0.59401995      0.59401995
     5.65966      0.59165286      0.59165286
     5.68168      0.58929521      0.58929521
     5.70370      0.58694694      0.58694694
     5.72573      0.58460804      0.58460804
     5.74775      0.58227846      0.58227846
     5.76977      0.57995816      0.57995816
     5.79179      0.57764710      0.57764710
     5.81381      0.57534526      0.57534526
     5.83584      0.57305259      0.57305259
     5.85786      0.57076905      0.57076905
     5.87988      0.56849461      0.56849461
     5.90190      0.56622924      0.56622924
     5.92392      0.56397289      0.56397289
     5.94595      0.56172554      0.56172554
     5.96797      0.55948714      0.55948714
     5.98999      0.55725766      0.55725766
     6.01201      0.55503706      0.55503706
     6.03403      0.55282532      0.55282532
     6.05606      0.55062238      0.55062238
     6.07808      0.54842823      0.54842823
     6.10010      0.54624282      0.54624282
     6.12212      0.54406611      0.54406611
     6.14414      0.54189809      0.54189809
     6.16617      0.53973870      0.53973870
     6.18819      0.53758791      0.53758791
     6.21021      0.53544570      0.53544570
     6.23223      0.53331202      0.53331202
     6.25425      0.53118684      0.53118684
     6.27628      0.52907014      0.52907014
     6.29830      0.52696186      0.52696186
     6.32032      0.52486199      0.52486199
     6.34234      0.52277049      0.52277049
     6.36436      0.52068732      0.52068732
     6.38639      0.51861245      0.51861245
     6.40841      0.51654585      0.51654585
     6.43043      0.51448749      0.51448749
     6.45245      0.51243733      0.51243733
     6.47447      0.51039533      0.51039533
     6.49650      0.50836148      0.50836148
     6.51852      0.50633573      0.50633573
     6.54054      0.50431805      0.50431805
     6.56256      0.50230841      0.50230841
     6.58458      0.50030678      0.50030678
     6.60661      0.49831312      0.49831312
     6.62863      0.49632741      0.49632741
     6.65065      0.49434962      0.49434962
     6.67267      0.49237970      0.49237970
     6.69469      0.49041764      0.49041764
     6.71672      0.48846339      0.48846339
     6.73874      0.48651693      0.48651693
     6.76076      0.48457823      0.48457823
     6.78278      0.48264725      0.48264725
     6.80480      0.48072396      0.48072396
     6.82683      0.47880835      0.47880835
     6.84885      0.47690036      0.47690036
     6.87087      0.47499998      0.47499998
     6.89289      0.47310717      0.47310717
     6.91491      0.47122190      0.47122190
     6.93694      0.46934414      0.46934414
     6.95896      0.46747387      0.46747387
     6.98098      0.46561105      0.46561105
     7.00300      0.46375566      0.46375566
     7.02503      0.46190765      0.46190765
     7.04705      0.46006701      0.46006701
     7.06907      0.45823371      0.45823371
     7.09109      0.45640771      0.45640771
     7.11311      0.45458899      0.45458899
     7.13514      0.45277751      0.45277751
     7.15716      0.45097326      0.45097326
     7.17918      0.44917619      0.44917619
     7.20120      0.44738628      0.44738628
     7.22322      0.44560351      0.44560351
     7.24525      0.44382784      0.44382784
     7.26727      0.44205925      0.44205925
     7.28929      0.44029770      0.44029770
     7.31131      0.43854318      0.43854318
     7.33333      0.43679564      0.43679564
     7.35536      0.43505507      0.43505507
     7.37738      0.43332144      0.43332144
     7.39940      0.43159471      0.43159471
     7.42142      0.42987486      0.42987486
     7.44344      0.42816187      0.42816187
     7.46547      0.42645570      0.42645570
     7.48749      0.42475634      0.42475634
     7.50951      0.42306374      0.42306374
     7.53153      0.42137789      0.42137789
     7.55355      0.41969876      0.41969876
     7.57558      0.41802631      0.41802631
     7.59760      0.41636054      0.41636054
     7.61962      0.41470140      0.41470140
     7.64164      0.41304887      0.41304887
     7.66366      0.41140293      0.41140293
     7.68569      0.40976354      0.40976354
     7.70771      0.40813069      0.40813069
     7.72973      0.40650434      0.40650434
     7.75175      0.40488448      0.40488448
     7.77377      0.40327107      0.40327107
     7.79580      0.40166409      0.40166409
     7.81782      0.40006351      0.40006351
     7.83984      0.39846932      0.39846932
     7.86186      0.39688147      0.39688147
     7.88388      0.39529995      0.39529995
     7.90591      0.39372473      0.39372473
     7.92793      0.39215580      0.39215580
     7.94995      0.39059311      0.39059311
     7.97197      0.38903665      0.38903665
     7.99399      0.38748639      0.38748639
     8.01602      0.38594231      0.38594231
     8.03804      0.38440438      0.38440438
     8.06006      0.38287258      0.38287258
     8.08208      0.38134689      0.38134689
     8.10410      0.37982727      0.37982727
     8.12613      0.37831371      0.37831371
     8.14815      0.37680618      0.37680618
     8.17017      0.37530466      0.37530466
     8.19219      0.37380913      0.37380913
     8.21421      0.37231955      0.37231955
     8.23624      0.37083591      0.37083591
     8.25826      0.36935817      0.36935817
     8.28028      0.36788633      0.36788633
     8.30230      0.36642036      0.36642036
     8.32432      0.36496022      0.36496022
     8.34635      0.36350590      0.36350590
     8.36837      0.36205738      0.36205738
     8.39039      0.36061463      0.36061463
     8.41241      0.35917763      0.35917763
     8.43443      0.35774636      0.35774636
     8.45646      0.35632079      0.35632079
     8.47848      0.35490090      0.35490090
     8.50050      0.35348667      0.35348667
     8.52252      0.35207807      0.35207807
     8.54454      0.35067509      0.35067509
     8.56657      0.34927770      0.34927770
     8.58859      0.34788587      0.34788587
     8.61061      0.34649960      0.34649960
     8.63263      0.34511884      0.34511884
     8.65465      0.34374359      0.34374359
     8.67668      0.34237382      0.34237382
     8.69870      0.34100951      0.34100951
     8.72072      0.33965063      0.33965063
     8.74274      0.33829717      0.33829717
     8.76476      0.33694910      0.33694910
     8.78679      0.33560640      0.33560640
     8.80881      0.33426906      0.33426906
     8.83083      0.33293704      0.33293704
     8.85285      0.33161033      0.33161033
     8.87487      0.33028891      0.33028891
     8.89690      0.32897276      0.32897276
     8.91892      0.32766184      0.32766184
     8.94094      0.32635616      0.32635616
     8.96296      0.32505567      0.32505567
     8.98498      0.32376037      0.32376037
     9.00701      0.32247023      0.32247023
     9.02903      0.32118523      0.32118523
     9.05105      0.31990535      0.31990535
     9.07307      0.31863057      0.31863057
     9.09510      0.31736087      0.31736087
     9.11712      0.31609623      0.31609623
     9.13914      0.31483663      0.31483663
     9.16116      0.31358205      0.31358205
     9.18318      0.31233247      0.31233247
     9.20521      0.31108787      0.31108787
     9.22723      0.30984822      0.30984822
     9.24925      0.30861352      0.30861352
     9.27127      0.30738374      0.30738374
     9.29329      0.30615886      0.30615886
     9.31532      0.30493885      0.30493885
     9.33734      0.30372371      0.30372371
     9.35936      0.30251342      0.30251342
     9.38138      0.30130794      0.30130794
     9.40340      0.30010727      0.30010727
     9.42543      0.29891139      0.29891139
     9.44745      0.29772026      0.29772026
     9.46947      0.29653389      0.29653389
     9.49149      0.29535224      0.29535224
     9.51351      0.29417530      0.29417530
     9.53554      0.29300306      0.29300306
     9.55756      0.29183548      0.29183548
     9.57958      0.29067255      0.29067255
     9.60160      0.28951426      0.28951426
     9.62362      0.28836059      0.28836059
     9.64565      0.28721151      0.28721151
     9.66767      0.28606701      0.28606701
     9.68969      0.28492707      0.28492707
     9.71171      0.28379168      0.28379168
     9.73373      0.28266081      0.28266081
     9.75576      0.28153444      0.28153444
     9.77778      0.28041257      0.28041257
     9.79980      0.27929516      0.27929516
     9.82182      0.27818221      0.27818221
     9.84384      0.27707369      0.27707369
     9.86587      0.27596959      0.27596959
     9.88789      0.27486989      0.27486989
     9.90991      0.27377457      0.27377457
     9.93193      0.27268362      0.27268362
     9.95395      0.27159701      0.27159701
     9.97598      0.27051473      0.27051473
     9.99800      0.26943677      0.26943677
    10.02002      0.26836310      0.26836310
    10.04204      0.26729371      0.26729371
    10.06406      0.26622858      0.26622858
    10.08609      0.26516769      0.26516769
    10.10811      0.26411104      0.26411104
    10.13013      0.26305859      0.26305859
    10.15215      0.26201034      0.26201034
    10.17417      0.26096626      0.26096626
    10.19620      0.25992635      0.25992635
    10.21822      0.25889058      0.25889058
    10.24024      0.25785893      0.25785893
    10.26226      0.25683140      0.25683140
    10.28428      0.25580796      0.25580796
    10.30631      0.25478860      0.25478860
    10.32833      0.25377331      0.25377331
    10.35035      0.25276205      0.25276205
    10.37237      0.25175483      0.25175483
    10.39439      0.25075162      0.25075162
    10.41642      0.24975241      0.24975241
    10.43844      0.24875718      0.24875718
    10.46046      0.24776592      0.24776592
    10.48248      0.24677861      0.24677861
    10.50450      0.24579523      0.24579523
    10.52653      0.24481577      0.24481577
    10.54855      0.24384021      0.24384021
    10.57057      0.24286854      0.24286854
    10.59259      0.24190074      0.24190074
    10.61461      0.24093680      0.24093680
    10.63664      0.23997670      0.23997670
    10.65866      0.23902043      0.23902043
    10.68068      0.23806796      0.23806796
    10.70270      0.23711929      0.23711929
    10.72472      0.23617441      0.23617441
    10.74675      0.23523328      0.23523328
    10.76877      0.23429591      0.23429591
    10.79079      0.23336227      0.23336227
    10.81281      0.23243236      0.23243236
    10.83483      0.23150614      0.23150614
    10.85686      0.23058362      0.23058362
    10.87888      0.22966478      0.22966478
    10.90090      0.22874960      0.22874960
    10.92292      0.22783806      0.22783806
    10.94494      0.22693016      0.22693016
    10.96697      0.22602587      0.22602587
    10.98899      0.22512519      0.22512519
    11.01101      0.22422810      0.22422810
    11.03303      0.22333458      0.22333458
    11.05506      0.22244462      0.22244462
    11.07708      0.22155821      0.22155821
    11.09910      0.22067533      0.22067533
    11.12112      0.21979597      0.21979597
    11.14314      0.21892011      0.21892011
    11.16517      0.21804775      0.21804775
    11.18719      0.21717886      0.21717886
    11.20921      0.21631343      0.21631343
    11.23123      0.21545145      0.21545145
    11.25325      0.21459290      0.21459290
    11.27528      0.21373778      0.21373778
    11.29730      0.21288606      0.21288606
    11.31932      0.21203774      0.21203774
    11.34134      0.21119280      0.21119280
    11.36336      0.21035123      0.21035123
    11.38539      0.20951301      0.20951301
    11.40741      0.20867812      0.20867812
    11.42943      0.20784657      0.20784657
    11.45145      0.20701833      0.20701833
    11.47347      0.20619339      0.20619339
    11.49550      0.20537174      0.20537174
    11.51752      0.20455336      0.20455336
    11.53954      0.20373824      0.20373824
    11.56156      0.20292637      0.20292637
    11.58358      0.20211774      0.20211774
    11.60561      0.20131233      0.20131233
    11.62763      0.20051013      0.20051013
    11.64965      0.19971112      0.19971112
    11.67167      0.19891530      0.19891530
    11.69369      0.19812265      0.19812265
    11.71572      0.19733316      0.19733316
    11.73774      0.19654681      0.19654681
    11.75976      0.19576360      0.19576360
    11.78178      0.19498351      0.19498351
    11.80380      0.19420653      0.19420653
    11.82583      0.19343264      0.19343264
    11.84785      0.19266184      0.19266184
    11.86987      0.19189411      0.19189411
    11.89189      0.19112943      0.19112943
    11.91391      0.19036781      0.19036781
    11.93594      0.18960922      0.18960922
    11.95796      0.18885365      0.18885365
    11.97998      0.18810110      0.18810110
    12.00200      0.18735154      0.18735154
    12.02402      0.18660497      0.18660497
    12.04605      0.18586137      0.18586137
    12.06807      0.18512074      0.18512074
    12.09009      0.18438306      0.18438306
    12.11211      0.18364832      0.18364832
    12.13413      0.18291651      0.18291651
    12.15616      0.18218761      0.18218761
    12.17818      0.18146162      0.18146162
    12.20020      0.18073852      0.18073852
    12.22222      0.18001830      0.18001830
    12.24424      0.17930095      0.17930095
    12.26627      0.17858646      0.17858646
    12.28829      0.17787482      0.17787482
    12.31031      0.17716601      0.17716601
    12.33233      0.17646003      0.17646003
    12.35435      0.17575686      0.17575686
    12.37638      0.17505649      0.17505649
    12.39840      0.17435892      0.17435892
    12.42042      0.17366412      0.17366412
    12.44244      0.17297209      0.17297209
    12.46446      0.17228282      0.17228282
    12.48649      0.17159630      0.17159630
    12.50851      0.17091251      0.17091251
    12.53053      0.17023145      0.17023145
    12.55255      0.16955310      0.16955310
    12.57457      0.16887745      0.16887745
    12.59660      0.16820450      0.16820450
    12.61862      0.16753423      0.16753423
    12.64064      0.16686663      0.16686663
    12.66266      0.16620168      0.16620168
    12.68468      0.16553939      0.16553939
    12.70671      0.16487974      0.16487974
    12.72873      0.16422272      0.16422272
    12.75075      0.16356831      0.16356831
    12.77277      0.16291652      0.16291652
    12.79479      0.16226732      0.16226732
    12.81682      0.16162070      0.16162070
    12.83884      0.16097667      0.16097667
    12.86086      0.16033520      0.16033520
    12.88288      0.15969628      0.15969628
    12.90490      0.15905991      0.15905991
    12.92693      0.15842608      0.15842608
    12.94895      0.15779478      0.15779478
    12.97097      0.15716599      0.15716599
    12.99299      0.15653970      0.15653970
    13.01502      0.15591591      0.15591591
    13.03704      0.15529461      0.15529461
    13.05906      0.15467578      0.15467578
    13.08108      0.15405942      0.15405942
    13.10310      0.15344551      0.15344551
    13.12513      0.15283405      0.15283405
    13.14715      0.15222503      0.15222503
    13.16917      0.15161843      0.15161843
    13.19119      0.15101426      0.15101426
    13.21321      0.15041248      0.15041248
    13.23524      0.14981311      0.14981311
    13.25726      0.14921613      0.14921613
    13.27928      0.14862152      0.14862152
    13.30130      0.14802928      0.14802928
    13.32332      0.14743941      0.14743941
    13.34535      0.14685188      0.14685188
    13.36737      0.14626670      0.14626670
    13.38939      0.14568384      0.14568384
    13.41141      0.14510331      0.14510331
    13.43343      0.14452510      0.14452510
    13.45546      0.14394918      0.14394918
    13.47748      0.14337557      0.14337557
    13.49950      0.14280423      0.14280423
    13.52152      0.14223518      0.14223518
    13.54354      0.14166839      0.14166839
    13.56557      0.14110386      0.14110386
    13.58759      0.14054158      0.14054158
    13.60961      0.13998154      0.13998154
    13.63163      0.13942374      0.13942374
    13.65365      0.13886815      0.13886815
    13.67568      0.13831478      0.13831478
    13.69770      0.13776362      0.13776362
    13.71972      0.13721465      0.13721465
    13.74174      0.13666786      0.13666786
    13.76376      0.13612326      0.13612326
    13.78579      0.13558083      0.13558083
    13.80781      0.13504056      0.13504056
    13.82983      0.13450244      0.13450244
    13.85185      0.13396647      0.13396647
    13.87387      0.13343263      0.13343263
    13.89590      0.13290092      0.13290092
    13.91792      0.13237133      0.13237133
    13.93994      0.13184384      0.13184384
    13.96196      0.13131846      0.13131846
    13.98398      0.13079518      0.13079518
    14.00601      0.13027398      0.13027398
    14.02803      0.12975485      0.12975485
    14.05005      0.12923780      0.12923780
    14.07207      0.12872280      0.12872280
    14.09409      0.12820986      0.12820986
    14.11612      0.12769896      0.12769896
    14.13814      0.12719010      0.12719010
    14.16016      0.12668326      0.12668326
    14.18218      0.12617845      0.12617845
    14.20420      0.12567564      0.12567564
    14.22623      0.12517484      0.12517484
    14.24825      0.12467604      0.12467604
    14.27027      0.12417922      0.12417922
    14.29229      0.12368438      0.12368438
    14.31431      0.12319152      0.12319152
    14.33634      0.12270062      0.12270062
    14.35836      0.12221167      0.12221167
    14.38038      0.12172468      0.12172468
    14.40240      0.12123962      0.12123962
    14.42442      0.12075650      0.12075650
    14.44645      0.12027530      0.12027530
    14.46847      0.11979602      0.11979602
    14.49049      0.11931865      0.11931865
    14.51251      0.11884318      0.11884318
    14.53453      0.11836960      0.11836960
    14.55656      0.11789792      0.11789792
    14.57858      0.11742811      0.11742811
    14.60060      0.11696018      0.11696018
    14.62262      0.11649411      0.11649411
    14.64464      0.11602989      0.11602989
    14.66667      0.11556753      0.11556753
    14.68869      0.11510701      0.11510701
    14.71071      0.11464832      0.11464832
    14.73273      0.11419146      0.11419146
    14.75475      0.11373643      0.11373643
    14.77678      0.11328320      0.11328320
    14.79880      0.11283178      0.11283178
    14.82082      0.11238217      0.11238217
    14.84284      0.11193434      0.11193434
    14.86486      0.11148829      0.11148829
    14.88689      0.11104403      0.11104403
    14.90891      0.11060153      0.11060153
    14.93093      0.11016080      0.11016080
    14.95295      0.10972183      0.10972183
    14.97497      0.10928460      0.10928460
    14.99700      0.10884912      0.10884912
    15.01902      0.10841537      0.10841537
    15.04104      0.10798335      0.10798335
    15.06306      0.10755305      0.10755305
    15.08509      0.10712446      0.10712446
    15.10711      0.10669759      0.10669759
    15.12913      0.10627241      0.10627241
    15.15115      0.10584893      0.10584893
    15.17317      0.10542714      0.10542714
    15.19520      0.10500702      0.10500702
    15.21722      0.10458859      0.10458859
    15.23924      0.10417181      0.10417181
    15.26126      0.10375670      0.10375670
    15.28328      0.10334325      0.10334325
    15.30531      0.10293144      0.10293144
    15.32733      0.10252127      0.10252127
    15.34935      0.10211274      0.10211274
    15.37137      0.10170583      0.10170583
    15.39339      0.10130055      0.10130055
    15.41542      0.10089688      0.10089688
    15.43744      0.10049482      0.10049482
    15.45946      0.10009436      0.10009436
    15.48148      0.09969550      0.09969550
    15.50350      0.09929823      0.09929823
    15.52553      0.09890254      0.09890254
    15.54755      0.09850842      0.09850842
    15.56957      0.09811588      0.09811588
    15.59159      0.09772490      0.09772490
    15.61361      0.09733548      0.09733548
    15.63564      0.09694761      0.09694761
    15.65766      0.09656129      0.09656129
    15.67968      0.09617651      0.09617651
    15.70170      0.09579326      0.09579326
    15.72372      0.09541153      0.09541153
    15.74575      0.09503133      0.09503133
    15.76777      0.09465264      0.09465264
    15.78979      0.09427547      0.09427547
    15.81181      0.09389979      0.09389979
    15.83383      0.09352561      0.09352561
    15.85586      0.09315293      0.09315293
    15.87788      0.09278173      0.09278173
    15.89990      0.09241200      0.09241200
    15.92192      0.09204375      0.09204375
    15.94394      0.09167697      0.09167697
    15.96597      0.09131165      0.09131165
    15.98799      0.09094779      0.09094779
    16.01001      0.09058537      0.09058537
    16.03203      0.09022440      0.09022440
    16.05405      0.08986487      0.08986487
    16.07608      0.08950677      0.08950677
    16.09810      0.08915010      0.08915010
    16.12012      0.08879485      0.08879485
    16.14214      0.08844101      0.08844101
    16.16416      0.08808859      0.08808859
    16.18619      0.08773757      0.08773757
    16.20821      0.08738794      0.08738794
    16.23023      0.08703972      0.08703972
    16.25225      0.08669287      0.08669287
    16.27427      0.08634741      0.08634741
    16.29630      0.08600333      0.08600333
    16.31832      0.08566062      0.08566062
    16.34034      0.08531927      0.08531927
    16.36236      0.08497929      0.08497929
    16.38438      0.08464066      0.08464066
    16.40641      0.08430338      0.08430338
    16.42843      0.08396744      0.08396744
    16.45045      0.08363284      0.08363284
    16.47247      0.08329958      0.08329958
    16.49449      0.08296764      0.08296764
    16.51652      0.08263702      0.08263702
    16.53854      0.08230773      0.08230773
    16.56056      0.08197974      0.08197974
    16.58258      0.08165306      0.08165306
    16.60460      0.08132769      0.08132769
    16.62663      0.08100361      0.08100361
    16.64865      0.08068082      0.08068082
    16.67067      0.08035932      0.08035932
    16.69269      0.08003910      0.08003910
    16.71471      0.07972015      0.07972015
    16.73674      0.07940248      0.07940248
    16.75876      0.07908607      0.07908607
    16.78078      0.07877092      0.07877092
    16.80280      0.07845703      0.07845703
    16.82482      0.07814439      0.07814439
    16.84685      0.07783299      0.07783299
    16.86887      0.07752284      0.07752284
    16.89089      0.07721392      0.07721392
    16.91291      0.07690624      0.07690624
    16.93493      0.07659978      0.07659978
    16.95696      0.07629454      0.07629454
    16.97898      0.07599051      0.07599051
    17.00100      0.07568770      0.07568770
    17.02302      0.07538610      0.07538610
    17.04505      0.07508569      0.07508569
    17.06707      0.07478649      0.07478649
    17.08909      0.07448847      0.07448847
    17.11111      0.07419165      0.07419165
    17.13313      0.07389600      0.07389600
    17.15516      0.07360154      0.07360154
    17.17718      0.07330824      0.07330824
    17.19920      0.07301612      0.07301612
    17.22122      0.07272516      0.07272516
    17.24324      0.07243536      0.07243536
    17.26527      0.07214672      0.07214672
    17.28729      0.07185922      0.07185922
    17.30931      0.07157287      0.07157287
    17.33133      0.07128766      0.07128766
    17.35335      0.07100359      0.07100359
    17.37538      0.07072065      0.07072065
    17.39740      0.07043884      0.07043884
    17.41942      0.07015815      0.07015815
    17.44144      0.06987858      0.06987858
    17.46346      0.06960013      0.06960013
    17.48549      0.06932278      0.06932278
    17.50751      0.06904654      0.06904654
    17.52953      0.06877140      0.06877140
    17.55155      0.06849735      0.06849735
    17.57357      0.06822440      0.06822440
    17.59560      0.06795253      0.06795253
    17.61762      0.06768175      0.06768175
    17.63964      0.06741205      0.06741205
    17.66166      0.06714342      0.06714342
    17.68368      0.06687586      0.06687586
    17.70571      0.06660937      0.06660937
    17.72773      0.06634394      0.06634394
    17.74975      0.06607957      0.06607957
    17.77177      0.06581625      0.06581625
    17.79379      0.06555399      0.06555399
    17.81582      0.06529276      0.06529276
    17.83784      0.06503258      0.06503258
    17.85986      0.06477343      0.06477343
    17.88188      0.06451532      0.06451532
    17.90390      0.06425823      0.06425823
    17.92593      0.06400217      0.06400217
    17.94795      0.06374713      0.06374713
    17.96997      0.06349311      0.06349311
    17.99199      0.06324010      0.06324010
    18.01401      0.06298810      0.06298810
    18.03604      0.06273710      0.06273710
    18.05806      0.06248710      0.06248710
    18.08008      0.06223810      0.06223810
    18.10210      0.06199009      0.06199009
    18.12412      0.06174306      0.06174306
    18.14615      0.06149703      0.06149703
    18.16817      0.06125197      0.06125197
    18.19019      0.06100789      0.06100789
    18.21221      0.06076478      0.06076478
    18.23423      0.06052264      0.06052264
    18.25626      0.06028147      0.06028147
    18.27828      0.06004125      0.06004125
    18.30030      0.05980200      0.05980200
    18.32232      0.05956369      0.05956369
    18.34434      0.05932634      0.05932634
    18.36637      0.05908993      0.05908993
    18.38839      0.05885447      0.05885447
    18.41041      0.05861994      0.05861994
    18.43243      0.05838635      0.05838635
    18.45445      0.05815369      0.05815369
    18.47648      0.05792195      0.05792195
    18.49850      0.05769114      0.05769114
    18.52052      0.05746125      0.05746125
    18.54254      0.05723227      0.05723227
    18.56456      0.05700421      0.05700421
    18.58659      0.05677706      0.05677706
    18.60861      0.05655081      0.05655081
    18.63063      0.05632546      0.05632546
    18.65265      0.05610101      0.05610101
    18.67467      0.05587746      0.05587746
    18.69670      0.05565479      0.05565479
    18.71872      0.05543302      0.05543302
    18.74074      0.05521212      0.05521212
    18.76276      0.05499211      0.05499211
    18.78478      0.05477298      0.05477298
    18.80681      0.05455471      0.05455471
    18.82883      0.05433732      0.05433732
    18.85085      0.05412079      0.05412079
    18.87287      0.05390513      0.05390513
    18.89489      0.05369032      0.05369032
    18.91692      0.05347638      0.05347638
    18.93894      0.05326328      0.05326328
    18.96096      0.05305103      0.05305103
    18.98298      0.05283963      0.05283963
    19.00501      0.05262907      0.05262907
    19.02703      0.05241935      0.05241935
    19.04905      0.05221047      0.05221047
    19.07107      0.05200242      0.05200242
    19.09309      0.05179519      0.05179519
    19.11512      0.05158880      0.05158880
    19.13714      0.05138322      0.05138322
    19.15916      0.05117847      0.05117847
    19.18118      0.05097453      0.05097453
    19.20320      0.05077140      0.05077140
    19.22523      0.05056909      0.05056909
    19.24725      0.05036757      0.05036757
    19.26927      0.05016687      0.05016687
    19.29129      0.04996696      0.04996696
    19.31331      0.04976785      0.04976785
    19.33534      0.04956953      0.04956953
    19.35736      0.04937200      0.04937200
    19.37938      0.04917526      0.04917526
    19.40140      0.04897930      0.04897930
    19.42342      0.04878413      0.04878413
    19.44545      0.04858973      0.04858973
    19.46747      0.04839611      0.04839611
    19.48949      0.04820325      0.04820325
    19.51151      0.04801117      0.04801117
    19.53353      0.04781985      0.04781985
    19.55556      0.04762930      0.04762930
    19.57758      0.04743950      0.04743950
    19.59960      0.04725046      0.04725046
    19.62162      0.04706218      0.04706218
    19.64364      0.04687464      0.04687464
    19.66567      0.04668785      0.04668785
    19.68769      0.04650181      0.04650181
    19.70971      0.04631650      0.04631650
    19.73173      0.04613194      0.04613194
    19.75375      0.04594811      0.04594811
    19.77578      0.04576501      0.04576501
    19.79780      0.04558264      0.04558264
    19.81982      0.04540100      0.04540100
    19.84184      0.04522009      0.04522009
    19.86386      0.04503989      0.04503989
    19.88589      0.04486041      0.04486041
    19.90791      0.04468165      0.04468165
    19.92993      0.04450360      0.04450360
    19.95195      0.04432626      0.04432626
    19.97397      0.04414962      0.04414962
    19.99600      0.04397369      0.04397369
    20.01802      0.04379846      0.04379846
    20.04004      0.04362393      0.04362393
    20.06206      0.04345010      0.04345010
    20.08408      0.04327696      0.04327696
    20.10611      0.04310450      0.04310450
    20.12813      0.04293274      0.04293274
    20.15015      0.04276166      0.04276166
    20.17217      0.04259126      0.04259126
    20.19419      0.04242154      0.04242154
    20.21622      0.04225249      0.04225249
    20.23824      0.04208412      0.04208412
    20.26026      0.04191642      0.04191642
    20.28228      0.04174939      0.04174939
    20.30430      0.04158303      0.04158303
    20.32633      0.04141732      0.04141732
    20.34835      0.04125228      0.04125228
    20.37037      0.04108790      0.04108790
    20.39239      0.04092417      0.04092417
    20.41441      0.04076109      0.04076109
    20.43644      0.04059866      0.04059866
    20.45846      0.04043688      0.04043688
    20.48048      0.04027575      0.04027575
    20.50250      0.04011525      0.04011525
    20.52452      0.03995540      0.03995540
    20.54655      0.03979618      0.03979618
    20.56857      0.03963760      0.03963760
    20.59059      0.03947965      0.03947965
    20.61261      0.03932233      0.03932233
    20.63463      0.03916563      0.03916563
    20.65666      0.03900956      0.03900956
    20.67868      0.03885412      0.03885412
    20.70070      0.03869929      0.03869929
    20.72272      0.03854508      0.03854508
    20.74474      0.03839148      0.03839148
    20.76677      0.03823850      0.03823850
    20.78879      0.03808612      0.03808612
    20.81081      0.03793435      0.03793435
    20.83283      0.03778319      0.03778319
    20.85485      0.03763263      0.03763263
    20.87688      0.03748267      0.03748267
    20.89890      0.03733330      0.03733330
    20.92092      0.03718454      0.03718454
    20.94294      0.03703636      0.03703636
    20.96496      0.03688878      0.03688878
    20.98699      0.03674178      0.03674178
    21.00901      0.03659537      0.03659537
    21.03103      0.03644954      0.03644954
    21.05305      0.03630429      0.03630429
    21.07508      0.03615963      0.03615963
    21.09710      0.03601554      0.03601554
    21.11912      0.03587202      0.03587202
    21.14114      0.03572907      0.03572907
    21.16316      0.03558670      0.03558670
    21.18519      0.03544489      0.03544489
    21.20721      0.03530365      0.03530365
    21.22923      0.03516297      0.03516297
    21.25125      0.03502285      0.03502285
    21.27327      0.03488329      0.03488329
    21.29530      0.03474428      0.03474428
    21.31732      0.03460583      0.03460583
    21.33934      0.03446793      0.03446793
    21.36136      0.03433058      0.03433058
    21.38338      0.03419378      0.03419378
    21.40541      0.03405752      0.03405752
    21.42743      0.03392181      0.03392181
    21.44945      0.03378663      0.03378663
    21.47147      0.03365200      0.03365200
    21.49349      0.03351790      0.03351790
    21.51552      0.03338433      0.03338433
    21.53754      0.03325130      0.03325130
    21.55956      0.03311880      0.03311880
    21.58158      0.03298683      0.03298683
    21.60360      0.03285538      0.03285538
    21.62563      0.03272445      0.03272445
    21.64765      0.03259405      0.03259405
    21.66967      0.03246417      0.03246417
    21.69169      0.03233480      0.03233480
    21.71371      0.03220595      0.03220595
    21.73574      0.03207762      0.03207762
    21.75776      0.03194979      0.03194979
    21.77978      0.03182248      0.03182248
    21.80180      0.03169567      0.03169567
    21.82382      0.03156937      0.03156937
    21.84585      0.03144357      0.03144357
    21.86787      0.03131827      0.03131827
    21.88989      0.03119347      0.03119347
    21.91191      0.03106917      0.03106917
    21.93393      0.03094536      0.03094536
    21.95596      0.03082205      0.03082205
    21.97798      0.03069923      0.03069923
    22.00000      0.03057689      0.03057689

Confidence Intervals:
A1 : [--- ; ---] Cnts
t1 : [--- ; ---] ns
Shift IRF : [--- ; ---] ns
